name,department,reason
"Lymio Casual Shirt for Men|| Shirt for Men|| Men Stylish Shirt || Men Printed Shirt (Patta)","fashion","Duplicate product title fingerprint"
"Lymio Casual Shirt for Men|| Shirt for Men|| Men Stylish Shirt || Men Printed Shirt (Karrey)","fashion","Duplicate product title fingerprint"
"Lymio Casual Shirt for Men|| Shirt for Men|| Men Stylish Shirt || Men Printed Shirt (Mistry)","fashion","Duplicate product title fingerprint"
"Lyriq Casual Shirt for Men|| Shirt for Men|| Men Stylish Shirt || Men Printed Shirt","fashion","Duplicate product title fingerprint"
"Lyriq Casual Shirt for Men|| Shirt for Men|| Men Stylish Shirt || Men Printed Shirt","fashion","Duplicate product title fingerprint"
"Amazon Brand - Inkast Denim Co. Men Casual Shirt","fashion","Duplicate product title fingerprint"
"Allen Solly Men's Slim Fit Shirt","fashion","Duplicate product title fingerprint"
"Amazon Brand - Inkast Denim Co. Men's Slim Fit Casual Shirt","fashion","Duplicate product title fingerprint"
"Lymio Casual Shirt for Men|| Shirt for Men|| Men Stylish Shirt || Men Printed Shirt (Squre)","fashion","Duplicate product title fingerprint"
"Lymio Casual Shirt for Men|| Shirt for Men|| Men Stylish Shirt || Men Printed Shirt (Beach Blue,Red,Rama)","fashion","Duplicate product title fingerprint"
"Dennis Lingo Men Casual Shirts","fashion","Duplicate product title fingerprint"
"Lyriq Casual Shirt for Men|| Shirt for Men|| Men Stylish Shirt || Men Printed Shirt","fashion","Duplicate product title fingerprint"
"Amazon Brand - Inkast Denim Co. Men's Slim Fit Casual Shirt","fashion","Duplicate product title fingerprint"
"Lymio Casual Shirt for Men|| Shirt for Men|| Men Stylish Shirt || Men Printed Shirt (Wedding)","fashion","Duplicate product title fingerprint"
"Amazon Brand - Inkast Denim Co. Men's Slim Fit Casual Shirt","fashion","Duplicate product title fingerprint"
"Lyriq Shirt for Men || Casual Shirt for Men || Men Stylish Shirt || Men Printed Shirt","fashion","Duplicate product title fingerprint"
"Diverse Men's Regular Fit Formal Shirt","fashion","Duplicate product title fingerprint"
"Lyriq Shirt for Men || Casual Shirt for Men || Men Stylish Shirt || Men Printed Shirt","fashion","Duplicate product title fingerprint"
"Amazon Brand - Symbol Men's Regular Casual Shirt","fashion","Duplicate product title fingerprint"
"Amazon Brand - Symbol Men's Regular Casual Shirt","fashion","Duplicate product title fingerprint"
"IndoPrimo Men's Poly Cotton Casual Shirt for Men Half Sleeves","fashion","Duplicate product title fingerprint"
"LookMark Men Printed Shirt","fashion","Duplicate product title fingerprint"
"Lyriq Shirt for Men || Casual Shirt for Men || Men Stylish Shirt || Men Printed Shirt","fashion","Duplicate product title fingerprint"
"Van Heusen Men Shirt","fashion","Duplicate product title fingerprint"
"Van Heusen Men Shirt","fashion","Duplicate product title fingerprint"
"Van Heusen Men Formal Shirt","fashion","Duplicate product title fingerprint"
"Van Heusen Men Formal Shirt","fashion","Duplicate product title fingerprint"
"Lymio Casual Shirt for Men|| Shirt for Men|| Men Stylish Shirt || Men Printed Shirt (Big Pan)","fashion","Duplicate product title fingerprint"
"Amazon Brand - Symbol Men Shirt","fashion","Duplicate product title fingerprint"
"The Indian Garage Co Men's Slim Fit Shirt","fashion","Duplicate product title fingerprint"
"ACCOX Men's Long Full Sleeves Regular Fit Cotton Linen Formal Plain Shirts(GCR55)","fashion","Duplicate product title fingerprint"
"ACCOX Men's Full/Long Sleeves Formal Regular Fit Cotton Linen Plain Shirt (GCRFS27) Maroon","fashion","Duplicate product title fingerprint"
"IndoPrimo Men's Cotton Casual Shirt for Men Full Sleeves","fashion","Duplicate product title fingerprint"
"LEWEL Men's Hooded Stylish Checkered Full Sleeve Shirt White","fashion","Duplicate product title fingerprint"
"Diverse Men's Regular Fit Formal Shirt","fashion","Duplicate product title fingerprint"
"IndoPrimo Men's Regular Fit Casual Shirt","fashion","Duplicate product title fingerprint"
"LEWEL Men's Hooded Stylish Checkered Half Sleeve Shirt White","fashion","Duplicate product title fingerprint"
"LookMark Men's Poly Cotton Digital Printed Half Sleeve Shirt","fashion","Duplicate product title fingerprint"
"Lymio Casual Shirt for Men|| Shirt for Men|| Men Stylish Shirt || Men Printed Shirt (Sheded Rose)","fashion","Duplicate product title fingerprint"
"U.S. POLO ASSN. Men Shirt","fashion","Duplicate product title fingerprint"
"Lyriq Shirt for Men || Casual Shirt for Men || Men Stylish Shirt || Men Printed Shirt","fashion","Duplicate product title fingerprint"
"LEWEL Men's Hooded Stylish Checkered Full Sleeve Shirt Black","fashion","Duplicate product title fingerprint"
"Dennis Lingo Men Shirt","fashion","Duplicate product title fingerprint"
"ACCOX Men's Long Full Sleeves Regular Fit Cotton Linen Formal Plain Shirts(GCR53)","fashion","Duplicate product title fingerprint"
"Amazon Brand - Symbol Men Casual Shirt","fashion","Duplicate product title fingerprint"
"LookMark Men's Poly Cotton Lining Digital Printed Stitched Half Sleeve Shirt(Printed Shirt Veg_Beige_XL)","fashion","Duplicate product title fingerprint"
"Dennis Lingo Men's Checkered Slim Fit Casual Shirt","fashion","Duplicate product title fingerprint"
"Peter England Men's Regular Fit Shirt","fashion","Missing both actual and discount prices"
"U.S. POLO ASSN. Men Men's Casual Shirts","fashion","Duplicate product title fingerprint"
"Arrow Men Shirt","fashion","Duplicate product title fingerprint"
"ACCOX Men's Half Sleeves Formal Regular Fit Cotton Linen Shirt(GC309)","fashion","Duplicate product title fingerprint"
"Amazon Brand - Arthur Harvey Men Shirt","fashion","Duplicate product title fingerprint"
"Levi's Men's Slim Fit Shirt","fashion","Duplicate product title fingerprint"
"ACCOX Men's Half Sleeves Formal Regular Fit Cotton Linen Shirt(Ocean Blue,GO524) (46)","fashion","Duplicate product title fingerprint"
"UATHAYAM Double Delight Cotton Full Sleeve Solid Slim Fit White Formal Shirt for Men (Pack of 2)","fashion","Duplicate ASIN"
"Dennis Lingo Men's Cotton Big Check Slim Fit Casual Shirt","fashion","Duplicate ASIN"
"ACCOX Men's Full/Long Sleeves Formal Regular Fit Plain Cotton Linen Shirt(GO579)","fashion","Duplicate product title fingerprint"
"Peter England Men Shirt","fashion","Duplicate product title fingerprint"
"Dennis Lingo Men's Checkered Slim fit Casual Shirt","fashion","Duplicate product title fingerprint"
"Arrow Men Shirt","fashion","Duplicate product title fingerprint"
"mahek Fashion Printed Half Sleeve Lycra Shirt for Men","fashion","Duplicate ASIN"
"Amazon Brand - Symbol Men's Regular Fit Shirt","fashion","Duplicate product title fingerprint"
"Amazon Brand - Symbol Men Formal Shirt","fashion","Duplicate product title fingerprint"
"U.S. POLO ASSN. Men's Slim Fit Button Down Shirt","fashion","Duplicate product title fingerprint"
"Peter England Men Shirt","fashion","Duplicate product title fingerprint"
"GRITSTONES Men's Regular FiT-Shirt","fashion","Duplicate product title fingerprint"
"HammerSmith Men Shirt","fashion","Duplicate product title fingerprint"
"Lyriq Casual Shirt for Men|| Shirt for Men|| Men Stylish Shirt || Men Printed Shirt","fashion","Duplicate product title fingerprint"
"ACCOX Men's Long Full Sleeves Regular Fit Cotton Linen Formal Plain Shirts(GCR52)","fashion","Duplicate product title fingerprint"
"Raymond Men Shirt","fashion","Duplicate product title fingerprint"
"ACCOX Men's Full/Long Sleeves Formal Regular Fit Cotton Linen Plain Shirt (GCRFS24)","fashion","Duplicate product title fingerprint"
"Amazon Brand - Symbol Men Formal Shirt","fashion","Duplicate product title fingerprint"
"Arrow Men Shirt","fashion","Duplicate product title fingerprint"
"Raymond Men Shirt","fashion","Duplicate product title fingerprint"
"Arrow Men Mint Sleeve Solid Formal Shirt","fashion","Duplicate ASIN"
"Van Heusen Men Formal Shirt","fashion","Duplicate product title fingerprint"
"ACCOX Men's Long Full Sleeves Regular Fit Cotton Linen Formal Plain Shirts(GCR51)","fashion","Duplicate product title fingerprint"
"Diverse Men's Regular Fit Formal Shirt","fashion","Duplicate product title fingerprint"
"Levi's Men's Slim Fit Shirt","fashion","Duplicate product title fingerprint"
"ACCOX Men's Half Sleeves Formal Regular Fit Cotton Linen Shirt(Ocean Blue,GO524)","fashion","Duplicate product title fingerprint"
"Amazon Brand - Inkast Denim Co. Men Casual Shirt","fashion","Duplicate product title fingerprint"
"Dennis Lingo Men Shirt","fashion","Duplicate product title fingerprint"
"IndoPrimo Men's Regular Fit Casual Shirt","fashion","Duplicate product title fingerprint"
"Amazon Brand - Symbol Men's Regular Fit Casual Shirt","fashion","Duplicate product title fingerprint"
"Raymond Men Shirt","fashion","Duplicate product title fingerprint"
"Raymond Men Shirt","fashion","Duplicate product title fingerprint"
"STYLE MINISTRY Styleministry 100% Giza Cotton Formal Shirts for Men Stylish Latest Full Sleeve Slim Fit Mens Shirt Cotton ...","fashion","Missing both actual and discount prices"
"Diverse Men's Regular Fit Formal Shirt","fashion","Duplicate product title fingerprint"
"Peter England Men Shirt","fashion","Duplicate product title fingerprint"
"ACCOX Men's Full/Long Sleeves Formal Regular Fit Cotton Linen Plain Shirt (GCRFS22)","fashion","Duplicate product title fingerprint"
"GRITSTONES Men's Regular Fit Casual Shirt","fashion","Duplicate ASIN"
"Peter England Men Shirt","fashion","Duplicate product title fingerprint"
"GHPC 100% Cotton Big/Buffalo Checks Full Sleeves Regular Fit Formal Shirt for Men","fashion","Duplicate ASIN"
"Dennis Lingo Men's Cotton Slim Fit Casual Shirt","fashion","Duplicate ASIN"
"Diverse Men Formal Shirt","fashion","Duplicate product title fingerprint"
"ACCOX Men's Full/Long Sleeves Formal Regular Fit Cotton Linen Plain Shirt (GCRFS29)","fashion","Duplicate product title fingerprint"
"ACCOX Men's Half Sleeves Formal Regular Fit Cotton Check Shirt(Multi,GC177)","fashion","Duplicate product title fingerprint"
"Diverse Men Formal Shirt","fashion","Duplicate product title fingerprint"
"Raymond Men Shirt","fashion","Duplicate product title fingerprint"
"Amazon Brand - Symbol Men's Regular Shirt","fashion","Duplicate product title fingerprint"
"ACCOX Men's Half Sleeves Formal Regular Fit Cotton Check Shirt(Green,GO534)","fashion","Duplicate product title fingerprint"
"Dennis Lingo Men's Striped Slim Fit Cotton Casual Shirt with Button Down Collar & Full Sleeves","fashion","Duplicate product title fingerprint"
"U.S. POLO ASSN. Men's Slim Fit Button Down Shirt","fashion","Duplicate product title fingerprint"
"ACCOX Men's Striped Full Long Sleeves Regular Fit Cotton Formal Checkred Shirts(GCR71)","fashion","Duplicate ASIN"
"Van Heusen Men's Loose Fit Formal Shirt","fashion","Duplicate product title fingerprint"
"Arrow Men's Regular Fit Shirts","fashion","Missing both actual and discount prices"
"Allen Solly Men's Slim Fit Shirt","fashion","Duplicate product title fingerprint"
"Arrow Men's Slim Fit Shirt","fashion","Duplicate product title fingerprint"
"Levi's Men's Slim Fit Shirt","fashion","Duplicate product title fingerprint"
"ACCOX Men's Half Sleeves Regular Fit Cotton Formal Checkred Shirts(GCR49)","fashion","Duplicate product title fingerprint"
"Levi's Men Shirt","fashion","Duplicate product title fingerprint"
"Amazon Brand - House & Shields Men's Regular Casual Shirt","fashion","Duplicate product title fingerprint"
"Diverse Men Casual Shirts","fashion","Duplicate ASIN"
"Amazon Brand - Symbol Men Casual Shirt","fashion","Duplicate product title fingerprint"
"Van Heusen Men's Loose Fit Formal Shirt","fashion","Duplicate product title fingerprint"
"Arrow Men Shirt","fashion","Duplicate product title fingerprint"
"HARPITA Men’s Night Suit Regular Fit for Casual Wear | Digital Printed | Half Sleeve | Latest Stylish Loungewear Crafted w...","fashion","Duplicate ASIN"
"United Colors of Benetton Men's Printed Slim Fit Casual Shirt(Colors & Print May Vary)","fashion","Duplicate ASIN"
"Amazon Brand - Symbol Men's Regular Fit Casual Shirt","fashion","Duplicate product title fingerprint"
"Dennis Lingo Men's Cotton Solid Slim Fit Casual Shirt with Pocket, Roll Up Full Sleeve Shirt for Formal & Casual Wear","fashion","Duplicate product title fingerprint"
"Dennis Lingo Men's Cotton Slim Fit Casual Shirt","fashion","Duplicate product title fingerprint"
"Amazon Brand - Symbol Men's Regular Fit T-Shirt","fashion","Duplicate product title fingerprint"
"Allen Solly Men's Regular Fit Polo","fashion","Duplicate product title fingerprint"
"Allen Solly Men's Regular Fit Polo","fashion","Duplicate product title fingerprint"
"LEOTUDE NEON Green Cotton Blend Half Sleeve Printed Oversized T-Shirts for Men","fashion","Duplicate ASIN"
"LEOTUDE Cotton Blend Half Sleeve Back Print Oversized T-Shirts for Men","fashion","Duplicate product title fingerprint"
"Amazon Brand - Symbol Men's Regular Polo Shirt","fashion","Duplicate product title fingerprint"
"Jump Cuts Mens Printed Round Neck Full Sleeve Black and Olive Cotton Slim Fit T-Shirt","fashion","Duplicate product title fingerprint"
"Levi's Men's Regular Fit T-Shirt","fashion","Duplicate product title fingerprint"
"Amazon Brand - Symbol Men's Regular Fit T-Shirt","fashion","Duplicate product title fingerprint"
"Jump Cuts Mens Printed Round Neck Full Sleeve Black and Green Cotton Blend Boxy Fit T-Shirt","fashion","Duplicate product title fingerprint"
"Jump Cuts Mens Printed Round Neck Full Sleeve Black and White Cotton Slim Fit T-Shirt","fashion","Duplicate product title fingerprint"
"Amazon Brand - Symbol Men's Regular Fit T-Shirt","fashion","Duplicate product title fingerprint"
"LEOTUDE Cotton Blend Half Sleeve Back Print Oversized T-Shirts for Men","fashion","Duplicate product title fingerprint"
"QUADA Compression Swimming t Shirt Full Sleevs for Men","fashion","Duplicate product title fingerprint"
"Reebok Men's Slim Fit T-Shirts","fashion","Duplicate product title fingerprint"
"fanideaz Men’s Cotton Half Sleeve Striped Polo T-Shirts","fashion","Duplicate product title fingerprint"
"LEOTUDE Cotton Blend Half Sleeve Printed Oversized T-Shirts for Men","fashion","Duplicate product title fingerprint"
"Levi's Men's Regular Fit T-Shirt","fashion","Duplicate product title fingerprint"
"U.S. POLO ASSN. Men's Regular Fit T-Shirt","fashion","Duplicate product title fingerprint"
"Amazon Brand - Symbol Men's Regular Fit T-Shirt","fashion","Duplicate product title fingerprint"
"Van Heusen Men's Regular Fit Polo Shirt","fashion","Duplicate product title fingerprint"
"Veirdo Men Loose Fit T-Shirt","fashion","Duplicate product title fingerprint"
"U.S. POLO ASSN. Men's Regular T-Shirt","fashion","Duplicate product title fingerprint"
"Reebok Men's Regular Fit Polo Shirt","fashion","Duplicate product title fingerprint"
"Levi's Men's Regular Fit T-Shirt","fashion","Duplicate product title fingerprint"
"LEOTUDE Men's Oversized Cottonblend Round Neck T-Shirt(Color: Brown)","fashion","Duplicate product title fingerprint"
"Puma Men's Regular Fit T-Shirt","fashion","Duplicate product title fingerprint"
"Levi's Men's Regular Fit T-Shirt","fashion","Duplicate product title fingerprint"
"Levi's Men's 026 V-Neck Cotton T-Shirt with Smartskin Technology (Pack of 2)","fashion","Duplicate product title fingerprint"
"Levi's Men T-Shirt","fashion","Duplicate product title fingerprint"
"U.S. POLO ASSN. Men Men's T-Shirts & Polos","fashion","Duplicate product title fingerprint"
"Levi's Men T-Shirt","fashion","Duplicate product title fingerprint"
"Jack & Jones Men's Slim T-Shirt","fashion","Duplicate product title fingerprint"
"Jack & Jones Men's Slim T-Shirt","fashion","Duplicate product title fingerprint"
"U.S. POLO ASSN. Men's Regular T-Shirt","fashion","Duplicate product title fingerprint"
"U.S. POLO ASSN. Men Men's T-Shirts & Polos","fashion","Duplicate product title fingerprint"
"Wrangler Men's Slim Fit T-Shirt","fashion","Duplicate product title fingerprint"
"Bigbanana Plus Size Men's Regular Fit Polo","fashion","Duplicate product title fingerprint"
"LEOTUDE Men's Regular Fit Half Sleeve Matty Polo T-Shirt (Color Navy Maroon)","fashion","Duplicate product title fingerprint"
"fanideaz Men’s Cotton Half Sleeve Striped Polo T-Shirts","fashion","Duplicate product title fingerprint"
"Elk Unisex T-Shirt","fashion","Duplicate ASIN"
"EYEBOGLER Men's Regular Fit T-Shirt","fashion","Duplicate product title fingerprint"
"Jack & Jones Men's Slim Fit Shirt","fashion","Duplicate product title fingerprint"
"EYEBOGLER Men's Regular Fit T-Shirt","fashion","Duplicate product title fingerprint"
"Levi's Men T-Shirt","fashion","Duplicate product title fingerprint"
"Arrow Sports Solid Half Sleeve Polo T-Shirt Navy","fashion","Missing both actual and discount prices"
"Levi's Men T-Shirt","fashion","Duplicate product title fingerprint"
"Tfortees Black Cotton Printed Tshirt","fashion","Duplicate product title fingerprint"
"U.S. POLO ASSN. Men T-Shirt","fashion","Missing both actual and discount prices"
"U.S. POLO ASSN. Men Men's T-Shirts & Polos","fashion","Duplicate product title fingerprint"
"Positivity Sports MI IPL Jersey New 2022-23","fashion","Duplicate ASIN"
"Jack & Jones Men's Slim Fit T-Shirt","fashion","Duplicate product title fingerprint"
"Veirdo Unisex Cotton Half Sleeve Oversized Zebra Printed T-Shirt (Large) White","fashion","Duplicate ASIN"
"Levi's Men T-Shirt","fashion","Duplicate product title fingerprint"
"Jack & Jones Men's Slim Fit T-Shirt","fashion","Duplicate product title fingerprint"
"Levi's Men's 511 Slim Fit Jeans","fashion","Duplicate product title fingerprint"
"Levi's Men's 511 Slim Fit Jeans","fashion","Duplicate product title fingerprint"
"Levi's Men's 511 Slim Fit Jeans","fashion","Duplicate product title fingerprint"
"Levi's Men's 511 Slim Fit Jeans","fashion","Duplicate product title fingerprint"
"Levi's Men's 511 Slim Fit Jeans","fashion","Duplicate product title fingerprint"
"Levi's Men's 511 Slim Fit Jeans","fashion","Duplicate product title fingerprint"
"Levi's Men's 511 Slim Fit Jeans","fashion","Duplicate product title fingerprint"
"Levi's Men's 512 Slim Tapered Fit Jeans","fashion","Duplicate product title fingerprint"
"Ben Martin Men's Denim Slim Fit Strechable Jeans","fashion","Duplicate product title fingerprint"
"Neostreak Men's Slim Fit Stretchable Jeans","fashion","Duplicate product title fingerprint"
"Levi's Men's 511 Slim Fit Jeans","fashion","Duplicate product title fingerprint"
"Levi's Men's 511 Slim Fit Jeans","fashion","Duplicate product title fingerprint"
"Levi's Men's 511 Slim Fit Jeans","fashion","Duplicate product title fingerprint"
"Levi's Men's 512 Slim Tapered Fit Jeans","fashion","Duplicate product title fingerprint"
"Levi's Men's 512 Slim Tapered Fit Jeans","fashion","Duplicate product title fingerprint"
"Levi's Men's 512 Styled Slim Tapered Fit Jeans","fashion","Duplicate product title fingerprint"
"Levi's Men Jeans","fashion","Duplicate product title fingerprint"
"Supernova Inc. Men's Slim Fit Solid Jeans Stretchable","fashion","Duplicate product title fingerprint"
"Lee Men's Slim Fit Jeans","fashion","Duplicate product title fingerprint"
"Levi's Men Jeans","fashion","Duplicate product title fingerprint"
"Levi's Men's 511 Slim Fit Jeans","fashion","Duplicate product title fingerprint"
"Levi's Men's 512 Slim Tapered Fit Jeans","fashion","Duplicate product title fingerprint"
"Levi's Men's 512 Slim Tapered Fit Jeans","fashion","Duplicate product title fingerprint"
"Campus Sutra Men’s Classic Blue Dark-Washed Regular Fit Denim Jeans with Drawstring Premium Stretchable Cotton Mid-Rise Cr...","fashion","Missing both actual and discount prices"
"Ben Martin Men's Relaxed Fit Jeans","fashion","Duplicate product title fingerprint"
"Levi's Men's 512 Slim Tapered Fit Jeans","fashion","Duplicate product title fingerprint"
"Lee Men's Slim Fit Jeans","fashion","Duplicate product title fingerprint"
"Amazon Brand - Symbol Men's Slim Stretchable Jeans","fashion","Duplicate product title fingerprint"
"Levi's Men's 511 Slim Fit Jeans","fashion","Duplicate product title fingerprint"
"Spykar Men's Super Skinny Fit Jeans","fashion","Duplicate product title fingerprint"
"Red Tape Men Jeans","fashion","Duplicate product title fingerprint"
"Levi's Men's 511 Slim Fit Jeans","fashion","Duplicate product title fingerprint"
"Amazon Brand - Symbol Men Jeans","fashion","Duplicate product title fingerprint"
"Levi's Men's 512 Slim Tapered Fit Jeans","fashion","Duplicate product title fingerprint"
"Pepe Jeans Men Jeans","fashion","Duplicate ASIN"
"MM-21 Regular Fit Basic Denim Jeans for Men","fashion","Duplicate ASIN"
"Levi's Men's 512 Slim Tapered Fit Jeans","fashion","Duplicate product title fingerprint"
"Allen Solly Men Jeans","fashion","Duplicate product title fingerprint"
"Amazon Brand - Symbol Men Jeans","fashion","Duplicate product title fingerprint"
"Allen Solly Men Jeans","fashion","Duplicate product title fingerprint"
"Levi's Men Jeans","fashion","Duplicate product title fingerprint"
"Amazon Brand - Symbol Men Jeans","fashion","Duplicate product title fingerprint"
"Urbano Fashion Men's Slim Fit Jeans","fashion","Duplicate product title fingerprint"
"Levi's Men's 511 Styled Slim Fit Jeans","fashion","Duplicate product title fingerprint"
"Levi's Men's 512 Slim Tapered Fit Jeans","fashion","Duplicate product title fingerprint"
"Levi's Men's 511 Styled Slim Fit Jeans","fashion","Duplicate product title fingerprint"
"Diverse Men Jeans","fashion","Duplicate product title fingerprint"
"Levi's Men's 512 Slim Tapered Fit Jeans","fashion","Duplicate product title fingerprint"
"Levi's Men Jeans","fashion","Duplicate product title fingerprint"
"Levi's Men Jeans","fashion","Missing both actual and discount prices"
"Ben Martin Men's Regular Fit Denim Jeans","fashion","Duplicate product title fingerprint"
"KARGEENS Men Jeans","fashion","Duplicate product title fingerprint"
"Peter England Men Jeans","fashion","Duplicate product title fingerprint"
"Levi's Men's 512 Slim Tapered Fit Jeans","fashion","Duplicate product title fingerprint"
"Amazon Brand - Symbol Men's Relaxed Jeans","fashion","Duplicate product title fingerprint"
"Levi's Men's 512 Slim Tapered Fit Jeans","fashion","Duplicate product title fingerprint"
"Lee Men's Regular Fit Jeans","fashion","Duplicate product title fingerprint"
"Lee Men's Slim Fit Jeans","fashion","Duplicate product title fingerprint"
"Wrangler Men's Slim Fit Jeans","fashion","Duplicate product title fingerprint"
"Urbano Fashion Men's Slim Fit Washed Jeans Stretchable","fashion","Duplicate product title fingerprint"
"Amazon Brand - Inkast Denim Co. Men Stretchable Jeans","fashion","Duplicate product title fingerprint"
"KARGEENS Men Jeans","fashion","Duplicate product title fingerprint"
"Wrangler Men's Slim Fit Jeans","fashion","Duplicate product title fingerprint"
"Levi's Men's 512 Slim Tapered Fit Jeans","fashion","Duplicate product title fingerprint"
"Levi's Men's 512 Slim Tapered Fit Jeans","fashion","Duplicate product title fingerprint"
"Allen Solly Men Jeans","fashion","Duplicate product title fingerprint"
"KARGEENS Men Jeans","fashion","Duplicate product title fingerprint"
"Peter England Men Jeans","fashion","Duplicate product title fingerprint"
"Levi's Men Jeans","fashion","Duplicate product title fingerprint"
"Lee Men's Slim Fit Jeans","fashion","Duplicate product title fingerprint"
"Peter England Men Jeans","fashion","Duplicate product title fingerprint"
"Spykar Men's Super Skinny Fit Jeans","fashion","Duplicate product title fingerprint"
"Peter England Men Jeans","fashion","Duplicate product title fingerprint"
"Ben Martin Men Regular Jeans","fashion","Duplicate product title fingerprint"
"Amazon Brand - Inkast Denim Co. Men Stretchable Jeans","fashion","Duplicate product title fingerprint"
"Levi's Men's 511 Slim Fit Jeans","fashion","Duplicate product title fingerprint"
"STUDIO NEXX Men's Regular Fit Stretch Jeans","fashion","Duplicate product title fingerprint"
"Ben Martin Men's Regular Fit Jeans","fashion","Duplicate product title fingerprint"
"Diverse Men Jeans","fashion","Duplicate product title fingerprint"
"Tommy Hilfiger Men's Regular Jeans","fashion","Duplicate product title fingerprint"
"KARGEENS Men Jeans","fashion","Duplicate product title fingerprint"
"Levi's Men Jeans","fashion","Duplicate product title fingerprint"
"Pepe Jeans Men Jeans","fashion","Duplicate product title fingerprint"
"U.S. POLO ASSN. Men's Skinny Jeans","fashion","Missing both actual and discount prices"
"Spykar Men's Kano Fit Jeans","fashion","Duplicate product title fingerprint"
"Spykar Men's Super Skinny Fit Jeans","fashion","Duplicate product title fingerprint"
"Levi's Men's 512 Styled Slim Tapered Fit Jeans","fashion","Duplicate product title fingerprint"
"Lee Men's Slim Fit Jeans","fashion","Duplicate product title fingerprint"
"Amazon Brand - Inkast Denim Co. Men Stretchable Jeans","fashion","Duplicate product title fingerprint"
"Levi's Men's 511 Slim Fit Jeans","fashion","Duplicate product title fingerprint"
"Peter England Men's Skinny Jeans","fashion","Duplicate product title fingerprint"
"Levi's Men's 512 Slim Tapered Fit Jeans","fashion","Duplicate product title fingerprint"
"Lee Men's Slim Fit Jeans","fashion","Duplicate product title fingerprint"
"Elegant and Stylish Ripped Skinny Ankle Length Black Jeans for Men (Tapered Bottom with Damage & Distressed Knee)","fashion","Duplicate ASIN"
"Amazon Brand - Symbol Men Jeans","fashion","Duplicate product title fingerprint"
"Pepe Jeans Men Jeans","fashion","Duplicate product title fingerprint"
"L,Zard Men's Slim Jeans","fashion","Missing both actual and discount prices"
"Lee Men Pants","fashion","Duplicate product title fingerprint"
"Amazon Brand - Symbol Men Jeans","fashion","Duplicate product title fingerprint"
"Levi's Men's 512 Slim Tapered Fit Jeans","fashion","Duplicate product title fingerprint"
"Spykar Men's Regular fit Jeans","fashion","Duplicate product title fingerprint"
"Wrangler Men's Skinny Fit Jeans","fashion","Duplicate product title fingerprint"
"Ben Martin Men's Regular Fit Jeans","fashion","Duplicate product title fingerprint"
"Levi's Men's 512 Slim Tapered Fit Jeans","fashion","Duplicate product title fingerprint"
"Spykar Men's Slim Jeans","fashion","Duplicate product title fingerprint"
"Spykar Men Jeans","fashion","Duplicate product title fingerprint"
"Diverse Men Jeans","fashion","Duplicate product title fingerprint"
"Peter England Men Jeans","fashion","Duplicate product title fingerprint"
"PARIS HAMILTON Men Bootcut Fit Stretchable Bellbottom Denim Jeans","fashion","Duplicate product title fingerprint"
"Red Tape Men Jeans","fashion","Duplicate product title fingerprint"
"Amazon Brand - Symbol Men Jeans","fashion","Duplicate product title fingerprint"
"Lee Men's Regular Fit Jeans","fashion","Duplicate product title fingerprint"
"Amazon Brand - Inkast Denim Co. Men Stretchable Jeans","fashion","Duplicate product title fingerprint"
"Urbano Fashion Men's Black Slim Fit Washed Jogger Jeans Stretchable","fashion","Duplicate product title fingerprint"
"Peter England Men Jeans","fashion","Duplicate product title fingerprint"
"Levi's Men Jeans","fashion","Duplicate product title fingerprint"
"ultimatefashionista Combo Sales Designer 7 Inch Height Full Transparent Big Shirt/T-Shirt & Pant/Jeans/Trousers Cover - Se...","fashion","Duplicate ASIN"
"Levi's Men Jeans","fashion","Duplicate product title fingerprint"
"Levi's Men's 512 Slim Tapered Fit Jeans","fashion","Duplicate product title fingerprint"
"PARIS HAMILTON Men Bootcut Fit Stretchable Bellbottom Denim Jeans","fashion","Duplicate product title fingerprint"
"Levi's Men Jeans","fashion","Duplicate product title fingerprint"
"Spykar Men's Regular fit Jeans","fashion","Duplicate product title fingerprint"
"Peter England Men Jeans","fashion","Duplicate product title fingerprint"
"Wrangler Men's Slim Fit Jeans","fashion","Duplicate product title fingerprint"
"Levi's Men's 512 Slim Tapered Fit Jeans","fashion","Duplicate product title fingerprint"
"Wrangler Men's Slim Fit Jeans","fashion","Duplicate product title fingerprint"
"Pepe Jeans Men Jeans","fashion","Duplicate product title fingerprint"
"Levi's Men Jeans","fashion","Duplicate product title fingerprint"
"Amazon Brand - Symbol Men Stretchable Jeans","fashion","Duplicate product title fingerprint"
"Peter England Men Jeans","fashion","Duplicate product title fingerprint"
"STUDIO NEXX Men's Regular Fit Jeans","fashion","Duplicate product title fingerprint"
"Levi's Men Jeans","fashion","Duplicate product title fingerprint"
"Lee Men's Regular Fit Jeans","fashion","Duplicate product title fingerprint"
"Spykar Men's Skinny Fit Jeans","fashion","Duplicate product title fingerprint"
"Levi's Men Jeans","fashion","Duplicate product title fingerprint"
"U.S. POLO ASSN. Men Men's Jeans","fashion","Duplicate product title fingerprint"
"Levi's Men Jeans","fashion","Duplicate product title fingerprint"
"Amazon Brand - Symbol Men's Relaxed Jeans","fashion","Duplicate product title fingerprint"
"Peter England Men Jeans","fashion","Duplicate product title fingerprint"
"Pepe Jeans Men Jeans","fashion","Duplicate product title fingerprint"
"Peter England Men Jeans","fashion","Duplicate product title fingerprint"
"Easies by Killer Men Jeans","fashion","Duplicate product title fingerprint"
"Urbano Fashion Men's Black Slim Fit Washed Jeans Stretchable","fashion","Duplicate product title fingerprint"
"Lee Men's Slim Fit Jeans","fashion","Duplicate product title fingerprint"
"STUDIO NEXX Men's Regular Fit Stretch Jeans","fashion","Duplicate product title fingerprint"
"Amazon Brand - Inkast Denim Co. Men Stretchable Jeans","fashion","Duplicate product title fingerprint"
"Levi's Men Jeans","fashion","Duplicate product title fingerprint"
"Spykar Men's Skinny Fit Jeans","fashion","Duplicate product title fingerprint"
"Levi's Men Jeans","fashion","Duplicate product title fingerprint"
"Pepe Jeans Men Jeans","fashion","Duplicate product title fingerprint"
"Levi's Men's 551Z Straight Fit Jeans","fashion","Duplicate product title fingerprint"
"Ben Martin Men's Regular Fit Jeans","fashion","Duplicate product title fingerprint"
"KETCH Men Jeans","fashion","Duplicate product title fingerprint"
"Levi's Men Jeans","fashion","Duplicate product title fingerprint"
"Urbano Fashion Men's Slim Fit Jeans","fashion","Duplicate product title fingerprint"
"Amazon Brand - Inkast Denim Co. Men's Slim Jeans","fashion","Duplicate product title fingerprint"
"Allen Solly Men Jeans","fashion","Duplicate product title fingerprint"
"Peter England Men Jeans","fashion","Duplicate product title fingerprint"
"Easies by Killer Men Jeans","fashion","Duplicate product title fingerprint"
"Lee Men's Skinny Fit Jeans","fashion","Duplicate product title fingerprint"
"Urbano Fashion Men's Slim Fit Washed Jogger Jeans Stretch","fashion","Duplicate product title fingerprint"
"Amazon Brand - Symbol Men's Carrot Jeans","fashion","Duplicate product title fingerprint"
"Wrangler Men's Straight Fit Jeans","fashion","Duplicate product title fingerprint"
"Levi's Men's 511 Slim Fit Jeans","fashion","Duplicate product title fingerprint"
"Peter England Men Jeans","fashion","Duplicate product title fingerprint"
"Lee Men's Slim Fit Jeans","fashion","Duplicate product title fingerprint"
"Allen Solly Men Jeans","fashion","Duplicate product title fingerprint"
"U.S. POLO ASSN. Men Jeans","fashion","Duplicate product title fingerprint"
"Amazon Brand - Symbol Men Jeans","fashion","Duplicate product title fingerprint"
"Wrangler Men's Straight Fit Jeans","fashion","Duplicate product title fingerprint"
"Lee Men's Regular Fit Jeans","fashion","Duplicate product title fingerprint"
"Levi's Men Jeans","fashion","Duplicate product title fingerprint"
"Levi's Men's 512 Slim Tapered Fit Jeans","fashion","Duplicate product title fingerprint"
"U.S. POLO ASSN. Men Jeans","fashion","Duplicate product title fingerprint"
"Amazon Brand - Symbol Men Jeans","fashion","Duplicate product title fingerprint"
"U.S. POLO ASSN. Men's Skinny Jeans","fashion","Duplicate product title fingerprint"
"Billford Men Jeans","fashion","Duplicate product title fingerprint"
"Levi's Men Jeans","fashion","Duplicate product title fingerprint"
"Spykar Men's Super Skinny Fit Jeans","fashion","Duplicate product title fingerprint"
"Wrangler Men's Regular Fit Jeans","fashion","Duplicate product title fingerprint"
"Levi's Men's 512 Slim Tapered Fit Jeans","fashion","Duplicate product title fingerprint"
"U.S. POLO ASSN. Men Jeans","fashion","Duplicate product title fingerprint"
"U.S. POLO ASSN. Men's Slim Jeans","fashion","Duplicate product title fingerprint"
"Jack & Jones Men's Regular Jeans","fashion","Duplicate product title fingerprint"
"Lee Men Jeans","fashion","Duplicate product title fingerprint"
"Allen Solly Men's Slim Jeans","fashion","Duplicate product title fingerprint"
"U.S. POLO ASSN. Men Jeans","fashion","Duplicate product title fingerprint"
"M.Weft Stretchable Slim Fit White Color Jeans for Men","fashion","Duplicate product title fingerprint"
"Jack & Jones Men's Regular Jeans","fashion","Duplicate product title fingerprint"
"Levi's Men's 511 Slim Fit Jeans","fashion","Duplicate product title fingerprint"
"Levi's Men's 511 Slim Fit Jeans","fashion","Duplicate product title fingerprint"
"STUDIO NEXX Men's Regular Fit Jeans","fashion","Duplicate product title fingerprint"
"Lee Men's Slim Fit Jeans","fashion","Duplicate product title fingerprint"
"Amazon Brand - Inkast Denim Co. Men's Slim Stretchable Jeans","fashion","Duplicate product title fingerprint"
"Levi's Men's 511 Slim Fit Jeans","fashion","Missing both actual and discount prices"
"Levi's Men Jeans","fashion","Duplicate product title fingerprint"
"Levi's Men's 511 Slim Fit Jeans","fashion","Duplicate product title fingerprint"
"Levi's Men's 511 Slim Fit Jeans","fashion","Duplicate product title fingerprint"
"Levi's Men's 511 Slim Fit Jeans","fashion","Duplicate product title fingerprint"
"Lee Men's Skinny Jeans","fashion","Duplicate product title fingerprint"
"Spykar Men's Super Skinny Fit Jeans","fashion","Duplicate product title fingerprint"
"Peter England Men Jeans","fashion","Duplicate product title fingerprint"
"Lee Men's Skinny Fit Jeans","fashion","Duplicate product title fingerprint"
"Jack & Jones Men's Regular Jeans","fashion","Duplicate product title fingerprint"
"Levi's Men's 511 Slim Fit Jeans","fashion","Duplicate product title fingerprint"
"Pepe Jeans Men Jeans","fashion","Duplicate product title fingerprint"
"Amazon Brand - Symbol Men Stretchable Jeans","fashion","Duplicate product title fingerprint"
"Levi's Men's 511 Slim Fit Jeans","fashion","Duplicate product title fingerprint"
"Lee Men's Slim Fit Jeans","fashion","Duplicate product title fingerprint"
"Levi's Men's 512 Slim Tapered Fit Jeans","fashion","Duplicate product title fingerprint"
"Levi's Men's 512 Slim Tapered Fit Jeans","fashion","Duplicate product title fingerprint"
"Levi's Men's 511 Slim Fit Jeans","fashion","Duplicate product title fingerprint"
"Pepe Jeans Men's Slim Jeans","fashion","Duplicate product title fingerprint"
"Levi's Men's 511 Slim Fit Jeans","fashion","Duplicate product title fingerprint"
"Levi's Men Jeans","fashion","Duplicate product title fingerprint"
"U.S. POLO ASSN. Men Blue Stone Wash Brandon Slim Tapered Fit Jeans","fashion","Duplicate product title fingerprint"
"crocs Unisex Adult Slate Grey/Lime Punch Bayaband Clog 205089-0GX M9W11","fashion","Duplicate product title fingerprint"
"crocs unisex-adult Bayaband Clog LEMON/WHITE Clog - 8 UK Men/ 9 UK Women (M9W11) (205089-7B0)","fashion","Duplicate product title fingerprint"
"crocs unisex-adult Bayaband Clog LEMON/WHITE Clog - 8 UK Men/ 9 UK Women (M9W11) (205089-7B0)","fashion","Duplicate product title fingerprint"
"crocs unisex-adult Bayaband Clog LEMON/WHITE Clog - 8 UK Men/ 9 UK Women (M9W11) (205089-7B0)","fashion","Duplicate product title fingerprint"
"crocs unisex-adult Bayaband Clog LEMON/WHITE Clog - 8 UK Men/ 9 UK Women (M9W11) (205089-7B0)","fashion","Duplicate product title fingerprint"
"crocs Unisex Adult Bayaband Clog","fashion","Duplicate product title fingerprint"
"crocs unisex-adult Bayaband Clog LEMON/WHITE Clog - 8 UK Men/ 9 UK Women (M9W11) (205089-7B0)","fashion","Duplicate product title fingerprint"
"crocs mens Bayaband Clog Outdoor Sandals","fashion","Duplicate product title fingerprint"
"crocs Unisex Adult Slate Grey/Lime Punch Bayaband Clog 205089-0GX M7W9","fashion","Duplicate product title fingerprint"
"crocs Unisex-Adult Bayaband Clog Lemon/White Clog - 8 UK Men/ 9 UK Women (M9W11) (205089-7B0)","fashion","Duplicate product title fingerprint"
"crocs unisex-adult Bayaband Clog Clog","fashion","Duplicate product title fingerprint"
"crocs Unisex-Adult Classic Clog","fashion","Duplicate product title fingerprint"
"Red Tape Men's Chelsea Boots","fashion","Duplicate product title fingerprint"
"crocs unisex-adult Bayaband Clog Clog","fashion","Missing both actual and discount prices"
"crocs unisex-adult Bayaband Clog LEMON/WHITE Clog - 8 UK Men/ 9 UK Women (M9W11) (205089-7B0)","fashion","Duplicate product title fingerprint"
"crocs unisex-adult Bayaband Clog LEMON/WHITE Clog - 8 UK Men/ 9 UK Women (M9W11) (205089-7B0)","fashion","Missing both actual and discount prices"
"crocs unisex-adult Bayaband Clog LEMON/WHITE Clog - 8 UK Men/ 9 UK Women (M9W11) (205089-7B0)","fashion","Duplicate product title fingerprint"
"crocs Unisex-Adult Bayaband Clog Lemon/White Clog - 8 UK Men/ 9 UK Women (M9W11) (205089-7B0)","fashion","Duplicate product title fingerprint"
"crocs unisex-adult Bayaband Clog LEMON/WHITE Clog - 8 UK Men/ 9 UK Women (M9W11) (205089-7B0)","fashion","Duplicate product title fingerprint"
"crocs unisex-adult Bayaband Clog LEMON/WHITE Clog - 8 UK Men/ 9 UK Women (M9W11) (205089-7B0)","fashion","Duplicate product title fingerprint"
"crocs Unisex-Adult Bayaband Clog Lemon/White Clog - 8 UK Men/ 9 UK Women (M9W11) (205089-7B0)","fashion","Duplicate product title fingerprint"
"Sparx Mens Sm-402 Sneaker","fashion","Duplicate product title fingerprint"
"crocs unisex-adult Bayaband Clog BLACK/WHITE Clog - 9 UK Men/ 10 UK Women (M10W12) (205089-066)","fashion","Missing both actual and discount prices"
"Prolific Men's Loafer","fashion","Duplicate product title fingerprint"
"crocs Unisex-Adult Bayaband Clog Lemon/White Clog - 8 UK Men/ 9 UK Women (M9W11) (205089-7B0)","fashion","Duplicate product title fingerprint"
"crocs unisex-adult Bayaband Clog LEMON/WHITE Clog - 8 UK Men/ 9 UK Women (M9W11) (205089-7B0)","fashion","Duplicate product title fingerprint"
"crocs unisex-adult Bayaband Clog Clog","fashion","Duplicate product title fingerprint"
"Hush Puppies mens Robert Fisherman Fisherman Sandals","fashion","Duplicate product title fingerprint"
"BATA Men JALSA Black Mojris","fashion","Duplicate product title fingerprint"
"Hush Puppies Mens Taylor Slip on Platform","fashion","Duplicate product title fingerprint"
"BATA Men's Formal Lace Up Shoes","fashion","Duplicate product title fingerprint"
"MACTREE Men Flexible-Stitched Sole Premium Formal Shoes for Men","fashion","Duplicate product title fingerprint"
"Red Tape Men's Derby Shoes","fashion","Duplicate product title fingerprint"
"Centrino Mens Formal Shoes","fashion","Duplicate product title fingerprint"
"Red Tape Men's Derby Shoes","fashion","Duplicate product title fingerprint"
"Cherry Shoe Polish - Dark Tan 40g Pack","fashion","Price below minimum retail threshold (₹90)"
"BATA Men Max Black Formal Shoes","fashion","Duplicate product title fingerprint"
"Red Tape Men's Slip-On Shoes","fashion","Duplicate product title fingerprint"
"Red Tape Men's Derby Shoes","fashion","Duplicate product title fingerprint"
"BATA Men's Formal Lace Up Shoes","fashion","Duplicate product title fingerprint"
"Bata Men's Formal Shoes","fashion","Duplicate product title fingerprint"
"Bata Men's Formal Shoes","fashion","Duplicate product title fingerprint"
"Red Chief Leather with Lace Formal Ankle Shoes for Men RC3545","fashion","Duplicate product title fingerprint"
"Hush Puppies Mens Taylor Slip On Sneaker","fashion","Duplicate product title fingerprint"
"BATA Men Edgar Formal Shoes","fashion","Duplicate product title fingerprint"
"Red Tape Men's Slip-On Shoes","fashion","Duplicate product title fingerprint"
"Red Tape Men's Slip-On Shoes","fashion","Duplicate product title fingerprint"
"Red Chief Leather Without Lace Formal Shoes for Men RC3512","fashion","Duplicate product title fingerprint"
"Red Chief Mens Formal Shoes Boat Shoe","fashion","Duplicate product title fingerprint"
"MACTREE Men's Mid Top Ankle Lace Up Biker Boots","fashion","Duplicate product title fingerprint"
"BATA Men's Formal Slip On Shoes","fashion","Duplicate product title fingerprint"
"Red Chief Leather Casual Shoe for Men's | Extra Soft Leather and Comfortable and Sole in exciting Colors |Shoes for Men Qu...","fashion","Duplicate product title fingerprint"
"Red Tape Men's Derby Shoes","fashion","Duplicate product title fingerprint"
"Centrino Mens Formal Shoes","fashion","Duplicate product title fingerprint"
"Red Tape Men's Derby Shoes","fashion","Duplicate product title fingerprint"
"BATA Mens Speed with Lace Oxford","fashion","Duplicate product title fingerprint"
"Red Tape Men's Derby Shoes","fashion","Duplicate product title fingerprint"
"BATA Remo Men's Formal Leather Lace Up Shoes","fashion","Duplicate product title fingerprint"
"Red Chief Leather Without Lace Formal Shoes for Men RC 1999","fashion","Duplicate product title fingerprint"
"Red Chief Leather Without Lace Formal Shoes for Men RC 3453","fashion","Duplicate product title fingerprint"
"Sparx Men's Running Shoes","fashion","Duplicate product title fingerprint"
"Puma Unisex-Adult Duke Walking Shoe","fashion","Duplicate product title fingerprint"
"Sparx Men's Running Shoes","fashion","Duplicate product title fingerprint"
"Nivia Storm Football Shoe for Mens | TPU Sole with PVC Synthetic Leather Upper for Hard and Grassy Surfaces Suitable for S...","fashion","Duplicate product title fingerprint"
"Red Tape Men's Walking Shoes","fashion","Duplicate product title fingerprint"
"Puma Mens Cliff Idp Low Boot","fashion","Duplicate product title fingerprint"
"Red Tape Men's Walking Shoes","fashion","Duplicate product title fingerprint"
"Red Tape Men's Walking Shoes","fashion","Duplicate product title fingerprint"
"layasa Men's Sneakers Walking Shoe","fashion","Duplicate ASIN"
"Nivia Carbonite Football Stud for Mens","fashion","Duplicate product title fingerprint"
"Red Tape Men's Walking Shoes","fashion","Duplicate product title fingerprint"
"Red Tape Men's Walking Shoes","fashion","Duplicate product title fingerprint"
"Red Tape Men's Walking Shoes","fashion","Duplicate product title fingerprint"
"Campus Mens Jasper Running Shoes","fashion","Duplicate product title fingerprint"
"Red Tape Men's Walking Shoes","fashion","Duplicate product title fingerprint"
"Red Tape Men's Walking Shoes","fashion","Duplicate product title fingerprint"
"Sparx mens Sx0648g Sneaker","fashion","Duplicate product title fingerprint"
"Power Mens Aero Knit Running Shoe","fashion","Duplicate product title fingerprint"
"Sparx Mens Sx0421g Running Shoes","fashion","Duplicate product title fingerprint"
"Campus Men's Dragon Running Shoes","fashion","Duplicate product title fingerprint"
"Red Tape Men's Walking Shoes","fashion","Duplicate product title fingerprint"
"Sparx mens Sx0406g Running Shoes","fashion","Duplicate product title fingerprint"
"Woodland mens G 40777cma Sneaker","fashion","Duplicate product title fingerprint"
"Bersache Sports Shoes for Men |Latest Stylish Sports Shoes for Men |Lace-Up Lightweight Blue Shoes for Running, Walking, G...","fashion","Duplicate product title fingerprint"
"Red Tape Men's Walking Shoes","fashion","Duplicate product title fingerprint"
"ASIAN Mens Hattrick-27 Loafer","fashion","Duplicate product title fingerprint"
"Campus Men's Running Shoes","fashion","Duplicate product title fingerprint"
"Red Tape Men's Walking Shoes","fashion","Duplicate product title fingerprint"
"Puma Mens Pacer Fire Sneaker","fashion","Duplicate product title fingerprint"
"Nivia Flash Shoe Badminton Shoes for Mens | Rubber Sole with PVC Synthetic Leather Upper and mesh for Sports, Badminton, V...","fashion","Duplicate product title fingerprint"
"Red Tape Sports Shoes for Men | Comfortable Walking Shoes","fashion","Duplicate product title fingerprint"
"Puma Mens Rivel Running Shoe","fashion","Duplicate product title fingerprint"
"Red Tape Men's Walking Shoes","fashion","Duplicate product title fingerprint"
"Puma Mens Jaunt Sneaker","fashion","Duplicate ASIN"
"Red Tape Men's Walking Shoes","fashion","Duplicate product title fingerprint"
"Red Tape Men's Walking Shoes","fashion","Duplicate product title fingerprint"
"Titan Youth Analog Black Dial Women's Watch-NL2480SM02/NP2480SM02","fashion","Missing both actual and discount prices"
"exciting Lives - Vintage Motorbike Pocket Watch Keychain - Gift for Birthday, Anniversary - for Brother, Boyfriend, Friend...","fashion","Non-fashion / Furniture / Toy item in Fashion"
"Fastrack Tropical Waters Analog Green Dial Women's Watch-NL68008SM07/NP68008SM07","fashion","Duplicate product title fingerprint"
"IMPERIOUS - THE ROYAL WAY Analogue Women's Watch (Silver Dial Colored Strap)","fashion","Duplicate product title fingerprint"
"Titan Raga Viva Analog Rose Gold Dial Women's Watch-NL2606WM02/NQ2606WM02","fashion","Duplicate product title fingerprint"
"Fastrack Analog Dial Women's Watch","fashion","Duplicate product title fingerprint"
"Titan Raga Viva Analog Rose Gold Dial Women's Watch-NL2606WM01/NP2606WM01","fashion","Duplicate product title fingerprint"
"NIBOSI Women Watches Analogue Wrist Watches Watches for Women's & Girls&Miss&Ladies Rose Gold Dial Watch with Stylish Diam...","fashion","Duplicate product title fingerprint"
"Titan Karishma Revive Analog Silver Dial Women's Watch-NN2593SM01/NP2593SM01","fashion","Duplicate product title fingerprint"
"Fastrack Fundamentals Analog White Dial Women's Watch-NL68010SL01/NP68010SL01","fashion","Duplicate product title fingerprint"
"Brishti Cat Character Multicolored Disco Light and Music Digital Girl's Wrist Watch Cum Toy (Best Return Gift for Boy's an...","fashion","Non-fashion / Furniture / Toy item in Fashion"
"Titan Raga Viva Analog Rose Gold Dial Women's Watch-NL2579WL01/NP2579WL01","fashion","Duplicate product title fingerprint"
"Fossil Jacqueline Analog Rose Gold Dial Women's Watch-ES5098","fashion","Duplicate product title fingerprint"
"Fastrack Tropical Waters Analog Green Dial Women's Watch-NL68008SM06","fashion","Duplicate product title fingerprint"
"Daniel Klein Analog Silver Dial Women's Watch-DK11138-2","fashion","Duplicate product title fingerprint"
"LEOTUDE Women's Cottonblend Half Sleeve Oversized T-Shirts (Color: Orange)","fashion","Duplicate product title fingerprint"
"LEOTUDE Cotton Blend Half Sleeve Oversized Back Printed Women's T-Shirt","fashion","Duplicate product title fingerprint"
"Veirdo Men Loose T-Shirt","fashion","Duplicate product title fingerprint"
"GRECIILOOKS Western Dresses for Women | A-Line Knee-Length Dress | Midi Western Dress for Women| Short Dress","fashion","Duplicate product title fingerprint"
"LEOTUDE Cotton Blend Half Sleeve Oversized Back Printed Women's T-Shirt","fashion","Duplicate product title fingerprint"
"LEOTUDE Cotton Blend Half Sleeve Back Print Oversized T-Shirts for Women","fashion","Duplicate product title fingerprint"
"Amazon Brand - Symbol Women T-Shirt","fashion","Duplicate product title fingerprint"
"GRECIILOOKS Western Dresses for Women |A-Line Knee-Length Dress | Indo Western Dress for Women| Mid Dress","fashion","Duplicate product title fingerprint"
"Lymio Dresses for Women || Western Dresses for Women || Dress for Women || Dresses (632)","fashion","Duplicate product title fingerprint"
"RARE Women Casual Dress","fashion","Duplicate product title fingerprint"
"AKA CHIC High Rise Tapered Fit Jeans","fashion","Duplicate product title fingerprint"
"Toy O'Fun Lycra Saree Shapewear Petticoat for Women, Cotton Blended,Petticoat,Skirts for Women,Shape Wear Dress for Saree","fashion","Non-fashion / Furniture / Toy item in Fashion"
"Harpa Women's Top","fashion","Duplicate product title fingerprint"
"Lymio Dresses for Women || Western Dresses for Women || Dress for Women || Dresses (560-563)","fashion","Duplicate product title fingerprint"
"Dream Beauty Fashion Women's High Waist Bell Bottom Trouser, Elastic Flared Bootcut Pants, Stretchy Parallel Leg for Casua...","fashion","Duplicate product title fingerprint"
"NAINVISH Women/Girl's Pure Cotton Paisley Printed Kaftan Top with Pant (SD222-224_KB)","fashion","Duplicate product title fingerprint"
"Amazon Brand - Eden & Ivy Women T-Shirt","fashion","Duplicate product title fingerprint"
"NAINVISH Women/Girl's Pure Cotton Paisley Printed Kaftan Top with Pant","fashion","Duplicate product title fingerprint"
"GRECIILOOKS Western Top for Women - Floral Printed & Split V Neck Short Stand Collar Tee Top for Girls Suitable for Workou...","fashion","Duplicate product title fingerprint"
"Lymio Tops for Women | Tops for Women Tops for Women Stylish | top for Girls | top for Women Stylish Latest (D-593-596)","fashion","Duplicate product title fingerprint"
"GRECIILOOKS Western Dresses for Women |A-Line Knee-Length Dress |Stylish Tops|Western Tops for Girls (Small, Pink) (Small,...","fashion","Duplicate product title fingerprint"
"SYYNCRO Women's Western Bodycon Dresses for Women |Knee-Length Mini Dress | Midi Western Dress for Women| Short Dress","fashion","Duplicate product title fingerprint"
"LEOTUDE Oversized Cotton Blend Half Sleeve Womens T-Shirts","fashion","Duplicate product title fingerprint"
"ANNI DESIGNER Women's Cotton Blend Printed Straight Kurta with Pant (Pustak Blue)","fashion","Duplicate product title fingerprint"
"ANNI DESIGNER Women's Cotton Blend Printed Straight Kurta with Pant (KIDYA)","fashion","Duplicate product title fingerprint"
"ANNI DESIGNER Women's Cotton Blend Printed Straight Kurta with Palazzo (Pimpli)","fashion","Duplicate product title fingerprint"
"ANNI DESIGNER Women's Cotton Blend Printed Straight Kurta with Pant & Dupatta (Makshi)","fashion","Duplicate product title fingerprint"
"ANNI DESIGNER Women's Cotton Blend Printed Straight Kurta with Pant & Dupatta (Rapat)","fashion","Duplicate product title fingerprint"
"Ishin Poly Georgette Black Printed Women's Saree/Sari With Lace","fashion","Missing both actual and discount prices"
"SGF11 Women's Kanjivaram Soft Silk Saree With Blouse Piece","fashion","Duplicate product title fingerprint"
"Vaamsi Women's Cotton Blend Printed Kurta Pant Dupatta Set (VKSKD1154_Pink)","fashion","Duplicate product title fingerprint"
"ANNI DESIGNER Women's Cotton Blend Printed Straight Kurta with Pant (Pupet)","fashion","Duplicate product title fingerprint"
"ANNI DESIGNER Women's Cotton Blend Printed Straight Kurta with Pant & Dupatta (Itta STY)","fashion","Duplicate product title fingerprint"
"ANNI DESIGNER Women's Cotton Blend Traditional Straight Printed Kurta and Pant Set (Grape)","fashion","Duplicate product title fingerprint"
"GoSriKi Women's Cotton Blend Printed Straight Kurta with Pant & Dupatta (Sky Bird-GO)","fashion","Duplicate product title fingerprint"
"ANNI DESIGNER Women's Cotton Blend Traditional Straight Printed Kurta and Pant Set (Fall)","fashion","Duplicate product title fingerprint"
"GoSriKi Women's Cotton Blend Straight Printed Kurta with Palazzos & Dupatta","fashion","Duplicate product title fingerprint"
"Shopaz Kanjivaram Kanchipuram Soft Silk Saree copper zari With Jacquard Blouse Piece for women","fashion","Duplicate product title fingerprint"
"ANNI DESIGNER Women's Cotton Blend Straight Printed Kurta with Pant (Dravini Red-Nw-31)","fashion","Duplicate product title fingerprint"
"ANNI DESIGNER Women's Cotton Blend Solid Straight Kurta (Kissa)","fashion","Duplicate product title fingerprint"
"ANNI DESIGNER Women's Cotton Blend Straight Printed Kurta with Pant (Wamurti Purple-Nw-31)","fashion","Duplicate product title fingerprint"
"ANNI DESIGNER Women's Cotton Blend Traditional Straight Printed Kurta and Palazzo Set (Valab)","fashion","Duplicate product title fingerprint"
"ANNI DESIGNER Women's Cotton Blend Traditional Straight Printed Kurta and Pant Set (Sumedha Blue-Nw25)","fashion","Duplicate product title fingerprint"
"ANNI DESIGNER Women's Cotton Blend Straight Printed Kurta with Pant & Dupatta (Authentic)","fashion","Duplicate product title fingerprint"
"Vaamsi Women's Cotton Blend Printed Kurta Set with Dupatta (VKSKD1304_Brown)","fashion","Duplicate product title fingerprint"
"SGF11 Women's Kanjivaram Soft Lichi Silk Saree With Blouse Piece","fashion","Missing both actual and discount prices"
"Winza Designer Women's Chiffon Brasso Printed Saree with Blouse Piece (WDP Brasso Bhanu W)","fashion","Duplicate product title fingerprint"
"Vaamsi Women's Cotton Blend Printed Kurta Pant Dupatta Set (VKSKD1237_Coral","fashion","Duplicate product title fingerprint"
"ROYAL EXPORT Women's White color Cotton Printed Straight Kurti Palazzo Pants Set with Dupatta","fashion","Duplicate product title fingerprint"
"ANNI DESIGNER Women's Cotton Blend Traditional Straight Printed Kurta and Pant Set (Priyani)","fashion","Duplicate product title fingerprint"
"SGF11 Women's Kanjivaram Soft Silk Saree With Blouse Piece","fashion","Duplicate product title fingerprint"
"GoSriKi Women's Cotton Blend Embroidered Straight Kurta with Pant & Dupatta (TALPADE-GS)","fashion","Duplicate product title fingerprint"
"Amazon Brand - Tavasya Women's Relaxed Bottom (210_White_XL)","fashion","Duplicate product title fingerprint"
"ANNI DESIGNER Women's Cotton Blend Printed Straight Kurta with Pant (Funnu New01)","fashion","Duplicate product title fingerprint"
"ANNI DESIGNER Women's Cotton Blend Straight Printed Kurta with Palazzo (Lubna)","fashion","Duplicate product title fingerprint"
"Amazon Brand - Tavasya Women's Relaxed Bottom (210_White_2XL)","fashion","Duplicate product title fingerprint"
"ANNI DESIGNER Women's Cotton Blend Traditional Straight Printed Kurta and Pant Set (Padwil-Nw25)","fashion","Duplicate product title fingerprint"
"Yashika Womens Art Silk Printed Saree With Blouse Piece","fashion","Duplicate product title fingerprint"
"Amazon Brand - Tavasya Women's Relaxed Bottom (210_White_L)","fashion","Duplicate product title fingerprint"
"GoSriKi Women Kurta with Pant & Dupatta","fashion","Duplicate product title fingerprint"
"Amayra Women's Rayon Printed Straight Kurti with Palazzos and Dupatta Set","fashion","Duplicate product title fingerprint"
"C J Enterprise Women's Banarasi Silk Saree Kanjivaram Style Pure Silk Sarees With Blouse Piece (paithani Zigzag)","fashion","Duplicate product title fingerprint"
"Shopaz Kanjivaram Kanchipuram Soft Silk Saree Copper Zari Woven Work with Jacquard Blouse Piece for Women (Rama Blue)","fashion","Duplicate product title fingerprint"
"ANNI DESIGNER Women's Cotton Blend Printed Straight Kurta with Pant (Kavi Pink-Nw)","fashion","Duplicate product title fingerprint"
"Winza Designer Women's Chiffon Brasso Printed Saree with Blouse Piece (PS Brasso Aadi_W)","fashion","Duplicate product title fingerprint"
"Vaamsi Women Kurta","fashion","Duplicate product title fingerprint"
"Royal Export Women's Straight Floral Printed Kurta Palazzo & Dupatta","fashion","Duplicate product title fingerprint"
"ANNI DESIGNER Women's Cotton Blend Traditional Straight Printed Kurta and Pant Set (Danapa)","fashion","Duplicate product title fingerprint"
"Radha Lakshmi Handicrafts Women's Ikat Hand Block Print jaipuri mul mul cotton pure Saree with Blouse Piece (barakha parent)","fashion","Duplicate product title fingerprint"
"GoSriKi Women Kurta with Pants & Dupatta","fashion","Duplicate product title fingerprint"
"GoSriKi Women Kurta with Pant & Dupatta","fashion","Duplicate product title fingerprint"
"Fostelo Handbag For Women And Girls | Ladies Purse Faux Leather Satchel Bag | Woman Gifts | Wedding Gifts For Women | Wome...","fashion","Duplicate product title fingerprint"
"Fostelo Handbag For Women And Girls | Ladies Purse Faux Leather Satchel Bag | Woman Gifts | Wedding Gifts For Women | Wome...","fashion","Duplicate product title fingerprint"
"Fostelo Handbag For Women And Girls | Ladies Purse Faux Leather Satchel Bag | Woman Gifts | Wedding Gifts For Women | Wome...","fashion","Duplicate product title fingerprint"
"Storite Stylish Padded Small Nylon Sling Cross Body Travel Office Bag for Men Women (22.5cm x 9.5cm x 22.5 cm, Dark Grey)","fashion","Duplicate product title fingerprint"
"creeper Women's Leather Large Capacity Shoulder Bags","fashion","Duplicate product title fingerprint"
"Farraige® Cartoon Soft Silicone Bag Crossbody Shoulder Bag Purse Waterproof Anti Fall Stationery Storage Bag Handbag Sweet...","fashion","Non-fashion / Furniture / Toy item in Fashion"
"Fostelo Handbag For Women And Girls | Ladies Purse Faux Leather Satchel Bag | Woman Gifts | Wedding Gifts For Women | Wome...","fashion","Duplicate product title fingerprint"
"Fostelo Handbag For Women And Girls | Ladies Purse Faux Leather Satchel Bag | Woman Gifts | Wedding Gifts For Women | Wome...","fashion","Duplicate product title fingerprint"
"WOMEN MARKS WOMEN'S HANDBAG","fashion","Duplicate product title fingerprint"
"ADISA Women's & Girls' Sling Bag","fashion","Duplicate product title fingerprint"
"ADISA Women's Sling Bag","fashion","Duplicate product title fingerprint"
"ADISA Women's Sling Bag","fashion","Duplicate product title fingerprint"
"The Purple Tree Canvas Tote Bag For Women - 1 Pc , women tote bag , canvas tote bag , printed tote bag , printed canvas to...","fashion","Duplicate product title fingerprint"
"WOMEN MARKS WOMEN'S SLING BAG","fashion","Duplicate product title fingerprint"
"PALAY® Small Cross Body Bag, Multifunction 3 Layer Mini Crossbody Shoulder Bag Phone Purse Armband with Headphone Port for...","fashion","Non-fashion / Furniture / Toy item in Fashion"
"Storite Stylish Small PU Leather Sling Cross Body Travel Office Messenger One Side Shoulder Bag for Men Women(Brown, 20.5x...","fashion","Duplicate product title fingerprint"
"The Purple Tree Fatty Tote Bag For Women, Women Fatty Tote Bag , Handbag , Women Handbag , Women Bag , Handbag for Women, ...","fashion","Duplicate product title fingerprint"
"Lavie Women's Oval Frame Clutch | Detachable Chain Sling Strap | Ladies Purse Wallet","fashion","Duplicate product title fingerprint"
"Vincent Chase by Lenskart | Grey Square Stylish Sunglasses | Polarized & UV Protected | For Men & Women | Large | VC S13128","fashion","Missing both actual and discount prices"
"rofek UV400 Protective Stylish Rimless Diamond Cutting Lens Butterfly Sunglasses for Women | Women Oversized Butterfly Sun...","fashion","Duplicate product title fingerprint"
"TOYGALAXY Multicolor lens Slim Sunglasses for Women Retro Driving Sunlgasses Narrow Frame UV Protection-Unisex","fashion","Non-fashion / Furniture / Toy item in Fashion"
"Izaan Mart Women Retro Driving Rectangular Sunglasses, Red Frame, Black Lens (Medium) Set of 1","fashion","Duplicate product title fingerprint"
"Ray-Ban Aviator Sunglasses (Gunmetal) (RB3025 004/5158)","fashion","Missing both actual and discount prices"
"Kenneth Cole Gradient Aviator Unisex Sunglasses - (KC1184 60 08A|60|Grey Color Lens)","fashion","Missing both actual and discount prices"
"Our Brand Pack of 4 Pure Cotton Socks for Men and Women Comfortable and Durable Unisex Design with Reinforced Toes and Hee...","fashion","Missing both actual and discount prices"
"Our Brand Pack of 4 Pure Cotton Socks for Men and Women Comfortable and Durable Unisex Design with Reinforced Toes and Hee...","fashion","Missing both actual and discount prices"
"Our Brand Pack of 4 Pure Cotton Socks for Men and Women Comfortable and Durable Unisex Design with Reinforced Toes and Hee...","fashion","Missing both actual and discount prices"
"Our Brand Pack of 4 Pure Cotton Socks for Men and Women Comfortable and Durable Unisex Design with Reinforced Toes and Hee...","fashion","Missing both actual and discount prices"
"Our Brand Pack of 4 Pure Cotton Socks for Men and Women Comfortable and Durable Unisex Design with Reinforced Toes and Hee...","fashion","Missing both actual and discount prices"
"Our Brand Pack of 4 Pure Cotton Socks for Men and Women Comfortable and Durable Unisex Design with Reinforced Toes and Hee...","fashion","Missing both actual and discount prices"
"Our Brand Pack of 4 Pure Cotton Socks for Men and Women Comfortable and Durable Unisex Design with Reinforced Toes and Hee...","fashion","Missing both actual and discount prices"
"Our Brand Pack of 4 Pure Cotton Socks for Men and Women Comfortable and Durable Unisex Design with Reinforced Toes and Hee...","fashion","Missing both actual and discount prices"
"Our Brand Pack of 4 Pure Cotton Socks for Men and Women Comfortable and Durable Unisex Design with Reinforced Toes and Hee...","fashion","Missing both actual and discount prices"
"Our Brand Pack of 4 Pure Cotton Socks for Men and Women Comfortable and Durable Unisex Design with Reinforced Toes and Hee...","fashion","Missing both actual and discount prices"
"Our Brand Pack of 4 Pure Cotton Socks for Men and Women Comfortable and Durable Unisex Design with Reinforced Toes and Hee...","fashion","Missing both actual and discount prices"
"Our Brand Pack of 4 Pure Cotton Socks for Men and Women Comfortable and Durable Unisex Design with Reinforced Toes and Hee...","fashion","Missing both actual and discount prices"
"Our Brand Pack of 4 Pure Cotton Socks for Men and Women Comfortable and Durable Unisex Design with Reinforced Toes and Hee...","fashion","Missing both actual and discount prices"
"Our Brand Pack of 4 Pure Cotton Socks for Men and Women Comfortable and Durable Unisex Design with Reinforced Toes and Hee...","fashion","Missing both actual and discount prices"
"Our Brand Pack of 4 Pure Cotton Socks for Men and Women Comfortable and Durable Unisex Design with Reinforced Toes and Hee...","fashion","Missing both actual and discount prices"
"Our Brand Pack of 4 Pure Cotton Socks for Men and Women Comfortable and Durable Unisex Design with Reinforced Toes and Hee...","fashion","Missing both actual and discount prices"
"Our Brand Pack of 4 Pure Cotton Socks for Men and Women Comfortable and Durable Unisex Design with Reinforced Toes and Hee...","fashion","Missing both actual and discount prices"
"Our Brand Pack of 4 Pure Cotton Socks for Men and Women Comfortable and Durable Unisex Design with Reinforced Toes and Hee...","fashion","Missing both actual and discount prices"
"Our Brand Pack of 4 Pure Cotton Socks for Men and Women Comfortable and Durable Unisex Design with Reinforced Toes and Hee...","fashion","Missing both actual and discount prices"
"Our Brand Pack of 4 Pure Cotton Socks for Men and Women Comfortable and Durable Unisex Design with Reinforced Toes and Hee...","fashion","Missing both actual and discount prices"
"Our Brand Pack of 4 Pure Cotton Socks for Men and Women Comfortable and Durable Unisex Design with Reinforced Toes and Hee...","fashion","Missing both actual and discount prices"
"Our Brand Pack of 4 Pure Cotton Socks for Men and Women Comfortable and Durable Unisex Design with Reinforced Toes and Hee...","fashion","Missing both actual and discount prices"
"Our Brand Pack of 4 Pure Cotton Socks for Men and Women Comfortable and Durable Unisex Design with Reinforced Toes and Hee...","fashion","Missing both actual and discount prices"
"Our Brand Pack of 4 Pure Cotton Socks for Men and Women Comfortable and Durable Unisex Design with Reinforced Toes and Hee...","fashion","Missing both actual and discount prices"
"Our Brand Pack of 4 Pure Cotton Socks for Men and Women Comfortable and Durable Unisex Design with Reinforced Toes and Hee...","fashion","Missing both actual and discount prices"
"Our Brand Pack of 4 Pure Cotton Socks for Men and Women Comfortable and Durable Unisex Design with Reinforced Toes and Hee...","fashion","Missing both actual and discount prices"
"Our Brand Pack of 4 Pure Cotton Socks for Men and Women Comfortable and Durable Unisex Design with Reinforced Toes and Hee...","fashion","Missing both actual and discount prices"
"Our Brand Pack of 4 Pure Cotton Socks for Men and Women Comfortable and Durable Unisex Design with Reinforced Toes and Hee...","fashion","Missing both actual and discount prices"
"Our Brand Pack of 4 Pure Cotton Socks for Men and Women Comfortable and Durable Unisex Design with Reinforced Toes and Hee...","fashion","Missing both actual and discount prices"
"Our Brand Pack of 4 Pure Cotton Socks for Men and Women Comfortable and Durable Unisex Design with Reinforced Toes and Hee...","fashion","Missing both actual and discount prices"
"Our Brand Pack of 4 Pure Cotton Socks for Men and Women Comfortable and Durable Unisex Design with Reinforced Toes and Hee...","fashion","Missing both actual and discount prices"
"Our Brand Pack of 4 Pure Cotton Socks for Men and Women Comfortable and Durable Unisex Design with Reinforced Toes and Hee...","fashion","Missing both actual and discount prices"
"Our Brand Pack of 4 Pure Cotton Socks for Men and Women Comfortable and Durable Unisex Design with Reinforced Toes and Hee...","fashion","Missing both actual and discount prices"
"Our Brand Pack of 4 Pure Cotton Socks for Men and Women Comfortable and Durable Unisex Design with Reinforced Toes and Hee...","fashion","Missing both actual and discount prices"
"Our Brand Pack of 4 Pure Cotton Socks for Men and Women Comfortable and Durable Unisex Design with Reinforced Toes and Hee...","fashion","Missing both actual and discount prices"
"Our Brand Pack of 4 Pure Cotton Socks for Men and Women Comfortable and Durable Unisex Design with Reinforced Toes and Hee...","fashion","Missing both actual and discount prices"
"Our Brand Pack of 4 Pure Cotton Socks for Men and Women Comfortable and Durable Unisex Design with Reinforced Toes and Hee...","fashion","Missing both actual and discount prices"
"Our Brand Pack of 4 Pure Cotton Socks for Men and Women Comfortable and Durable Unisex Design with Reinforced Toes and Hee...","fashion","Missing both actual and discount prices"
"Our Brand Pack of 4 Pure Cotton Socks for Men and Women Comfortable and Durable Unisex Design with Reinforced Toes and Hee...","fashion","Missing both actual and discount prices"
"Our Brand Pack of 4 Pure Cotton Socks for Men and Women Comfortable and Durable Unisex Design with Reinforced Toes and Hee...","fashion","Missing both actual and discount prices"
"Our Brand Pack of 4 Pure Cotton Socks for Men and Women Comfortable and Durable Unisex Design with Reinforced Toes and Hee...","fashion","Missing both actual and discount prices"
"Our Brand Pack of 4 Pure Cotton Socks for Men and Women Comfortable and Durable Unisex Design with Reinforced Toes and Hee...","fashion","Missing both actual and discount prices"
"Our Brand Pack of 4 Pure Cotton Socks for Men and Women Comfortable and Durable Unisex Design with Reinforced Toes and Hee...","fashion","Missing both actual and discount prices"
"Our Brand Pack of 4 Pure Cotton Socks for Men and Women Comfortable and Durable Unisex Design with Reinforced Toes and Hee...","fashion","Missing both actual and discount prices"
"Our Brand Pack of 4 Pure Cotton Socks for Men and Women Comfortable and Durable Unisex Design with Reinforced Toes and Hee...","fashion","Missing both actual and discount prices"
"Our Brand Pack of 4 Pure Cotton Socks for Men and Women Comfortable and Durable Unisex Design with Reinforced Toes and Hee...","fashion","Missing both actual and discount prices"
"Our Brand Pack of 4 Pure Cotton Socks for Men and Women Comfortable and Durable Unisex Design with Reinforced Toes and Hee...","fashion","Missing both actual and discount prices"
"Our Brand Pack of 4 Pure Cotton Socks for Men and Women Comfortable and Durable Unisex Design with Reinforced Toes and Hee...","fashion","Missing both actual and discount prices"
"Our Brand Pack of 4 Pure Cotton Socks for Men and Women Comfortable and Durable Unisex Design with Reinforced Toes and Hee...","fashion","Missing both actual and discount prices"
"Our Brand Pack of 4 Pure Cotton Socks for Men and Women Comfortable and Durable Unisex Design with Reinforced Toes and Hee...","fashion","Missing both actual and discount prices"
"Our Brand Pack of 4 Pure Cotton Socks for Men and Women Comfortable and Durable Unisex Design with Reinforced Toes and Hee...","fashion","Missing both actual and discount prices"
"Our Brand Pack of 4 Pure Cotton Socks for Men and Women Comfortable and Durable Unisex Design with Reinforced Toes and Hee...","fashion","Missing both actual and discount prices"
"Our Brand Pack of 4 Pure Cotton Socks for Men and Women Comfortable and Durable Unisex Design with Reinforced Toes and Hee...","fashion","Missing both actual and discount prices"
"Our Brand Pack of 4 Pure Cotton Socks for Men and Women Comfortable and Durable Unisex Design with Reinforced Toes and Hee...","fashion","Missing both actual and discount prices"
"Our Brand Pack of 4 Pure Cotton Socks for Men and Women Comfortable and Durable Unisex Design with Reinforced Toes and Hee...","fashion","Missing both actual and discount prices"
"Our Brand Pack of 4 Pure Cotton Socks for Men and Women Comfortable and Durable Unisex Design with Reinforced Toes and Hee...","fashion","Missing both actual and discount prices"
"Our Brand Pack of 4 Pure Cotton Socks for Men and Women Comfortable and Durable Unisex Design with Reinforced Toes and Hee...","fashion","Missing both actual and discount prices"
"Our Brand Pack of 4 Pure Cotton Socks for Men and Women Comfortable and Durable Unisex Design with Reinforced Toes and Hee...","fashion","Missing both actual and discount prices"
"Our Brand Pack of 4 Pure Cotton Socks for Men and Women Comfortable and Durable Unisex Design with Reinforced Toes and Hee...","fashion","Missing both actual and discount prices"
"Our Brand Pack of 4 Pure Cotton Socks for Men and Women Comfortable and Durable Unisex Design with Reinforced Toes and Hee...","fashion","Missing both actual and discount prices"
"Our Brand Pack of 4 Pure Cotton Socks for Men and Women Comfortable and Durable Unisex Design with Reinforced Toes and Hee...","fashion","Missing both actual and discount prices"
"Our Brand Pack of 4 Pure Cotton Socks for Men and Women Comfortable and Durable Unisex Design with Reinforced Toes and Hee...","fashion","Missing both actual and discount prices"
"Our Brand Pack of 4 Pure Cotton Socks for Men and Women Comfortable and Durable Unisex Design with Reinforced Toes and Hee...","fashion","Missing both actual and discount prices"
"Our Brand Pack of 4 Pure Cotton Socks for Men and Women Comfortable and Durable Unisex Design with Reinforced Toes and Hee...","fashion","Missing both actual and discount prices"
"Our Brand Pack of 4 Pure Cotton Socks for Men and Women Comfortable and Durable Unisex Design with Reinforced Toes and Hee...","fashion","Missing both actual and discount prices"
"Our Brand Pack of 4 Pure Cotton Socks for Men and Women Comfortable and Durable Unisex Design with Reinforced Toes and Hee...","fashion","Missing both actual and discount prices"
"Our Brand Pack of 4 Pure Cotton Socks for Men and Women Comfortable and Durable Unisex Design with Reinforced Toes and Hee...","fashion","Missing both actual and discount prices"
"Our Brand Pack of 4 Pure Cotton Socks for Men and Women Comfortable and Durable Unisex Design with Reinforced Toes and Hee...","fashion","Missing both actual and discount prices"
"Our Brand Pack of 4 Pure Cotton Socks for Men and Women Comfortable and Durable Unisex Design with Reinforced Toes and Hee...","fashion","Missing both actual and discount prices"
"Our Brand Pack of 4 Pure Cotton Socks for Men and Women Comfortable and Durable Unisex Design with Reinforced Toes and Hee...","fashion","Missing both actual and discount prices"
"Our Brand Pack of 4 Pure Cotton Socks for Men and Women Comfortable and Durable Unisex Design with Reinforced Toes and Hee...","fashion","Missing both actual and discount prices"
"Our Brand Pack of 4 Pure Cotton Socks for Men and Women Comfortable and Durable Unisex Design with Reinforced Toes and Hee...","fashion","Missing both actual and discount prices"
"3DOPTIX BLUE AVIATOR SUNGLASS FOR MEN AND WOMEN","fashion","Missing both actual and discount prices"
"3DOPTIX Polarized Aviator Sunglasses lightweight Stylish Glasses for Men Women UV Protection","fashion","Missing both actual and discount prices"
"3DOPTIX BROWN AVIATOR SUNGLASSES FOR MEN AND WOMEN","fashion","Missing both actual and discount prices"
"RBILZ Women Rimless Embalished Daimond Cut Lens Metal Frame| 100% UV Protected Eyeglass For Women Purple & Pink","fashion","Duplicate product title fingerprint"
"RBILZ Women Rimless Embalished Daimond Cut Lens Metal Frame| 100% UV Protected Eyeglass For Women Pink & Light Purple","fashion","Duplicate product title fingerprint"
"RBILZ Women Rimless Embalished Daimond Cut Lens Metal Frame| 100% UV Protected Eyeglass For Women Purple","fashion","Duplicate product title fingerprint"
"3DOPTIX UV400 Sports Sunglasses for Men Women Polarized","fashion","Missing both actual and discount prices"
"Optemart UV PROTECTION,TRENDY SUNGLASSES FOR MEN & WOMEN","fashion","Duplicate product title fingerprint"
"XIMI VOGUE Classy Series Trendy Women's Cat-Eye Sunglasses (Apricot Frame Tawny Lens)","fashion","Duplicate product title fingerprint"
"TRYBUDY Fashionable Printed Frame for women Sunglass","fashion","Duplicate product title fingerprint"
"TRYBUDY Fashionable Printed Frame for women Sunglass","fashion","Duplicate product title fingerprint"
"TRYBUDY Fashionable Printed Frame for women Sunglass","fashion","Duplicate product title fingerprint"
"TRYBUDY Fashionable Printed Frame for women Sunglass","fashion","Duplicate product title fingerprint"
"EYEKA Square Oversized Sunglasses for Men and Women","fashion","Duplicate product title fingerprint"
"Latest Rimless Sunglass for Women with Rich Looking UV Protected Dual Shaded Polycarbonate Lens & Antique, Trendy Looks Fo...","fashion","Duplicate product title fingerprint"
"Full Rim TR Cat Eye Women Specs Mania1001-50 Eyeglasses Frames With Shape Of Cat Eye Eyewear Collection (Specially wore by...","fashion","Missing both actual and discount prices"
"The Tinted Story | Rimless Oversized Sunglasses | Stylish and 100% UV Protected | Women | Pink | Large | Bianca Oversized ...","fashion","Duplicate product title fingerprint"
"myaddiction Fashion Sunglasses Men Women UV400 Big Oval Metal Frame Gold frame pink","fashion","Duplicate product title fingerprint"
"myaddiction Cat Eye Sunglasses Sun Glasses Trendy Eyeglasses for Outdoor Beach Travel Yellow","fashion","Duplicate product title fingerprint"
"myaddiction Star Sun Glasses for Men Women Personality Traveling Glasses Yellow","fashion","Duplicate product title fingerprint"
"myaddiction Fashion Womens Square Rimless Sunglasses Sun Glasses Gradient dark brown","fashion","Duplicate product title fingerprint"
"myaddiction Fashion Womens Square Rimless Sunglasses Sun Glasses Gradient blue","fashion","Duplicate product title fingerprint"
"myaddiction Cat Eye Sunglasses Sun Glasses Trendy Eyeglasses for Outdoor Beach Travel Pink","fashion","Duplicate product title fingerprint"
"myaddiction Retro Steampunk Sunglasses Fashion Vintage Round UV400 Shades Blue","fashion","Duplicate product title fingerprint"
"myaddiction Fashion Sunglasses Sun Glasses UV Protection Eyeglasses for Beach Travel Red Gray","fashion","Duplicate product title fingerprint"
"myaddiction Retro Steampunk Sunglasses Fashion Vintage Round UV400 Shades Black","fashion","Duplicate product title fingerprint"
"myaddiction Soft Plush Sunglasses Sun Glasses Eyewear for Masquerade Travel Photo Props Pink","fashion","Duplicate product title fingerprint"
"myaddiction Fashion Sunglasses Sun Glasses UV Protection Eyeglasses for Beach Travel Red","fashion","Duplicate product title fingerprint"
"myaddiction Love Heart Shape Sun Glasses Cute Eyewear for Women Girls Children Kids Red and Grey","fashion","Duplicate product title fingerprint"
"myaddiction Love Heart Shape Sun Glasses Cute Eyewear for Women Girls Children Kids Black and Red","fashion","Duplicate product title fingerprint"
"myaddiction Fashion Sunglasses Sun Glasses UV Protection Eyeglasses for Beach Travel Yellow","fashion","Duplicate product title fingerprint"
"myaddiction Vintage Style Butterfly Shape Sunglasses Women UV Protection Outdoor Blue","fashion","Duplicate product title fingerprint"
"myaddiction Sunglasses Eyewear Fashion UV400 Lightweight Eyeglasses Sun Glasses Brown","fashion","Duplicate product title fingerprint"
"myaddiction Oversized Thick Frame Sunglasses Sun Glasses Eyewear Trendy Women Ladies Pink","fashion","Duplicate product title fingerprint"
"myaddiction Glasses Costume Trendy Dance Rimless Stars Sun Glasses for Women Blue","fashion","Duplicate product title fingerprint"
"myaddiction Round Steampunk Sunglasses UV Blocking for Women Men Gray Lens BlackFrame","fashion","Duplicate product title fingerprint"
"Calvin Klein Jeans Mirrored Square Women Sunglasses - (CKJ 826AF 002 55 S |55| Grey Color Lens)","fashion","Duplicate product title fingerprint"
"Calvin Klein Jeans Mirrored Square Women Sunglasses - (CKJ 810AF 418 55 S |55| Grey Color Lens)","fashion","Duplicate product title fingerprint"
"Calvin Klein Mirrored Round Women Sunglasses - (CK 4338K 601 56 S |56| Pink Color Lens)","fashion","Duplicate product title fingerprint"
"Calvin Klein Jeans Mirrored Square Women Sunglasses - (CKJ 764AF 418 58 S |58| Green Color Lens)","fashion","Duplicate product title fingerprint"
"French Connection Gradient Aviator Women Sunglasses - (FCUK Oxford C1 S |61| Grey Color Lens)","fashion","Duplicate product title fingerprint"
"Calvin Klein Mirrored Round Women Sunglasses - (CK 4338K 010 56 S |56| Grey Color Lens)","fashion","Duplicate product title fingerprint"
"Calvin Klein Gradient Square Women Sunglasses - (CK 4326A 010 54 S |54| Brown Color Lens)","fashion","Duplicate product title fingerprint"
"Calvin Klein Mirrored Round Women Sunglasses - (CK 1225SK 628 55 |55| Pink Color Lens)","fashion","Duplicate product title fingerprint"
"Calvin Klein Mirrored Oval Women Sunglasses - (CK 4339K 330 53 S |53| Pink Color Lens)","fashion","Duplicate product title fingerprint"
"Calvin Klein Jeans Solid Butterfly Women Sunglasses - (CKJ 172SAF 627 65 |65| Red Color Lens)","fashion","Duplicate product title fingerprint"
"POLARIZED CAT EYE MEDIUM SIZE BLACK SUNGLASSES FOR WOMEN N GIRLS","fashion","Missing both actual and discount prices"
"T.O.G. Women Men Handmade Wood UV 400 Polarized Sunglasses Eye Glasses Eyewear 05","fashion","Duplicate product title fingerprint"
"Heart Home Hand Purse|Embroidery Stylish Silk Small Wallet Purse with Back Side Zip (Pink)","fashion","Price below minimum retail threshold (₹90)"
"Nelle Harper Women's Handbag","fashion","Duplicate product title fingerprint"
"ALSU Women's Faux Leather Wallet Hand Clutch with Phone Pocket & 4 Card Pockets (arf-003grn, Green)","fashion","Duplicate product title fingerprint"
"BeeWee® - Soft Bag Butterfly Plush Backpack Stuff Toys School Picnic for Toddler Babies Kids 2 to 6 Years Boys and Girls 3...","fashion","Non-fashion / Furniture / Toy item in Fashion"
"HAMMONDS FLYCATCHER Genuine Leather Card Holder for Men & Card Holder for Women, Black | RFID Protected Leather Card Holde...","fashion","Duplicate product title fingerprint"
"ALSU Women's Faux Leather Hand Wallet Clutch with Phone Pocket, 6 Card Slots (shd-0004blk, Black)","fashion","Duplicate product title fingerprint"
"URBAN FOREST Zylo RFID Blocking Vintage Green Leather Wallet + Keychain + Pen Combo Gift Set for Men","fashion","Non-fashion / Furniture / Toy item in Fashion"
"Hammonds Flycatcher Genuine Ladies Purse Leather, Brown | 8 Cards Slots in Ladies Purse | RFID Protection | 1 ID Slots | 5...","fashion","Duplicate product title fingerprint"
"Hide & Drink, Rustic Leather King Size Tobacco Pouch, Smoking and Field Notes Case Handmade Includes 101 Year Warranty :: ...","fashion","Missing both actual and discount prices"
"Oxims Men’s Bi-Fold VT Genuine Leather RFID Blocking Wallets (Black)","fashion","Missing both actual and discount prices"
"NEORAH Men's Vegan Leather Stylish Casual Slim & Light Weight Bi-Fold Wallet & Keychain with Card Flap Compartment Combo S...","fashion","Non-fashion / Furniture / Toy item in Fashion"
"Amazon Brand - Symbol Men's Bi-fold Leather wallet","fashion","Missing both actual and discount prices"
"Hidesign","fashion","Duplicate product title fingerprint"
"Accessorize London Women's Faux Leather Brights-Multi Strawberry Print Cardholder","fashion","Non-fashion / Furniture / Toy item in Fashion"
"Hidesign Women Wallet (Brown)","fashion","Missing both actual and discount prices"
"YOUR GIFT STUDIO Gift Hamper for Men Faux Leather Wallet, Eyewear Case and Keychain – Men’s Combo Gift (Brown)","fashion","Non-fashion / Furniture / Toy item in Fashion"
"Baggit Women's Wallet","fashion","Duplicate product title fingerprint"
"CELLEBII® Coin Purse,3D Fruit Coin Pouch Bag for Kids, Coin Tray Wallet Key Holder Clutch Bags, Headphones, Data Cable Sto...","fashion","Non-fashion / Furniture / Toy item in Fashion"
"Kuber Industries Women's Classic (Pink)","fashion","Price below minimum retail threshold (₹90)"
"URBAN FOREST Oliver Redwood RFID Blocking Leather Wallet & Premium Redwood Keychain Set for Men","fashion","Non-fashion / Furniture / Toy item in Fashion"
"TITAN Geniune Leather Bifold RFID Wallets for Guys with Coin Pocket","fashion","Duplicate product title fingerprint"
"Hidesign","fashion","Duplicate product title fingerprint"
"Hidesign","fashion","Duplicate product title fingerprint"
"Hidesign","fashion","Duplicate product title fingerprint"
"Hidesign","fashion","Duplicate product title fingerprint"
"boAt Airdopes 141 Bluetooth Truly Wireless in Ear Earbuds with 42H Playtime, Beast Mode(Low Latency Upto 80ms) for Gaming,...","electronics","Duplicate product title fingerprint"
"OnePlus Bullets Z2 Bluetooth Wireless in Ear Earphones with Mic, Bombastic Bass - 12.4 Mm Drivers, 10 Mins Charge - 20 Hrs...","electronics","Duplicate product title fingerprint"
"boAt Rockerz 255 Pro+ in-Ear Bluetooth Neckband with Upto 40 Hours Playback, ASAP Charge, IPX7, Dual Pairing, BT v5.0, wi...","electronics","Duplicate product title fingerprint"
"boAt Airdopes 141 Bluetooth Truly Wireless in Ear Earbuds with 42H Playtime, Beast Mode(Low Latency Upto 80ms) for Gaming,...","electronics","Duplicate product title fingerprint"
"OnePlus Bullets Z2 Bluetooth Wireless in Ear Earphones with Mic, Bombastic Bass - 12.4 Mm Drivers, 10 Mins Charge - 20 Hrs...","electronics","Duplicate product title fingerprint"
"OnePlus Nord Buds True Wireless in Ear Earbuds with Mic, 12.4mm Titanium Drivers, Playback:Up to 30hr case, 4-Mic Design +...","electronics","Duplicate product title fingerprint"
"ZEBRONICS Zeb-Bro in Ear Wired Earphones with Mic, 3.5mm Audio Jack, 10mm Drivers, Phone/Tablet Compatible(Green)","electronics","Duplicate product title fingerprint"
"ZEBRONICS Zeb-Bro in Ear Wired Earphones with Mic, 3.5mm Audio Jack, 10mm Drivers, Phone/Tablet Compatible(Blue)","electronics","Duplicate product title fingerprint"
"boAt Rockerz 255 Pro+ in-Ear Bluetooth Neckband with Upto 40 Hours Playback, ASAP Charge, IPX7, Dual Pairing, BT v5.0, wi...","electronics","Duplicate product title fingerprint"
"realme Buds 2 Neo Wired in Ear Earphones with Mic (Blue)","electronics","Missing both actual and discount prices"
"boAt Airdopes 121v2 in-Ear True Wireless Earbuds with Upto 14 Hours Playback, 8MM Drivers, Battery Indicators, Lightweight...","electronics","Duplicate product title fingerprint"
"pTron Bassbuds Duo in Ear Earbuds with 32Hrs Total Playtime, Bluetooth 5.1 Wireless, Stereo Audio, Touch Control TWS, with...","electronics","Duplicate product title fingerprint"
"JBL C50HI, Wired in Ear Headphones with Mic, One Button Multi-Function Remote, Lightweight & Comfortable fit (Blue)","electronics","Duplicate product title fingerprint"
"Noise Buds VS104 in-Ear Truly Wireless Earbuds with 30H of Playtime, Instacharge(10 min=150 min), 13mm Driver, Mic, Hyper ...","electronics","Duplicate product title fingerprint"
"pTron Bassbuds Duo in Ear Earbuds with 32Hrs Total Playtime, Bluetooth 5.1 Wireless, Stereo Audio, Touch Control TWS, with...","electronics","Duplicate product title fingerprint"
"Boult Audio BassBuds X1 in-Ear Wired Earphones with 10mm Extra Bass Driver and HD Sound with mic(Black)","electronics","Duplicate product title fingerprint"
"OnePlus Nord Buds True Wireless in Ear Earbuds with Mic, 12.4mm Titanium Drivers, Playback:Up to 30hr case, 4-Mic Design +...","electronics","Duplicate product title fingerprint"
"Boult Audio Z20 True Wireless in Ear Earbuds with Zen ENC Mic, 40H Playtime, Type-C Fast Charging, Made in India, 10mm Ric...","electronics","Duplicate product title fingerprint"
"OnePlus Buds Z2 Bluetooth Truly Wireless in Ear Earbuds with mic, Active Noise Cancellation, 10 Minutes Flash Charge & Upt...","electronics","Duplicate product title fingerprint"
"realme Buds Wireless 2 Neo Bluetooth in Ear Earphones with Mic, Fast Charging & Up to 17Hrs Playtime (Blue)","electronics","Duplicate product title fingerprint"
"boAt Airdopes 190 True Wireless in Ear Earbuds with Beast Mode(50ms) for Gaming, 40H Playtime, Breathing LEDs, Signature S...","electronics","Duplicate product title fingerprint"
"Boult Audio Z25 True Wireless in Ear Earbuds with 32H Playtime, 45ms Low Latency, Type-C Fast Charging (10=150Mins), Made ...","electronics","Duplicate product title fingerprint"
"Noise Buds VS104 in-Ear Truly Wireless Earbuds with 30H of Playtime, Instacharge(10 min=150 min), 13mm Driver, Mic, Hyper ...","electronics","Duplicate product title fingerprint"
"boAt Airdopes 172 True Wireless in Ear Earbuds with Enx Tech, Beast Mode, 35H Playtime, 11mm Drivers, ASAP Charge, IPX4, I...","electronics","Duplicate product title fingerprint"
"realme TechLife Buds T100 Bluetooth Truly Wireless in Ear Earbuds with mic, AI ENC for Calls, Google Fast Pair, 28 Hours T...","electronics","Duplicate product title fingerprint"
"pTron Pride Lite HBE (High Bass Earphones) in Ear Wired Earphones with Mic, 10mm Powerful Driver for Stereo Audio, Noise C...","electronics","Duplicate product title fingerprint"
"boAt Rockerz 550 Bluetooth Wireless Over Ear Headphones with Mic Upto 20 Hours Playback, 50MM Drivers, Soft Padded Ear Cus...","electronics","Duplicate product title fingerprint"
"Boult Audio Z25 True Wireless in Ear Earbuds with 32H Playtime, 45ms Low Latency, Type-C Fast Charging (10=150Mins), Made ...","electronics","Duplicate product title fingerprint"
"boAt Rockerz 335 Bluetooth in Ear Neckband with Qualcomm aptX & CVC, Upto 30 Hours Playback, ASAP Charge, Signature Sound,...","electronics","Duplicate product title fingerprint"
"ZEBRONICS Zeb-Sound Bomb 1 TWS Earbuds with BT5.0, Up to 12H Playback, Touch Controls, Voice Assistant, Splash Proof with ...","electronics","Duplicate product title fingerprint"
"boAt Rockerz 450 Bluetooth On Ear Headphones with Mic, Upto 15 Hours Playback, 40MM Drivers, Padded Ear Cushions, Integrat...","electronics","Duplicate product title fingerprint"
"JBL C200SI, Premium in Ear Wired Earphones with Mic, Signature Sound, One Button Multi-Function Remote, Angled Earbuds for...","electronics","Duplicate product title fingerprint"
"Boult Audio Curve ANC Wireless in Ear Wireless Earphones with 25dB Active Noise Cancellation, ENC Mic, 30H Playtime, 60ms ...","electronics","Duplicate product title fingerprint"
"pTron Pride Lite HBE (High Bass Earphones) in Ear Wired Earphones with Mic, 10mm Powerful Driver for Stereo Audio, Noise C...","electronics","Duplicate product title fingerprint"
"Boult Audio FXCharge Wireless in Ear Bluetooth Neckband with ENC Mic, 32H Playtime, Type-C Fast Charging (5Mins=7.5Hrs Pla...","electronics","Duplicate product title fingerprint"
"Oppo Enco Air 2 Pro Bluetooth Truly Wireless in Ear Earbuds with Mic - White","electronics","Duplicate product title fingerprint"
"Boult Audio Z40 True Wireless in Ear Earbuds with 60H Playtime, Zen™ ENC Mic, Low Latency Gaming, Type-C Fast Charging, Ma...","electronics","Duplicate product title fingerprint"
"boAt Rockerz 450 Pro Bluetooth Wireless On Ear Headphones with Mic with 70 Hours Battery, 40Mm Drivers, Bluetooth V5.0 Pad...","electronics","Duplicate product title fingerprint"
"JBL C100SI Wired In Ear Headphones with Mic, JBL Pure Bass Sound, One Button Multi-function Remote, Premium Metallic Finis...","electronics","Duplicate product title fingerprint"
"Noise Buds VS104 in-Ear Truly Wireless Earbuds with 30H of Playtime, Instacharge(10 min=150 min), 13mm Driver, Mic, Hyper ...","electronics","Duplicate product title fingerprint"
"ZEBRONICS Zeb-Sound Bomb 1 TWS Earbuds with BT5.0, Up to 12H Playback, Touch Controls, Voice Assistant, Splash Proof with ...","electronics","Duplicate product title fingerprint"
"Boult Audio BassBuds X1 in-Ear Wired Earphones with 10mm Extra Bass Driver and HD Sound with mic(Red)","electronics","Duplicate product title fingerprint"
"Boult Audio ZCharge Wireless in Ear Bluetooth Neckband with ENC Mic, 40H Playtime, Type-C Fast Charging (10Mins=15Hrs Play...","electronics","Duplicate product title fingerprint"
"realme Buds Wireless 2S in Ear Earphone with mic, Dual Device Switching & Type C Fast Charge & Up to 24Hrs Playtime, Bluet...","electronics","Duplicate product title fingerprint"
"Noise Buds VS201 V2 in-Ear Truly Wireless Earbuds with Dual Equalizer | with Mic | Total 14-Hour Playtime | Full Touch Con...","electronics","Duplicate product title fingerprint"
"ZEBRONICS Zeb-Bro in Ear Wired Earphones with Mic, 3.5mm Audio Jack, 10mm Drivers, Phone/Tablet Compatible(Red)","electronics","Duplicate product title fingerprint"
"boAt Rockerz 330 Bluetooth Wireless in Ear Earphones with mic, Upto 30 Hours Playtime, ASAP Charge, Signature Sound, Dual ...","electronics","Duplicate product title fingerprint"
"Boult Audio X30 True Wireless in Ear Earbuds with 40H Playtime, Quad Mic ENC, 45ms Xtreme Low Latency, Made in India, Typ...","electronics","Duplicate product title fingerprint"
"Oppo Enco Buds Bluetooth True Wireless in Ear Earbuds(TWS) with Mic, 24H Battery Life, Supports Dolby Atmos Noise Cancella...","electronics","Duplicate product title fingerprint"
"boAt Immortal 121 TWS Wireless Gaming in Ear Earbuds with Beast Mode(40ms Low Latency), 40H Playtime, Blazing LEDs, Quad M...","electronics","Missing both actual and discount prices"
"ZEBRONICS Zeb-Buds 30 3.5mm Stereo Wired in Ear Earphone with Microphone for Calling, Volume Control, 14mm Drivers, Stylis...","electronics","Duplicate product title fingerprint"
"Noise Buds VS201 V2 in-Ear Truly Wireless Earbuds with Dual Equalizer | with Mic | Total 14-Hour Playtime | Full Touch Con...","electronics","Duplicate product title fingerprint"
"boAt Rockerz 245v2 Bluetooth Wireless in Ear Earphones with Upto 8 Hours Playback, 12mm Drivers, IPX5, Magnetic Eartips, I...","electronics","Duplicate product title fingerprint"
"Xiaomi Wired in-Ear Earphones with Mic, Ultra Deep Bass & Metal Sound Chamber (Blue)","electronics","Duplicate product title fingerprint"
"Noise Buds VS104 Pro Truly Wireless Earbuds with 40H of Playtime, Quad Mic with ENC, Instacharge(10 min=150 min), 14.2mm D...","electronics","Duplicate product title fingerprint"
"boAt Bassheads 100 Wired in Ear Earphones with Mic (Mint Orange)","electronics","Duplicate product title fingerprint"
"ZEBRONICS Zeb-Thunder Wireless Bluetooth Over The Ear Headphone FM, mSD, 9 hrs Playback with Mic (Red)","electronics","Duplicate product title fingerprint"
"JBL C200SI, Premium in Ear Wired Earphones with Mic, Signature Sound, One Button Multi-Function Remote, Angled Earbuds for...","electronics","Duplicate product title fingerprint"
"Samsung Ehs64 Ehs64Avfwecinu Hands-Free Wired In Ear Earphones With Mic With Remote Note (White)","electronics","Missing both actual and discount prices"
"Boult Audio Probass Curve Bluetooth Wireless in Ear Earphones with Mic with Ipx5 Water Resistant, 12H Battery Life & Extra...","electronics","Duplicate product title fingerprint"
"ZEBRONICS Zeb-Thunder Wireless Bluetooth Over The Ear Headphone FM, mSD, 9 hrs Playback with Mic (Brown)","electronics","Duplicate product title fingerprint"
"boAt Airdopes 441 Bluetooth Truly Wireless in Ear Earbuds with Mic with Up to 30H Total Playback Iwp Technology Immersive ...","electronics","Duplicate product title fingerprint"
"boAt Rockerz 330 Pro in-Ear Bluetooth Neckband with 60HRS Playtime, ASAP Charge, ENx Tech, Signature Sound, BT v5.2, Dua...","electronics","Duplicate product title fingerprint"
"Noise Buds VS104 Pro Truly Wireless Earbuds with 40H of Playtime, Quad Mic with ENC, Instacharge(10 min=150 min), 14.2mm D...","electronics","Duplicate product title fingerprint"
"pTron Tangentbeat in-Ear Bluetooth 5.0 Wireless Headphones with Mic, Enhanced Bass, 10mm Drivers, Clear Calls, Fast Chargi...","electronics","Duplicate product title fingerprint"
"Boult Audio Z40 True Wireless in Ear Earbuds with 60H Playtime, Zen™ ENC Mic, Low Latency Gaming, Type-C Fast Charging, Ma...","electronics","Duplicate product title fingerprint"
"Boult Audio Omega True Wireless in Ear Earbuds with 30dB ANC, 32H Playtime, 45ms Xtreme Low Latency Mode, Quad Mic ENC, 3 ...","electronics","Duplicate product title fingerprint"
"pTron Bassbuds Fute 5.1 Bluetooth Truly Wireless Featherlite TWS in Ear Earbuds with Mic 25Hrs Playtime, 13Mm Dynamic Driv...","electronics","Duplicate product title fingerprint"
"boAt Rockerz 450 Bluetooth On Ear Headphones with Mic, Upto 15 Hours Playback, 40MM Drivers, Padded Ear Cushions, Integrat...","electronics","Duplicate product title fingerprint"
"Infinity (JBL Glide 120, in Ear Wireless Earphones with Mic, Deep Bass, Dual Equalizer, 12mm Drivers, Premium Metal Earbud...","electronics","Duplicate product title fingerprint"
"truke Newly Launched Buds A1 True Wireless Earbuds with 30dB Hybrid ANC, 48H Playtime, Quad-Mics with ENC, 3+1 EQ Modes, F...","electronics","Duplicate product title fingerprint"
"COSTAR Mateband Bluetooth Wireless Neckband Earphones - Adjust EQ for Bombastic Bass, 24 Hours Playtime, Magnetic Instant ...","electronics","Duplicate product title fingerprint"
"boAt Rockerz 330 Pro in-Ear Bluetooth Neckband with 60HRS Playtime, ASAP Charge, ENx Tech, Signature Sound, BT v5.2, Dua...","electronics","Duplicate product title fingerprint"
"Boult Audio X1 Buds True Wireless in Ear Earbuds with 24H Playtime, Quad Mic ENC, Made in India, Type-C Fast Charging, Env...","electronics","Duplicate product title fingerprint"
"Ambrane Wired in Ear Earphones with in-line Mic for Clear Calling, 14mm Dynamic Drivers for BoostedBass™, 3.5mm Jack, Mult...","electronics","Duplicate product title fingerprint"
"JBL C50HI, Wired in Ear Headphones with Mic, One Button Multi-Function Remote, Lightweight & Comfortable fit (Red)","electronics","Duplicate product title fingerprint"
"ZEBRONICS Zeb-Buds 30 3.5Mm Stereo Wired in Ear Earphones with Mic for Calling, Volume Control, Multifunction Button, 14Mm...","electronics","Duplicate product title fingerprint"
"JBL Tune 230NC TWS, Active Noise Cancellation Earbuds with Mic, Massive 40 Hrs Playtime with Speed Charge, Adjustable EQ A...","electronics","Duplicate product title fingerprint"
"pTron Tangent Duo Made in India Bluetooth 5.2 Wireless in-Ear Earphones with Mic, 24Hrs Playback, 13mm Drivers, Punchy Bas...","electronics","Duplicate product title fingerprint"
"boAt Newly Launched Rockerz 255 Max in Ear Earphones with 60H Playtime, EQ Modes, Power Magnetic Earbuds, Beast™ Mode, EN...","electronics","Duplicate product title fingerprint"
"boAt Newly Launched Rockerz 255 Max in Ear Earphones with 60H Playtime, EQ Modes, Power Magnetic Earbuds, Beast™ Mode, EN...","electronics","Duplicate product title fingerprint"
"boAt Airdopes 181 in-Ear True Wireless Earbuds with ENx Tech, Beast Mode(Low Latency Upto 60ms) for Gaming, with Mic, AS...","electronics","Duplicate product title fingerprint"
"boAt Rockerz 245 pro Bluetooth in Ear Neckband with Beast Mode(Super Low Latency) for Gaming, ENx Tech for Clear Calls, AS...","electronics","Duplicate product title fingerprint"
"boAt Airdopes 113 TWS Wireless in Ear Earbuds with ENx Tech, Beast Mode, ASAP Charge, 24H Playtime, Immersive Audio, IPX4,...","electronics","Duplicate product title fingerprint"
"Sony WI-XB400 Wireless Extra Bass in-Ear Headphones with 15 hrs Battery, Quick Charge, Magnetic Earbuds, Tangle Free Cord,...","electronics","Duplicate product title fingerprint"
"ZEBRONICS Zeb Evolve Wireless Bluetooth in Ear Neckband Earphone, Rapid Charge, Dual Pairing, Magnetic earpiece,Voice Assi...","electronics","Duplicate product title fingerprint"
"Boult Audio Newly Launched X10 True Wireless in Ear Earbuds with 45H Playtime, 40ms Xtreme Low Latency Mode, ENC Mic, Made...","electronics","Duplicate product title fingerprint"
"Boult Audio ZCharge Wireless in Ear Bluetooth Neckband with ENC Mic, 40H Playtime, Type-C Fast Charging (10Mins=15Hrs Play...","electronics","Duplicate product title fingerprint"
"boAt Newly Launched Airdopes 458 TWS Earbuds with Spatial Bionic Sound by THX,in Ear Detection, ENx™Tech,30H Playtime, Bea...","electronics","Duplicate product title fingerprint"
"boAt Airdopes 413ANC True Wireless in Ear Earbuds with Active Noise Cancellation, 2 Mics ENx Tech, Signature Sound, Touch ...","electronics","Duplicate product title fingerprint"
"Boult Audio Powerbuds True Wireless in Ear Earbuds with 120H Playtime, in-Built Powerbank, Type-C Fast Charging, Made in I...","electronics","Duplicate product title fingerprint"
"boAt Airdopes 121 PRO True Wireless in Ear Earbuds Signature Sound, Quad Mic ENx, Beast Mode for Gaming, 40H Playtime, IW...","electronics","Duplicate product title fingerprint"
"pTron Newly Launched Bassbuds Zen in-Ear Wireless TWS Earbuds with Quad ENC Mic & TruTalk 50Hrs Playtime, BT5.3 Headphones...","electronics","Duplicate product title fingerprint"
"JBL Tune 215BT, 16 Hrs Playtime with Quick Charge, in Ear Bluetooth Wireless Earphones with Mic, 12.5mm Premium Earbuds wi...","electronics","Duplicate product title fingerprint"
"Ambrane Wired in Ear Earphones with in-line Mic for Clear Calling, 12mm Dynamic Drivers for BoostedBass™, 3.5mm Jack, Mult...","electronics","Duplicate product title fingerprint"
"boAt Rockerz 330ANC Bluetooth in Ear Neckband with Mic, Crystal Bionic Sound Powered by Dirac Opteo, Active Noise Cancella...","electronics","Duplicate product title fingerprint"
"Boult Audio YCharge Wireless in Ear Bluetooth Earphones with 12H Playtime, Type-C Fast Charging (20Min=100% Playtime), Pr...","electronics","Duplicate product title fingerprint"
"pTron Tangent Duo Made in India Bluetooth 5.2 Wireless in-Ear Earphones with Mic, 24Hrs Playback, 13mm Drivers, Punchy Bas...","electronics","Duplicate product title fingerprint"
"Boult Audio Airbass Fx1 Bluetooth Truly Wireless in Ear Earbuds with Mic with 32H Total Playtime, Type-C Fast Charging, To...","electronics","Duplicate product title fingerprint"
"ZEBRONICS Zeb-Thunder PRO On-Ear Wireless Headphone with BTv5.0, Up to 21 Hours Playback, 40mm Drivers with Deep Bass, Wir...","electronics","Duplicate product title fingerprint"
"Noise Newly Launched Buds X Truly Wireless in-Ear Earbuds with ANC(Upto 25dB), 35H Playtime, Quad Mic with ENC, Instacharg...","electronics","Duplicate product title fingerprint"
"JBL Wave Beam in-Ear Earbuds (TWS) with Mic, App for Customized Extra Bass EQ, 32 Hrs Battery and Quick Charge, IP54, Ambi...","electronics","Duplicate product title fingerprint"
"Amazon Basics Bluetooth 5.0 Truly Wireless in Ear Earbuds, Up to 38 Hours Playtime, IPX-5 Rated, Type-C Charging Case, Tou...","electronics","Duplicate product title fingerprint"
"JBL Endurance RunBT, Sports in Ear Wireless Bluetooth Earphones with Mic, Sweatproof, Flexsoft eartips, Magnetic Earbuds, ...","electronics","Duplicate product title fingerprint"
"boAt Airdopes 441 Pro Bluetooth Truly Wireless in Ear Earbuds with mic, Upto 150 Hours Playback, Signature Sound, IWP™ Tec...","electronics","Duplicate product title fingerprint"
"boAt Rockerz 558 Bluetooth Wireless Over Ear Headphones with Mic Upto 20 Hours Playback, 50MM Drivers, Soft Padded Ear Cus...","electronics","Duplicate product title fingerprint"
"Blaupunkt Newly Launched BTW300 BASS Buds Truly Wireless Bluetooth in Ear Earbuds I Bass Demon Tech I ENC CRISPR TECH I 40...","electronics","Duplicate product title fingerprint"
"ZEBRONICS Sound Bomb 7 Bluetooth TWS in Ear Earbuds with 40H Playtime, ENC Mic, Rapid Charge, Upto 50ms Gaming Mode, Flash...","electronics","Duplicate product title fingerprint"
"pTron Tangent Urban, 60Hrs Playtime, ENC, Bluetooth 5.3 Earphones, Low Latency Gaming, Punchy Bass, in-Ear Wireless Headph...","electronics","Duplicate product title fingerprint"
"JBL Tune 230NC TWS, Active Noise Cancellation Earbuds with Mic, Massive 40 Hrs Playtime with Speed Charge, Adjustable EQ A...","electronics","Duplicate product title fingerprint"
"JBL Tune 510BT, On Ear Wireless Headphones with Mic, up to 40 Hours Playtime, Pure Bass, Quick Charging, Dual Pairing, Blu...","electronics","Duplicate product title fingerprint"
"Boult Audio Z15 with 32Hrs Playtime, Pro+Calling HD Mic, Type-C Lightning Boult™ Fast Charging (10mins=100Mins), BoomX™ Te...","electronics","Duplicate product title fingerprint"
"VOYEE V33 Gaming Bluetooth Truly Wireless in Ear Earbuds with Mic TWS 5.2 Ipx5 Water/Sweat Resistant, Deep Bass, 60 Ms Low...","electronics","Duplicate ASIN"
"JBL Endurance Run 2, Sports in Ear Wired Earphones with Mic, Pure Bass, Sweatproof, Flexsoft eartips, Magnetic Earbuds, Fl...","electronics","Duplicate product title fingerprint"
"Noise Buds VS303 in-Ear Truly Wireless Earbuds with 24H of Playtime, Hyper Sync Technology, with Mic, 13mm Driver,Full Tou...","electronics","Duplicate product title fingerprint"
"ZEBRONICS Sound Bomb 7 Bluetooth TWS in Ear Earbuds with 40H Playtime, ENC Mic, Rapid Charge, Upto 50ms Gaming Mode, Flash...","electronics","Duplicate product title fingerprint"
"boAt Airdopes 393ANC True Wireless in Ear Earbuds with 32dB Hybrid ANC, Quad Mics with ENx™ Tech, 30 Hours Playback,Beast™...","electronics","Duplicate product title fingerprint"
"ZEBRONICS Zeb-Duke Bluetooth Wireless Over Ear Headphone with Mic (Blue)","electronics","Duplicate product title fingerprint"
"Amazon Basics in-Ear Bluetooth 5.0 Neckband with Up to 30 Hours Playtime, Magnetic Earbuds, Voice Assistant, Dual Pairing ...","electronics","Duplicate product title fingerprint"
"Jabra Elite 3 in Ear Bluetooth Truly Wireless in Ear Earbuds with mic, Noise Isolating for Clear Calls, with Fast Charging...","electronics","Duplicate product title fingerprint"
"JBL Wave Beam in-Ear Earbuds (TWS) with Mic, App for Customized Extra Bass EQ, 32 Hrs Battery and Quick Charge, IP54, Ambi...","electronics","Duplicate product title fingerprint"
"truke BTG Alpha True Gaming In Ear Earbuds with 40ms Low Latency Gaming Mode, 7 RGB LEDs, Instant Pairing, AAC Codec, Upto...","electronics","Duplicate product title fingerprint"
"boAt Newly Launched Airdopes 458 TWS Earbuds with Spatial Bionic Sound by THX,in Ear Detection, ENx™Tech,30H Playtime, Bea...","electronics","Duplicate product title fingerprint"
"boAt Rockerz 255F Sports Wireless in Ear Earphones with Mic, Super Extra Bass, IPX5 Water & Sweat Resistance and Up to 6H ...","electronics","Duplicate product title fingerprint"
"Samsung Galaxy Buds2 Pro, Bluetooth Truly Wireless in Ear Earbuds with Noise Cancellation (Bora Purple, with Mic)","electronics","Duplicate product title fingerprint"
"Boult Audio XCharge Wireless in Ear Bluetooth Earphones with ENC Mic, 28H Playtime, Type-C Fast Charging (15Min=15Hrs Play...","electronics","Duplicate product title fingerprint"
"boAt Rockerz 450 Pro Bluetooth Wireless On Ear Headphones with Mic with 70 Hours Battery, 40Mm Drivers, Bluetooth V5.0 Pad...","electronics","Duplicate product title fingerprint"
"boAt Bassheads 152 Masaba Edition in Ear Wired Earphones with Mic(Black Star)","electronics","Duplicate product title fingerprint"
"Zebronics Zeb-Bang Foldable Wireless BT Headphone Comes with 40mm Drivers, AUX Connectivity, Call Function, 16Hrs* Playbac...","electronics","Duplicate product title fingerprint"
"boAt Newly Launched Rockerz 255 Max in Ear Earphones with 60H Playtime, EQ Modes, Power Magnetic Earbuds, Beast™ Mode, EN...","electronics","Duplicate product title fingerprint"
"pTron Tangent Duo Made in India Bluetooth 5.2 Wireless in-Ear Earphones with Mic, 24Hrs Playback, 13mm Drivers, Punchy Bas...","electronics","Duplicate product title fingerprint"
"realme Buds Wireless 2 Neo Bluetooth in Ear Earphones with Mic (Green)","electronics","Missing both actual and discount prices"
"truke Buds PRO Hybrid Active Noise Cancelling ANC Bluetooth Truly Wireless in Ear Earbuds with mic, Transparency Mode, 12....","electronics","Duplicate product title fingerprint"
"Sony WH-XB910N Extra BASS Noise Cancellation Headphones Wireless Bluetooth Over The Ear Headset with Mic, Alexa Voice Cont...","electronics","Duplicate product title fingerprint"
"Logitech H151 Wired On Ear Headphones With Mic (Black)","electronics","Duplicate ASIN"
"Kratos Thump Wired Earphones, Powerful Bass, HD Sound Quality Earphones, Tangle Free Cable, Comfortable in Ear Fit, with ...","electronics","Duplicate product title fingerprint"
"Mivi DuoPods A550 Truly Wireless in Ear Earbuds with Quad Mic ENC(Environmental Noise Cancellation), 13mm Powerful Bass, 5...","electronics","Duplicate product title fingerprint"
"Xiaomi REDMI Wired High Definition in-Ear Earphones with in-Built HD Mic, Hi-Res Audio Certified, 10 mm Driver, Metal Soun...","electronics","Duplicate product title fingerprint"
"pTron Bassbuds Plus True Wireless Bluetooth 5.0 in Ear Earbuds with, Deep Bass, IPX4 Water/Sweat Resistant, Passive Noise ...","electronics","Duplicate product title fingerprint"
"Kratos Thump Wired Earphones, Powerful Bass, HD Sound Quality Earphones, Tangle Free Cable, Comfortable in Ear Fit, with ...","electronics","Duplicate product title fingerprint"
"Redmi SonicBass Wireless in Ear Earphones with Mic Noise Cancellation, IPX4 Splash & Sweat Proof, Multi-Point Dual Pairin...","electronics","Duplicate product title fingerprint"
"Mivi Duopods A25 Bluetooth Truly Wireless in Ear Earbuds with Mic with 40Hours Battery, 13Mm Bass Drivers & Made in India....","electronics","Duplicate product title fingerprint"
"boAt Airdopes 393ANC True Wireless in Ear Earbuds with 32dB Hybrid ANC, Quad Mics with ENx™ Tech, 30 Hours Playback,Beast™...","electronics","Duplicate product title fingerprint"
"OnePlus Buds Pro Bluetooth Truly Wireless in Ear Earbuds with mic, Smart Adaptive Noise Cancellation, 10 Minutes Warp Char...","electronics","Duplicate product title fingerprint"
"truke Fit 1+ Bluetooth 5.1 Truly Wireless in Ear Earbuds with mic, Dedicated Gaming Mode, 48hrs of Playtime, IPX4, Touch C...","electronics","Duplicate product title fingerprint"
"Sony WI-C310 Wireless Headphones with 15 Hrs Battery Life, Quick Charge, Magnetic Earbuds for Tangle Free Carrying, BT ver...","electronics","Duplicate product title fingerprint"
"JBL Tune 215BT, 16 Hrs Playtime with Quick Charge, in Ear Bluetooth Wireless Earphones with Mic, 12.5mm Premium Earbuds wi...","electronics","Duplicate product title fingerprint"
"Blaupunkt Newly Launched BTW20 Bluetooth Truly Wireless In Ear Earbuds with Deep Bass I 30 Hrs Playtime* I Built in Mic I ...","electronics","Duplicate product title fingerprint"
"JBL Endurance Run 2, Sports in Ear Wired Earphones with Mic, Pure Bass, Sweatproof, Flexsoft eartips, Magnetic Earbuds, Fl...","electronics","Duplicate product title fingerprint"
"Noise Beads Bluetooth Truly Wireless in Ear Earbuds with Mic, 18 Hours of Playtime, Metallic Finish, Hypersync, Full Touch...","electronics","Duplicate product title fingerprint"
"Mivi Duopods A25 Bluetooth Truly Wireless In Ear Earbuds With Mic Upto 40 Hours Playtime With Ipx4 Water Resistance, Smoot...","electronics","Duplicate product title fingerprint"
"Zebronics ZEB-COUNTY 3W Wireless Bluetooth Portable Speaker With Supporting Carry Handle, USB, SD Card, AUX, FM & Call Fun...","electronics","Duplicate product title fingerprint"
"JBL Go 2, Wireless Portable Bluetooth Speaker with Mic, Signature Sound, Vibrant Color Options with IPX7 Waterproof & AUX...","electronics","Duplicate product title fingerprint"
"ZEBRONICS Zeb-VITA Wireless Bluetooth 10W Portable Bar Speaker with Supporting USB, SD Card, AUX, FM, TWS & Call Function....","electronics","Duplicate product title fingerprint"
"boAt Stone 620 Bluetooth Speaker with 12W RMS Stereo Sound, 10HRS Playtime, TWS Feature, IPX4, Multi-Compatibility Mode(Blue)","electronics","Duplicate product title fingerprint"
"All-New Echo Dot (5th Gen, 2023 release) | Smart speaker with Bigger sound, Motion Detection, Temperature Sensor and Alex...","electronics","Duplicate product title fingerprint"
"Zebronics ZEB-COUNTY 3W Wireless Bluetooth Portable Speaker With Supporting Carry Handle, USB, SD Card, AUX, FM & Call Fun...","electronics","Duplicate product title fingerprint"
"Zebronics ZEB-COUNTY 3W Wireless Bluetooth Portable Speaker With Supporting Carry Handle, USB, SD Card, AUX, FM & Call Fun...","electronics","Duplicate product title fingerprint"
"boAt Stone 135 Portable Wireless Speaker with 5W RMS Immersive Sound, IPX4 Water Resistance, True Wireless Feature, Up to ...","electronics","Duplicate product title fingerprint"
"AmazonBasics Bluetooth Speaker 5.0 Soundbar with 16W RMS, 2000mAh Battery, Upto 19 Hrs Playtime Aux/USB Port (Black)","electronics","Duplicate product title fingerprint"
"JBL Go 3, Wireless Ultra Portable Bluetooth Speaker, Pro Sound, Vibrant Colors with Rugged Fabric Design, Waterproof, Type...","electronics","Duplicate product title fingerprint"
"Mivi Roam 2 Bluetooth 5W Portable Speaker,24 Hours Playtime,Powerful Bass, Wireless Stereo Speaker with Studio Quality Sou...","electronics","Duplicate product title fingerprint"
"All-New Echo Dot (5th Gen, 2023 release) | Smart speaker with Bigger sound, Motion Detection, Temperature Sensor and Alex...","electronics","Duplicate product title fingerprint"
"boAt Stone 620 Bluetooth Speaker with 12W RMS Stereo Sound, 10HRS Playtime, TWS Feature, IPX4, Multi-Compatibility Modes(G...","electronics","Duplicate product title fingerprint"
"ZEBRONICS Zeb-Vita Plus Mini 16 w Soundbar Supporting LED Display, USB, SD Card, AUX, FM, TWS & Call Function. (Grey)","electronics","Duplicate product title fingerprint"
"boAt Stone 135 Portable Wireless Speaker with 5W RMS Immersive Sound, IPX4 Water Resistance, True Wireless Feature, Up to ...","electronics","Duplicate product title fingerprint"
"JBL Go 2, Wireless Portable Bluetooth Speaker with Mic, JBL Signature Sound, Vibrant Color Options with IPX7 Waterproof & ...","electronics","Duplicate product title fingerprint"
"boAt Stone 620 Bluetooth Speaker with 12W RMS Stereo Sound, 10HRS Playtime, TWS Feature, IPX4, Multi-Compatibility Mode(Red)","electronics","Duplicate product title fingerprint"
"AmazonBasics 5W Bluetooth 5.0 Speaker, Upto 36 Hrs Playtime, True Wireless Technology, Built in Mic, Multiple Connectivity...","electronics","Duplicate product title fingerprint"
"Portronics SoundDrum 1 10W TWS Portable Bluetooth 5.0 Speaker with Powerful Bass, Inbuilt-FM & Type C Charging Cable Inclu...","electronics","Duplicate product title fingerprint"
"ZEBRONICS Zeb-Fun 3 W Karaoke Mic Comes with Bluetooth Supporting Speaker, mSD Card, AUX and Media Control(Green)","electronics","Duplicate product title fingerprint"
"PTron Newly Launched Musicbot Lite 5W Mini Bluetooth Speaker with 6Hrs Playtime, Immersive Sound, 40mm Driver, BT5.1 with ...","electronics","Duplicate product title fingerprint"
"pTron Fusion Evo v2 10W Bluetooth Speaker 5.0 Mini Soundbar, 10Hrs Playback, Stereo Soundbar for Phone/TV/Laptop/Tablets/P...","electronics","Duplicate product title fingerprint"
"boAt Stone 1200 14W Bluetooth Speaker with Upto 9 Hours Battery, RGB LEDs, IPX7 and TWS Feature((Techno Purple)","electronics","Duplicate product title fingerprint"
"Blaupunkt SBA10 10W Bluetooth Soundbar Speaker for TV with Bluetooth, AUX, USB, TWS Mini Soundbar for TV/PC/Projectors/Tab...","electronics","Duplicate product title fingerprint"
"PTron Newly Launched Musicbot Lite 5W Mini Bluetooth Speaker with 6Hrs Playtime, Immersive Sound, 40mm Driver, BT5.1 with ...","electronics","Duplicate product title fingerprint"
"JBL Flip 5 Wireless Portable Bluetooth Speaker, Signature Sound with Powerful Bass Radiator, Vibrant Colors with Rugged Fa...","electronics","Duplicate product title fingerprint"
"ZEBRONICS Zeb-County Wireless Bluetooth Portable Speaker with Supporting Carry Handle, USB, SD Card, AUX, FM & Call Functi...","electronics","Duplicate product title fingerprint"
"Zebronics Zeb-County 3 Portable Wireless Speaker Supporting Bluetooth v5.0, FM Radio, Call Function, Built-in Rechargeable...","electronics","Duplicate product title fingerprint"
"Oraimo Palm Wireless Bluetooth Speaker Portable Speaker with 8W Studio Quality Sound, Powerful Bass, 5 Hours Playtime, IPX...","electronics","Duplicate product title fingerprint"
"Mi Portable Bluetooth Speaker with 16W Hi-Quality Speaker, Type C Charging, Upto 13hrs of Playback Time & IPX7 Waterproof...","electronics","Duplicate product title fingerprint"
"Infinity (JBL) Fuze 100, Wireless Portable Bluetooth Speaker with Mic, Deep Bass, Dual Equalizer, IPX7 Waterproof, Rugged ...","electronics","Duplicate product title fingerprint"
"Bose SoundLink Flex Bluetooth Portable Speaker, Wireless Waterproof Speaker for Outdoor Travel-Black","electronics","Duplicate product title fingerprint"
"Aroma® Studio 1 Handy 10W Bluetooth Speaker Hi-fi Stereo Sound Surround Upto 10 Hours Playback, Best for Mobile, Laptop/P...","electronics","Duplicate product title fingerprint"
"boAt Stone 1200 14W Bluetooth Speaker with Upto 9 Hours Battery, RGB LEDs, IPX7 and TWS Feature(Blue)","electronics","Duplicate product title fingerprint"
"Portronics SoundDrum 1 10W TWS Portable Bluetooth 5.0 Speaker with Powerful Bass, Inbuilt-FM & Type C Charging Cable Inclu...","electronics","Duplicate product title fingerprint"
"boAt Stone 260 4W Bluetooth Speaker with Upto 9 Hours Playback, IPX5 and Carabiner(Psyche)","electronics","Duplicate product title fingerprint"
"ZEBRONICS Zeb-County Wireless Bluetooth Portable Speaker with Supporting Carry Handle, USB, SD Card, AUX, FM & Call Functi...","electronics","Duplicate product title fingerprint"
"JBL Go 3, Wireless Ultra Portable Bluetooth Speaker, Pro Sound, Vibrant Colors with Rugged Fabric Design, Waterproof, Type...","electronics","Duplicate product title fingerprint"
"boAt Stone 1000v2 14W Bluetooth Speaker Signature Sound, Upto 8 Hours Playback, Rugged Design, Integrated Controls, Blueto...","electronics","Duplicate product title fingerprint"
"JBL Clip 4, Wireless Ultra Portable Bluetooth Speaker, JBL Pro Sound, Integrated Carabiner, Vibrant Colors with Rugged Fab...","electronics","Duplicate product title fingerprint"
"Mivi Roam 2 Bluetooth 5W Portable Speaker,24 Hours Playtime,Powerful Bass, Wireless Stereo Speaker with Studio Quality Sou...","electronics","Duplicate product title fingerprint"
"ZEBRONICS Zeb-Juke BAR 9500WS PRO Dolby 5.1 Soundbar with Wireless Satellites, Dolby Audio, 525 Watts Output Power, 16.5cm...","electronics","Duplicate product title fingerprint"
"ZEBRONICS Zeb-Vita Plus Mini 16 w Soundbar Supporting LED Display, USB, SD Card, AUX, FM, TWS & Call Function. (Blue)","electronics","Duplicate product title fingerprint"
"boAt Stone 260 4W Bluetooth Speaker with Upto 9 Hours Playback, IPX5 and Carabiner(Enigma)","electronics","Duplicate product title fingerprint"
"JBL Go 3, Wireless Ultra Portable Bluetooth Speaker, Pro Sound, Vibrant Colors with Rugged Fabric Design, Waterproof, Type...","electronics","Duplicate product title fingerprint"
"Infinity (JBL) Fuze 100, Wireless Portable Bluetooth Speaker with Mic, Deep Bass, Dual Equalizer, IPX7 Waterproof, Rugged ...","electronics","Duplicate product title fingerprint"
"ZEBRONICS Zeb-Vita Plus Mini 16 w Soundbar Supporting LED Display, USB, SD Card, AUX, FM, TWS & Call Function. (Ice camo)","electronics","Duplicate product title fingerprint"
"Bose SoundLink Flex Bluetooth Portable Speaker, Wireless Waterproof Speaker for Outdoor Travel - White","electronics","Duplicate product title fingerprint"
"JBL Go 3, Wireless Ultra Portable Bluetooth Speaker, Pro Sound, Vibrant Colors with Rugged Fabric Design, Waterproof, Type...","electronics","Duplicate product title fingerprint"
"JBL Flip 4, Wireless Portable Bluetooth Speaker with Mic, Signature Sound with Bass Radiator, Vibrant Colors with Rugged F...","electronics","Duplicate product title fingerprint"
"Zebronics Zeb-County 3 Portable Wireless Speaker Supporting Bluetooth v5.0, FM Radio, Call Function, Built-in Rechargeable...","electronics","Duplicate product title fingerprint"
"ZEBRONICS Zeb-Vita Plus Mini 16 w Soundbar Supporting LED Display, USB, SD Card, AUX, FM, TWS & Call Function. (Red camo)","electronics","Duplicate product title fingerprint"
"JBL Flip 6 Wireless Portable Bluetooth Speaker Pro Sound, Upto 12 Hours Playtime, IP67 Water & Dustproof, PartyBoost & Per...","electronics","Duplicate product title fingerprint"
"Aroma® Studio 1 Handy 10W Bluetooth Speaker Hi-fi Stereo Sound Surround Upto 10 Hours Playback, Best for Mobile, Laptop/P...","electronics","Duplicate product title fingerprint"
"JBL Go 2, Wireless Portable Bluetooth Speaker with Mic, Signature Sound, Vibrant Color Options with IPX7 Waterproof & AUX...","electronics","Duplicate product title fingerprint"
"JBL Clip 4, Wireless Ultra Portable Bluetooth Speaker, Pro Sound, Integrated Carabiner, Vibrant Colors with Rugged Fabric ...","electronics","Duplicate product title fingerprint"
"ZEBRONICS Sound Bomb X1 3-in-1 Wireless Bluetooth v5.0 In Ear Earbuds + Speaker Combo with 30 Hour Backup, Built-in LED To...","electronics","Duplicate product title fingerprint"
"ZEBRONICS Sound Bomb X1 3-in-1 Wireless Bluetooth v5.0 In Ear Earbuds + Speaker Combo with 30 Hour Backup, Built-in LED To...","electronics","Duplicate product title fingerprint"
"boAt Stone 1000 14W Bluetooth Speaker with 8 Hours Playback, Bluetooth v5.0, IPX5 Water Resistance(Blue)","electronics","Duplicate product title fingerprint"
"UBON Cool Bass Sp-70 Bluetooth Wireless Speaker 10W, Bluetooth 5.0, Tf Card, Aux Mode, in Built Fm, USB Support Powerful 2...","electronics","Duplicate product title fingerprint"
"Aroma® Studio 1 Handy 10W Bluetooth Speaker Hi-fi Stereo Sound Surround Upto 10 Hours Playback, Best for Mobile, Laptop/P...","electronics","Duplicate product title fingerprint"
"Bose SoundLink Flex Bluetooth Portable Speaker, Wireless Waterproof Speaker for Outdoor Travel - Carmine red","electronics","Duplicate product title fingerprint"
"Amazon Basics Bluetooth Speaker, IPX5 Waterproof, TWS Function, 9W, Powerful Bass, BT 5.0, Up to 15hrs Playtime*, microSD ...","electronics","Duplicate product title fingerprint"
"Blaupunkt BT02 Portable Wireless Bluetooth Speaker with 5W HD Sound, Deep Bass, TWS Function, AUX Input, Speaker with Mobi...","electronics","Duplicate product title fingerprint"
"Marshall Emberton II Wireless Bluetooth Portable Speaker (Cream)","electronics","Duplicate product title fingerprint"
"Blaupunkt BT02 Portable Wireless Bluetooth Speaker with 5W HD Sound, Deep Bass, TWS Function, AUX Input, Speaker with Mobi...","electronics","Duplicate product title fingerprint"
"GOVO GOSURROUND 610 100 Watt 2.1 Channel with HDMI, Optical & LED Display Wireless Bluetooth Soundbar (Platinum Black)","electronics","Missing both actual and discount prices"
"ZEBRONICS Zeb-County 3W Wireless Bluetooth Portable Speaker with Supporting Carry Handle & Call Function & Zeb Evolve Wire...","electronics","Duplicate product title fingerprint"
"Aroma® Studio 7 Mini 3W Bluetooth Speaker Hi-fi Stereo Sound Surround Upto 4 Hours Playback, Best for Mobile, Laptop/PC, I...","electronics","Duplicate product title fingerprint"
"Portronics Resound 5W Bluetooth 5.3 Wireless Speaker with FM Radio, TWS Function, Multicolor LED Lights, 6-8 Hrs Playtime(...","electronics","Duplicate product title fingerprint"
"JBL Go 3, Wireless Ultra Portable Bluetooth Speaker, Pro Sound, Vibrant Colors with Rugged Fabric Design, Waterproof, Type...","electronics","Duplicate product title fingerprint"
"JB SUPER Bass Portable Wireless Bluetooth Speaker JB 311 with inbuilt Mobile Phone Stand Built-in mic, TF Card Slot, USB P...","electronics","Duplicate product title fingerprint"
"Aroma® Studio 1 Raftaar 10W Bluetooth Speaker Hi-fi Stereo Sound Surround Upto 10 Hours Playback, Best for Mobile, Laptop/...","electronics","Duplicate product title fingerprint"
"boAt Stone 1000v2 14W Bluetooth Speaker Signature Sound, Upto 8 Hours Playback, Rugged Design, Integrated Controls, Blueto...","electronics","Duplicate product title fingerprint"
"Saregama Carvaan Tamil - Portable Music Player with 5000 Preloaded Songs, FM/BT/AUX (Porcelain White)","electronics","Duplicate product title fingerprint"
"Aroma® Studio 30 Connect 10W Bluetooth Speaker Hi-fi Stereo Sound Surround Upto 8 Hours Playback, Best for Mobile, Laptop/...","electronics","Duplicate product title fingerprint"
"Aroma® Studio 1 Raftaar 10W Bluetooth Speaker Hi-fi Stereo Sound Surround Upto 10 Hours Playback, Best for Mobile, Laptop/...","electronics","Duplicate product title fingerprint"
"Aroma® Studio 34 Energy 10W Bluetooth Speaker Hi-fi Stereo Sound Surround Upto 10 Hours Playback, Best for Mobile, Laptop/...","electronics","Duplicate product title fingerprint"
"Aroma® Studio 1 Handy 10W Bluetooth Speaker Hi-fi Stereo Sound Surround Upto 10 Hours Playback, Best for Mobile, Laptop/P...","electronics","Duplicate product title fingerprint"
"HB PLUS M3 Colorful Wireless Bluetooth Speakers Mini Electroplating Round Steel Speaker (Random Color) (Gold)","electronics","Duplicate product title fingerprint"
"ZEBRONICS Zeb-Vita Plus Mini 16 w Soundbar Supporting LED Display, USB, SD Card, AUX, FM, TWS & Call Function. (Red)","electronics","Duplicate product title fingerprint"
"Electronic Spices 2 Inch 4ω (Ohm) 10w Power Audio Woofer Speaker Home Audio Speakers","electronics","Price below minimum retail threshold (₹90)"
"Aroma® Studio 1 Raftaar 10W Bluetooth Speaker Hi-fi Stereo Sound Surround Upto 10 Hours Playback, Best for Mobile, Laptop/...","electronics","Duplicate product title fingerprint"
"Pagaria WALKIE Portable Alarm Clock FM Radio, with Bluetooth, Earphone, Voice Recording, USB/TF Playback (Red)","electronics","Duplicate product title fingerprint"
"Noise Newly Launched Evolve 2 Play AMOLED Display Smart Watch with Fast Charging, Always On Displa, 50 Sports Modes, Hindi...","electronics","Duplicate product title fingerprint"
"Samsung 27-inch(68.58cm) M5 FHD Smart Monitor, Speakers, Remote, 1 Billion Color, Smart TV apps, TV Plus, Office 365, Appl...","electronics","Duplicate product title fingerprint"
"Sony Bravia 139 cm (55 inches) 4K Ultra HD Smart LED Google TV KD-55X75K (Black) (2022 Model) | with Alexa Compatibility","electronics","Duplicate product title fingerprint"
"Sony Bravia 108 cm (43 inches) 4K Ultra HD Smart LED Google TV KD-43X75K (Black) (2022 Model) | with Alexa Compatibility","electronics","Duplicate product title fingerprint"
"Sony Bravia 164 cm (65 inches) 4K Ultra HD Smart LED Google TV KD-65X75K (Black) (2022 Model) | with Alexa Compatibility","electronics","Duplicate product title fingerprint"
"Samsung 80 cm (32 inches) Wondertainment Series HD Ready LED Smart TV UA32TE40AAKBXL (Titan Gray)","electronics","Duplicate product title fingerprint"
"TCL 80 cm (32 inches) HD Ready Certified Android Smart LED TV 32S615 (Black)","electronics","Duplicate product title fingerprint"
"Noise Newly Launched Evolve 2 Play AMOLED Display Smart Watch with Fast Charging, Always On Display, 50 Sports Modes, Hind...","electronics","Duplicate product title fingerprint"
"Sony Bravia 139 cm (55 inches) 4K Ultra HD Smart LED Google TV KD-55X80K (Black)","electronics","Duplicate product title fingerprint"
"Sansui 80cm (32 inches) HD Ready Smart LED TV JSY32SKHD (BLACK) With Bezel-less Design","electronics","Missing both actual and discount prices"
"REALMERCURY 32 inch smart Tv Android 11 FULL HD 32 inch tv INCLUDE BLUETOOTH 1920*1080 crystal A+IPS Technology FHD Androi...","electronics","Duplicate product title fingerprint"
"Hisense 108 cm (43 inches) 4K Ultra HD Smart Certified Android LED TV 43A6GE (Black)","electronics","Missing both actual and discount prices"
"Sony Bravia 80 cm (32 inches) HD Ready Smart LED Google TV KD-32W830K (Black) (2022 Model) | with Alexa Compatibility","electronics","Duplicate product title fingerprint"
"Sony Bravia 126 cm (50 inches) 4K Ultra HD Smart LED Google TV KD-50X75K (Black) (2022 Model) | with Alexa Compatibility","electronics","Duplicate product title fingerprint"
"Samsung 32-inch(80cm) LED 3840 x 2160 Pixels M7 4K UHD Smart Monitor, Type-C, Smart TV apps, TV Plus, Office 365, Apple Ai...","electronics","Missing both actual and discount prices"
"Sony Bravia 139 cm (55 inches) XR Series 4K Ultra HD Smart Full Array LED Google TV XR-55X90K (Black)","electronics","Duplicate product title fingerprint"
"Sony Bravia 164 cm (65 inches) 4K Ultra HD Smart LED Google TV KD-65X80K (Black)","electronics","Duplicate product title fingerprint"
"Samsung 32-inch(80.1cm) M5 FHD Smart Monitor, Speakers, Remote, 1 Billion Color, Smart TV apps, Samsung TV Plus, Office 36...","electronics","Missing both actual and discount prices"
"Sony Bravia 164 cm (65 inches) 4K Ultra HD Smart LED Google TV KD-65X75K (Black) (2022 Model) | with Alexa Compatibility","electronics","Duplicate product title fingerprint"
"coocaa 80 cm (32 inches) Frameless Series HD Ready Smart IPS Google LED TV 32Z72 (Black)","electronics","Duplicate product title fingerprint"
"Sony Bravia 126 cm (50 inches) 4K Ultra HD Smart LED Google TV KD-50X80K (Black)","electronics","Duplicate product title fingerprint"
"Samsung 32-Inch(80Cm) 3840 X 2160 Pixels M8 4K UHD Smart Monitor, Wireless Webcam, Type-C, Smart TV apps, TV Plus, Office ...","electronics","Missing both actual and discount prices"
"Samsung 80 cm (32 inches) HD Ready Smart LED TV UA32T4310AKXXL (Glossy Black)","electronics","Missing both actual and discount prices"
"Vu 80 cm (32 inches) Premium Series HD Ready Smart LED TV 32UA (Black)","electronics","Missing both actual and discount prices"
"VU 108 cm (43 inches) Premium Series Full HD Smart LED TV 43GA (Black)","electronics","Missing both actual and discount prices"
"Power Guard 80 cm (32 inches) Frameless HD Ready Smart LED TV PG32FSVC (Black)","electronics","Duplicate product title fingerprint"
"Sony Bravia 80 cm (32 inches) HD Ready Smart LED Google TV KD-32W830K (Black) (2022 Model) | with Alexa Compatibility","electronics","Duplicate product title fingerprint"
"coocaa 80 cm (32 inches) Frameless Series HD Ready Smart Certified Android IPS LED TV 32S7G (Black)","electronics","Duplicate product title fingerprint"
"Sony Bravia 164 cm (65 inches) XR Series 4K Ultra HD Smart OLED Google TV XR-65A80K (Black)","electronics","Duplicate product title fingerprint"
"X Electron 80 cm (32 inch) HD Ready Smart Android 11 LED TV with 2GB RAM & Soundbar 32XE11 (Black)","electronics","Missing both actual and discount prices"
"Sony Bravia 108 cm (43 inches) 4K Ultra HD Smart LED Google TV KD-43X75K (Black) (2022 Model) | with Alexa Compatibility","electronics","Duplicate product title fingerprint"
"Sony Bravia 108 cm (43 inches) 4K Ultra HD Smart LED Google TV KD-43X80K (Black)","electronics","Duplicate product title fingerprint"
"Samsung 32-inch(80cm) 3840 x 2160 Pixels M8 4K UHD Smart Monitor, Wireless Webcam, Type-C, Smart TV apps, TV Plus, Office ...","electronics","Missing both actual and discount prices"
"Sansui 102cm (40 inches) Full HD Certified Android LED TV JSW40ASFHD (Midnight Black) With Voice Search Smart Remote","electronics","Missing both actual and discount prices"
"TCL 138.7 cm (55 inches) 4K Ultra HD Smart QLED Google TV 55C635 (Black)","electronics","Missing both actual and discount prices"
"Sony Bravia 139 cm (55 inches) 4K Ultra HD Smart LED Google TV S_KD-55X80K_1 (Black)","electronics","Duplicate product title fingerprint"
"AKAI 80 cm (32 Inches) HD Ready Smart LED TV AKLT32S-FL1Y9M (Black) | with Frameless Design","electronics","Missing both actual and discount prices"
"Hisense 139 cm (55 inches) 4K Ultra HD Smart Certified Android LED TV 55A73F (Black)","electronics","Duplicate product title fingerprint"
"Sony Bravia 139 cm (55 inches) XR Series 4K Ultra HD Smart Full Array LED Google TV S_XR-55X90K_1 (Black)","electronics","Duplicate product title fingerprint"
"Karbonn 60 cm (24 Inches) Millennium Series HD Ready LED TV KJW24NSHD (Phantom Black) with 20W Speaker","electronics","Missing both actual and discount prices"
"LG 139 cm (55 Inches) 4K Ultra HD Smart Nano Cell TV 55NANO80TNA (Ceramic Black)","electronics","Missing both actual and discount prices"
"Foxsky 108 cm (43 inches) Full HD Smart LED TV 43FS-VS (Black)","electronics","Missing both actual and discount prices"
"Da Capo Luxury Smart Watch with 1.32 inch HD Display with Leather Straps, Resolution of 360 * 360 PX, Bluetooth Calling Ro...","electronics","Duplicate product title fingerprint"
"Samsung 138 cm (55 inches) 4K Ultra HD Smart NEO QLED TV QA55QN90BAKLXL (Titan Black)","electronics","Duplicate product title fingerprint"
"coocaa 108 cm (43 inches) Frameless Series 4k Ultra HD Smart IPS Google LED TV 43Y72 (Black)","electronics","Duplicate product title fingerprint"
"Sony Bravia 139 cm (55 inches) XR Series 4K Ultra HD Smart OLED Google TV XR-55A80K (Black)","electronics","Duplicate product title fingerprint"
"Sony Bravia 139 cm (55 inches) 4K Ultra HD Smart LED Google TV KD-55X75K (Black) (2022 Model) | with Alexa Compatibility","electronics","Duplicate product title fingerprint"
"TRION 80 cm (32 inches) Full HD Certified Android 9.0 Smart LED TV LE32TGS8FB (Black)","electronics","Missing both actual and discount prices"
"coocaa 108 cm (43 inches) Frameless Series Full HD Smart IPS Google LED TV 43Z72 (Black)","electronics","Duplicate product title fingerprint"
"Foxsky 80 cm (32 inches) HD Ready Smart LED TV 32FS-VS (Black)","electronics","Missing both actual and discount prices"
"SKYWALL 102 cm (40 inches) Full HD Smart LED TV 40SW-Google (Black)","electronics","Missing both actual and discount prices"
"Impex Grande 108 cm (43 inches) Google Certified Smart Android 9 Full HD LED TV, 1 Years Doorstep Warranty, Storage Memory...","electronics","Missing both actual and discount prices"
"Hisense 139 cm (55 inches) 4K Ultra HD Smart Certified Android LED TV 55A71F (Black)","electronics","Duplicate product title fingerprint"
"Hisense 80 cm (32 inches) Android 11 Series HD Ready Smart Certified Android LED TV 32E4G (Black)","electronics","Missing both actual and discount prices"
"Samsung 108 cm (43 inches) Full HD LED Smart TV UA43T5310AKXXL (Glossy Black)","electronics","Missing both actual and discount prices"
"HYUNDAI 80 cm (32 inches) HD Ready Smart LED TV SMTHY32ECVRY1W (Black)","electronics","Duplicate product title fingerprint"
"Samsung 138 cm (55 inches) 4K Ultra HD Smart NEO QLED TV QA55QN95BAKLXL (Bright Silver)","electronics","Duplicate product title fingerprint"
"Intex 60 cm (24 inches) HD Ready LED TV LED-2419 (Black)","electronics","Missing both actual and discount prices"
"Impex Grande 32 80 cm (32 inch) Google Certified Smart Android 9 Full HD LED TV, 1 Years Doorstep Warranty, Storage Memory...","electronics","Missing both actual and discount prices"
"Candy 80 Cm (32 inches) HD Ready Android Smart LED TV C32KA66 (Black)","electronics","Missing both actual and discount prices"
"Sony Bravia 164 cm (65 inches) XR Series 4K Ultra HD Smart OLED Google TV XR-65A95K (Black)","electronics","Duplicate product title fingerprint"
"Sony Bravia 108 cm (43 inches) 4K Ultra HD Smart Android LED TV KD-43X75 (Black) (2021 Model) | with Alexa Compatibility","electronics","Duplicate product title fingerprint"
"Sony Bravia 108 cm (43 inches) 4K Ultra HD Smart LED Google TV KD-43X80J (Black) (2021 Model) | with Alexa Compatibility","electronics","Duplicate product title fingerprint"
"Samsung 27-inch(68.58cm) M5 FHD Smart Monitor, Speakers, Remote, 1 Billion Color, Smart TV apps, TV Plus & Galaxy Watch4 B...","electronics","Duplicate product title fingerprint"
"HYUNDAI 109 cm (43 inches) Frameless Series Full HD Smart LED TV SMTHY43FHDB52VRYVT (Black)","electronics","Duplicate product title fingerprint"
"iMee 102cm (40 inch) Premium Pro Series Smart Android HD LED TV with SRS Surround Sound - BEE 4 Star Rated Energy Efficien...","electronics","Duplicate product title fingerprint"
"Foxsky 80 cm (32 inches) HD Ready LED TV 32FSN (Black)","electronics","Missing both actual and discount prices"
"Samsung 125 cm (50 inches) 4K Ultra HD Smart LED TV UA50AU8000KLXL (Black) (2021 Model)","electronics","Duplicate product title fingerprint"
"Samsung 138 cm (55 inches) 4K Ultra HD Smart QLED TV QA55Q60AAKLXL (Black)","electronics","Duplicate product title fingerprint"
"TCL 126 cm (50 inches) 4K Ultra HD Smart Certified Android LED TV 50P725 (Black)","electronics","Missing both actual and discount prices"
"Samsung 109 cm (43 inches) 4K Ultra HD Smart LED TV UA43AU8000KLXL (Black) (2021 Model)","electronics","Missing both actual and discount prices"
"Tygot Gorilla Tripod/Mini 33 CM (13 Inch) Tripod for Mobile Phone with Phone Mount & Remote | Flexible Gorilla Stand for D...","electronics","Duplicate product title fingerprint"
"SanDisk Ultra microSD UHS-I Card 64GB, 120MB/s R","electronics","Missing both actual and discount prices"
"Gizga Essentials Earphone Earpod Cleaning Pen for AirPod, Earbuds, Headphones, Wireless Earphones, 2-in-1 Multifunctional ...","electronics","Duplicate product title fingerprint"
"Gizga Essentials 3-in-1 Phone Cleaner, Laptop Screen Cleaner, Fingerprint-Proof Screen Cleaner Kit, Reusable, Phones, TV S...","electronics","Duplicate product title fingerprint"
"BlueRigger High Speed HDMI Cable with Ethernet - Supports 3D, 4K 60Hz and Audio Return - Latest Version (3 Feet / 0.9 Meter)","electronics","Duplicate product title fingerprint"
"Action Pro™ Helmet Chin Mount Strap Compatible with All Smartphones GoPro Hero 11 10 9 8 7 6 5 4 SJCAM DJI Osmo and All Ac...","electronics","Duplicate product title fingerprint"
"HUMBLE Universal Monopod Holder Clip for Mobile Camera Holder and Tripod Mount Holder- Black (Pack of Two)","electronics","Duplicate product title fingerprint"
"MI 360° Home Security Camera 1080P l Full HD Picture l AI Powered Motion Detection l Infrared Night Vision | 360° Panorama...","electronics","Missing both actual and discount prices"
"Sounce Cleaning Soft Brush Keyboard Cleaner 5-in-1 Multi-Function Computer Cleaning Tools Kit Corner Gap Duster Keycap Pul...","electronics","Duplicate product title fingerprint"
"Adofys Flexible Gorillapod Tripod with 360° Rotating Ball Head Tripod for All DSLR Cameras(Max Load 1.5 kgs) & Mobile Phon...","electronics","Duplicate product title fingerprint"
"Amazon Basics High Speed HDMI Cable (Gold-Plated, A Male to A Male) - Supports 4K @60Hz and Audio Return (6 Feet)","electronics","Duplicate product title fingerprint"
"BlueRigger High Speed HDMI Cable with Ethernet - Supports 3D, 4K 60Hz, Audio Return - Latest Version (10 Feet / 3 Meters)","electronics","Duplicate product title fingerprint"
"Action Pro™ Helmet Chin Mount Strap Compatible with All Smartphones GoPro Hero 11 10 9 8 7 6 5 4 SJCAM DJI Osmo and All Ac...","electronics","Duplicate product title fingerprint"
"Sounce HDMI Cable 4K High-Speed HDMI Cord 18Gbps with Ethernet Support 4K 60Hz Compatible with UHD TV, Monitor, Computer, ...","electronics","Duplicate product title fingerprint"
"Imou 360° 1080P Full HD Security Camera, Human Detection, Motion Tracking, 2-Way Audio, Night Vision, Dome Camera with WiF...","electronics","Duplicate product title fingerprint"
"MI Xiaomi Wireless Home Security Camera 2i 2022 Edition + SanDisk Ultra® microSDXC™ UHS-I Card, 64GB","electronics","Duplicate product title fingerprint"
"Imou 360° 1080P Full HD Security Camera, Human Detection, Motion Tracking, 2-Way Audio, Night Vision, Dome Camera with WiF...","electronics","Duplicate product title fingerprint"
"Sounce Cleaning Soft Brush Keyboard Cleaner 5-in-1 Multi-Function Computer Cleaning Tools Kit Corner Gap Duster Keycap Pul...","electronics","Duplicate product title fingerprint"
"Amazon Basics High Speed HDMI Cable (Gold-Plated, A Male to A Male) - Supports 4K @60Hz and Audio Return (10 Feet)","electronics","Duplicate product title fingerprint"
"Voltas 1 Ton 3 Star, Inverter Split AC(Copper, 4-in-1 Adjustable Mode, Anti-dust Filter, 2023 Model, 123V Vectra Elite, Wh...","electronics","Duplicate product title fingerprint"
"LG 1.5 Ton 3 Star Hot & Cold DUAL Inverter Split AC (Copper, Super Convertible 5-in-1 Cooling, 4 Way Swing & Anti Allergic...","electronics","Missing both actual and discount prices"
"Hitachi 1.5 Ton 5 Star Inverter Split AC (Copper, Dust Filter, 2022 Model, RSRG518HFEOZ1, White)","electronics","Missing both actual and discount prices"
"Panasonic 1.5 Ton 5 Star Wi-Fi Inverter Smart Split AC (Copper, 7 in 1 Convertible with additional AI Mode, 4 Way Swing, n...","electronics","Duplicate product title fingerprint"
"Panasonic 1.5 Ton 5 Star Wi-Fi Inverter Smart Split AC (Copper, 7 in 1 Convertible with additional AI Mode, 4 Way Swing, n...","electronics","Duplicate product title fingerprint"
"Panasonic 1.5 Ton 4 Star Wi-Fi Twin-Cool Inverter Split Air Conditioner (Copper, Shield Blu Anti-Corrosion Technology, nan...","electronics","Missing both actual and discount prices"
"Daikin 1.5 Ton 4 Star Hot & Cold Heat Pump Inverter Split Air Conditioners (Copper, Upgraded Series, 2021 Model,FTHT50UV, ...","electronics","Missing both actual and discount prices"
"Panasonic 1 Ton 5 Star Wi-Fi Inverter Smart Split AC (Copper, 7 in 1 Convertible with additional AI Mode, 4 Way Swing, nan...","electronics","Duplicate product title fingerprint"
"LG 1.5 Ton 5 Star AI DUAL Inverter Wi-Fi Split AC (Copper, AI Convertible 6-in-1 Cooling, Anti Allergy Filter, 2022 Model,...","electronics","Missing both actual and discount prices"
"Panasonic 1 Ton 5 Star Wi-Fi Inverter Smart Split AC (Copper, 7 in 1 Convertible with additional AI Mode, 4 Way Swing, nan...","electronics","Duplicate product title fingerprint"
"Daikin 1 Ton 5 Star Inverter Split AC (Copper, PM 2.5 Filter, 2022 Model, FTKR35U, White)","electronics","Duplicate product title fingerprint"
"Panasonic 1.5 Ton 4 Star Wi-Fi Inverter Smart Split AC (Copper, 7 in 1 Convertible with additional AI Mode, 4 Way Swing, n...","electronics","Duplicate product title fingerprint"
"Blue Star 2 Tr 3 Star Fixed Speed Split AC (Copper, FA324DNU, 2022, White)","electronics","Missing both actual and discount prices"
"Hitachi 1 Ton 3 Star Window AC (Copper, Dust Filter, 2021 Model, RAW312HEDO, White)","electronics","Missing both actual and discount prices"
"Daikin 1.5 Ton 5 Star Dust Filter Window AC (Copper, FRWF50TV162, White)","electronics","Missing both actual and discount prices"
"Daikin 1.5 Ton 5 Star Inverter Split AC (Copper, PM 2.5 Filter, 2022 Model, FTKR50U, White)","electronics","Duplicate product title fingerprint"
"Whirlpool 1.5 Ton 3 Star, Flexicool Inverter Split AC (Copper, Convertible 4-in-1 Cooling Mode, HD Filter 2023 Model, S3K2...","electronics","Duplicate product title fingerprint"
"LG 2.0 Ton 3 Star AI DUAL Inverter Split AC (Copper, Super Convertible 6-in-1 Cooling, 4 Way Swing, HD Filter with Anti-Vi...","electronics","Duplicate product title fingerprint"
"Godrej 1 Ton 3 Star Inverter Split AC (Copper, Anti-bacterial filter filter, AC 1T GIC 12TTC3-WUA Split, White)","electronics","Missing both actual and discount prices"
"Voltas 1 Ton 3 Star, Inverter Split AC(Copper, 4-in-1 Adjustable Mode, Anti-dust Filter, 2023 Model, 123V Vectra Pride, Wh...","electronics","Duplicate product title fingerprint"
"Daikin 1 Ton 5 Star Inverter Split AC (Copper, PM 2.5 Filter, 2022 Model, FTKF35U, White)","electronics","Duplicate product title fingerprint"
"Panasonic 1.5 Ton 3 Star Window AC (Copper, PM 2.5 Filter, 2022 Model, CW-LN182AM, White)","electronics","Missing both actual and discount prices"
"Daikin 2.02 Ton 4 Star Inverter Split AC (Copper, PM 2.5 Filter, 2021 Model, FTKL71UV, White)","electronics","Duplicate product title fingerprint"
"Daikin 1.5 Ton 3 Star Dust Filter Window AC (Copper, 2020 FRWL50TV162, White)","electronics","Missing both actual and discount prices"
"LG 1.5 Ton 5 Star Wi-Fi Inverter Split AC (Copper, Convertible 5-in-1 Cooling, Anti-Allergy Filter, 2021 Model, MS-Q18SWZ...","electronics","Missing both actual and discount prices"
"Voltas 2 Ton 5 Star Inverter Split AC (Copper Condenser, 245V CAZZ, White)","electronics","Duplicate product title fingerprint"
"Whirlpool 1.5 Ton 5 Star Inverter Split AC (Copper, 1.5T SUPREMECOOL PRO 5S COPR INV, White)","electronics","Missing both actual and discount prices"
"Lloyd Havells 1.5 Ton 3 Star Window Ac (Copper Clean Air Filter, 2021 Model, GLW18B32WSEW, White)","electronics","Missing both actual and discount prices"
"Voltas Adjustable Inverter AC, 1.5 Ton, 3 Star- 183V Vectra Prime","electronics","Missing both actual and discount prices"
"LG 1.5 Ton 5 Star AI DUAL Inverter Split AC (Copper, Super Convertible 6-in-1 Cooling, HD Filter with Anti-Virus Protectio...","electronics","Duplicate product title fingerprint"
"Carrier Emperia CXI Wifi 1.5 Ton 5 Star Inverter Split AC (Copper Condenser, CAI18EN5R30W1, White)","electronics","Missing both actual and discount prices"
"Panasonic 2 Ton Hot and Cold Wi-Fi Inverter 3 Star Smart Split AC (Copper, Auto -Convertible, Twin Cool, Shield Blu Anti-C...","electronics","Missing both actual and discount prices"
"Haier 1.5 Ton 3 Star Antibacterial Coating, Dust Filter, Dehumidifier Split System AC (Copper, 2020, HSU18T-NMW3B, White)","electronics","Missing both actual and discount prices"
"Daikin 1.5 Ton 5 Star Inverter Split AC (Copper, PM 2.5 Filter, 2022 Model, FTKF50U, White)","electronics","Missing both actual and discount prices"
"Panasonic 2.2 Ton Inverter 3 Star Split Smart AC (Copper, Auto-Convertible, Twin Cool Inverter, Wifi enabled, Shield Blu A...","electronics","Missing both actual and discount prices"
"Samsung 1.5 Ton 3 Star Windfree Technology, Inverter Split AC (Copper, Convertible 5-in-1 Cooling Mode, Tri Care Filter, 2...","electronics","Duplicate product title fingerprint"
"Hitachi 1.5 Ton 3 Star Window AC (RAW318KUD New Kaze Plus White)","electronics","Missing both actual and discount prices"
"Window AC - 1.5 Ton HITACHI New Kaze Plus 3-Star - R32 - RAW318HFDO (White)","electronics","Missing both actual and discount prices"
"Symphony Diet 22i 22 Litre Air Cooler (White) - with Remote Control and i-Pure Technology","electronics","Missing both actual and discount prices"
"Rechargeable Portable Air Conditioner Fan, Evaporative Mini Air Conditioner with 3 Speeds 7 Colors, Portable Desk Cooler F...","electronics","Missing both actual and discount prices"
"OGeneral 1.8 Ton 4 Star Inverter Split AC (Copper Condenser, ASGA22CLWA-B, White)","electronics","Missing both actual and discount prices"
"LG 1.5 Ton 5 Star AI DUAL Inverter Split AC (Copper, Super Convertible 6-in-1 Cooling, 4 Way Swing, HD Filter with Anti-Vi...","electronics","Missing both actual and discount prices"
"Voltas 1.5 Ton 4 Star 5 in 1 Adjustable Inverter Split AC, 184V MEAZSB (100 percent Copper, Anti Corrosive Bluefin coatin...","electronics","Missing both actual and discount prices"
"Voltas 183 LZH 1.5 Ton 3 Star Window AC (Copper 183 LZH R32 White)","electronics","Missing both actual and discount prices"
"Supreme Cool Xpand 1.5T 3 Star Inverter Split Air Conditioner","electronics","Missing both actual and discount prices"
"Godrej 1 Ton 5 Star Inverter Split AC (Copper, Anti Bacterial Filter, 2020 Model, GIC 12HTC5-WTA Split 5S, White)","electronics","Missing both actual and discount prices"
"TOSHIBA 1 Ton 3 Star Split AC (Copper, RAS-13J2KG-IN/RAS-13J2AG-IN, White)","electronics","Missing both actual and discount prices"
"Haier Frost Clean Inverter Split AC with 5 in 1 easy Convertible (1.6 Ton, 5 Star Rating, White), HSU19E-TXB5B(INV)","electronics","Duplicate product title fingerprint"
"Samsung 1 Ton 3 Star Wind-Free Technology Inverter Split AC (Copper, Convertible 5-in-1 Cooling Mode, Anti-bacterial Filte...","electronics","Duplicate product title fingerprint"
"Kelvinator 1.5 Ton 3 Star Split AC (KAS-Y18310B, White)","electronics","Missing both actual and discount prices"
"Hitachi 1 Ton 3 Star Window AC (RAW312KWD Kaze Plus White)","electronics","Missing both actual and discount prices"
"Hitachi Split Ac - 1.5 Ton Hitachi Zunoh 3100F - R32 - RSOG318HFDO (White)","electronics","Missing both actual and discount prices"
"Haier Frost Clean Inverter Split AC with 5 in 1 easy convertible (1.5 Ton, 4 Star Rating, White), HSU18K-PYG4B(INV)","electronics","Duplicate product title fingerprint"
"Panasonic 1.5 Ton 5 Star Split Inverter AC with Wi-fi Connect - White CS/CU-TU18YKY-1, Copper Condenser)","electronics","Missing both actual and discount prices"
"DotOne - 15V.1-3S01- BEE 3 Star Rating 1.5 TON Inverter Split Air Conditioner","electronics","Missing both actual and discount prices"
"LG 1.5 Ton 5 Star with UV Nano Inverter Split AC (Copper, Convertible 5-in-1 Cooling, HD Filter with Anti Virus protectio...","electronics","Missing both actual and discount prices"
"HITACHI 1 Ton 3 Star Split AC (RAFG312HEDO, White)","electronics","Missing both actual and discount prices"
"Voltas 1 Ton 3 Star Inverter Split AC (Copper, 2022 Model, 123V ADQ (R32), White)","electronics","Missing both actual and discount prices"
"Hitachi 1.5 Ton 5 Star Window AC (RAW518KUD New Kaze Plus White)","electronics","Missing both actual and discount prices"
"Hitachi 1.5 Ton 3 Star Split AC (Copper RSNG318HEDO white)","electronics","Missing both actual and discount prices"
"Daikin 1.8 Ton 3 Star KATAI Technology, Fixed Speed Split AC (Alloy, Wipe clean flat panel, 2022, FTQ60UV16U5, White)","electronics","Missing both actual and discount prices"
"DAIKIN FTHT50TV16 1.5 Ton 3 Star Inverter Split AC R32 Copper Hot & Cold","electronics","Missing both actual and discount prices"
"Whirlpool 1.5 Tons 3 Star Inverter Split AC (1.5T NITROCOOL 3S COPR, White)","electronics","Missing both actual and discount prices"
"Daikin 1.5 Ton 4 Star Inverter Split AC (Copper, PM 2.5 Filter, 2022 Model, FTKN50U, White)","electronics","Missing both actual and discount prices"
"Lloyd 1.0 Ton 3 Star Hot & Cold Inverter Split AC With Smart 4-way Swing (Copper, 5-in-1 Variable Capacity Setting, PM 2.5...","electronics","Missing both actual and discount prices"
"Blue Star Air Conditioner|1 Ton|5 Star|Inverter Split AC|Copper|Comfort Sleep|IA512DNU|2022|White","electronics","Missing both actual and discount prices"
"Whirlpool Supreme Cool Xpand 1.5T 5 Star Inverter Split Air Conditioner(41337)","electronics","Missing both actual and discount prices"
"Lloyd 1.5 Ton 3 Star Window AC (Copper, Clean Air Filter, 2021 Model, GLW18B32WCZZ, White)","electronics","Missing both actual and discount prices"
"Carrier 18k 5 Star Emperia Cxi Hybridjet Wi fi Inverter R32 Split Ac (224050077650 - White)","electronics","Missing both actual and discount prices"
"Voltas 1.5 Ton 3 Star Split Inverter Air Conditioner (183VXAZR) White","electronics","Missing both actual and discount prices"
"Godrej 1.5 Ton 3 Star Inverter Split AC (Copper GIC 18WTC3-WSB White)","electronics","Missing both actual and discount prices"
"Voltas 1.5 Ton Inverter 5 Star Split AC (185V DZZ, R-32, White)","electronics","Missing both actual and discount prices"
"LG 1.0 Ton 5 Star AI Convertible 6-in-1 Air Conditioner (PS-Q13JNZE, White)","electronics","Missing both actual and discount prices"
"Whirlpool 1.5 Ton 3 Star Inverter Split AC (Copper, 1.5T FLEXICHILL 3S COPR INVERTER, White)","electronics","Missing both actual and discount prices"
"Carrier AC 1.5Ton 18K Durafresh CXI 4 Star Inverter(CAI18DF4R31F0)","electronics","Missing both actual and discount prices"
"Godrej 1.5 Ton 3 Star Window AC (Copper, 2019 Model, AC 1.5T GWC 18UTC3-WSA, White)","electronics","Missing both actual and discount prices"
"Lloyd 1.5 Ton 3 Star Window AC (LW19A3N White)","electronics","Missing both actual and discount prices"
"Carrier Durawhite Pro+ CX 1.5 Ton 3 Star Split AC (Copper Condenser, CAS18ES3R30F1, White)","electronics","Missing both actual and discount prices"
"Whirlpool 1.5 Ton 3 Star Inverter Split AC (Copper, 1.5T MAGICOOL PRO 3S COPR INVERTER, White)","electronics","Missing both actual and discount prices"
"TOSHIBA 1 Ton 3 Star Inverter Split AC (Copper, RAS-13BKCV-IN+RAS-13BACV-IN, Gloss White)","electronics","Missing both actual and discount prices"
"Godrej 1.5 Ton 3 Star Split AC (Copper GSC 18 RGN 3 CWQR White)","electronics","Missing both actual and discount prices"
"Carrier 1.0 Ton 3 Star Emperia CXI Inverter Split AC (24 K CAI12EN3R39F0+CI123R3CH90, White)","electronics","Missing both actual and discount prices"
"Havells-Lloyd 1.5 Ton 3 Star Window AC (LW19B32MR White)","electronics","Missing both actual and discount prices"
"Havells-Lloyd 1.5 Ton 3 Star Window AC (GLW18B32WAZS) (White)","electronics","Missing both actual and discount prices"
"Carrier 12K Estrella Cx 1 Ton 3 Star Window AC (Copper Condenser, CAW12EC3R31F1, White)","electronics","Missing both actual and discount prices"
"Panasonic 1.5 Ton Inverter 3 Star Copper 2022 Model, CS/CU-KU18YKY-1 (R-32) Split AC (White),","electronics","Missing both actual and discount prices"
"Blue Star 1.5 Ton 3 Star Inverter Split AC (Copper, IA318YLU, 2022, White)","electronics","Missing both actual and discount prices"
"Voltas 1 Ton 3 Star Window Air Conditioner WAC 123 LZF for Home/Office","electronics","Missing both actual and discount prices"
"Havells-Lloyd 1.5 Ton 3 Star Window AC (Copper Clean Air Filter, 2021 Model, GLW18B32WCEW, White)","electronics","Missing both actual and discount prices"
"Voltas All Weather 1.5 Ton, 3 star Split AC, (Copper 183 DZR, White)","electronics","Missing both actual and discount prices"
"Carrier 1.5 Ton 5 Star Inverter Split AC (Copper, 18K 5 STAR DURAFRESH CXI,PM2.5 filter, 2022 Model,R32,White)","electronics","Missing both actual and discount prices"
"Godrej 1.5 Ton 5 Star Inverter Split AC (Copper 2022 Model, AC 1.5T GIC 18PGC5-WVA","electronics","Missing both actual and discount prices"
"Haier 1.5 Ton 4 Star Triple Inverter Split AC (Copper, High Density Filter, Self Clean Technology- 2021 Model, HSU18C-NMW4...","electronics","Missing both actual and discount prices"
"Blue Star 1.5 Ton 3 Star Fixed Speed Split AC (Copper, FS318DLTU, 2021, White)","electronics","Missing both actual and discount prices"
"TOSHIBA 1.8 Ton 3 Star Split AC (Copper, RAS-24J2KG-IN/RAS-24J2AG-IN, White)","electronics","Missing both actual and discount prices"
"Hitachi 2.0 Ton 2 Star Window AC (Copper,SUMMER RAV222HUD White)","electronics","Missing both actual and discount prices"
"Panasonic 1.0 Ton Inverter 3 Star Copper 2022 Model, CS/CU-KU12YKY-1 (R-32) Split AC (White),","electronics","Missing both actual and discount prices"
"Carrier Emperia Cxi 18K 1.5 Ton 3 Star Hybridjet Inverter AC with Flexicool Technology (White)(CAI18EN3R30F1)","electronics","Missing both actual and discount prices"
"Haier Frost Clean Inverter Split AC with 5 in 1 easy convertible (1.6 Ton, 3 Star Rating, White), HSU19E-TXS3B(INV)","electronics","Missing both actual and discount prices"
"TOSHIBA 1.8 Ton 5 Star Antibacterial Coating, Dust Filter, Air Purification, Dehumidifier Split System AC (Copper, Inverte...","electronics","Missing both actual and discount prices"
"Lloyd 1.5 Ton Inverter 3 Star Copper LS18I32WSEL (R32) Split AC (White)","electronics","Missing both actual and discount prices"
"TOSHIBA 1.5 Ton 5 Star Inverter Split AC (Copper, RAS-18N3KCV-IN+RAS-18N3ACV-IN, Gloss White)","electronics","Missing both actual and discount prices"
"Lloyd Havells 2 Ton 3 Star Inverter Split Ac (Copper Ls24I31Af White)","electronics","Missing both actual and discount prices"
"1 Ton 3 Star Window AC (Copper, WFA312LL, 2022, White)","electronics","Missing both actual and discount prices"
"OGeneral 1.1 Ton 4 Star Eco-Friendly Window AC (White)","electronics","Missing both actual and discount prices"
"Haier 1.5 Ton 3 Star Inverter Split Air Conditioner (Copper HSU-18NRG3A(DCINV) White)","electronics","Missing both actual and discount prices"
"Hitachi ZUNOH 2100F 1.5 Ton 2 Star Split AC (Copper, Dust Filter, 2022 Model, RSOG218HFDOF, White)","electronics","Missing both actual and discount prices"
"Daikin 1 Ton 3 Star Split System Air Conditioner (GTL35TV16W1) White","electronics","Missing both actual and discount prices"
"Haier Frost Clean Inverter Split AC with 5 in 1 easy Convertible (1.6 Ton, 5 Star Rating, White), HSU19K-PYS5B(INV)","electronics","Missing both actual and discount prices"
"Daikin 1 Ton 4 Star Inverter Split AC (Copper, PM 2.5 Filter, 2022 Model, FTKN35U, White)","electronics","Missing both actual and discount prices"
"TOSHIBA 1 Ton 3 Star Inverter Split AC (Copper, RAS-13HKCV3G-INT +RAS-13HACV3G-INT, Gloss White)","electronics","Missing both actual and discount prices"
"O General ASGA22FTTC Split 3 Star 1.8 Ton Air Conditioner","electronics","Missing both actual and discount prices"
"Voltas 1 Ton 3 Star, Inverter Split AC","electronics","Missing both actual and discount prices"
"Carrier 1.5 Ton 3 Star Split Inverter AC (18K EMPERIA LXi)","electronics","Missing both actual and discount prices"
"Voltas Adjustable Inverter AC, 1.5 Ton, 5 Star- 185V Vectra Elegant","electronics","Missing both actual and discount prices"
"Panasonic 1.0 Ton Inverter 3 Star Copper 2023 Model, (Copper, 7 in 1 Convertible with additional AI Mode, 2 Way Swing, CS/...","electronics","Missing both actual and discount prices"
"VESTAR 1.0Ton 3 Star Split AC (100% Copper Coil with Hidden Display Eco/Power Saving Mode, White)","electronics","Duplicate product title fingerprint"
"Panasonic 2 Ton 4 Star Wi-Fi Twin-Cool Inverter Split Air Conditioner (Copper, 7 In 1 Convertible with additional AI Mode,...","electronics","Missing both actual and discount prices"
"Panasonic 1.5 Ton 4 Star Wi-Fi Twin-Cool Inverter Split Air Conditioner (Copper, 7 In 1 Convertible with additional AI Mod...","electronics","Missing both actual and discount prices"
"LG PS-Q19ENYE 1.5 Ton 4 Star Split AC","electronics","Missing both actual and discount prices"
"Carrier 1.0 Ton 3 Star Window AC (Copper, Estrella Dx, White)","electronics","Missing both actual and discount prices"
"1.5 Ton 3 Star Window AC (Copper Condenser, Clean Air Filter, GLW18B3YWSMR)","electronics","Missing both actual and discount prices"
"1.5 Ton 5 Star Split Inverter Air Conditioner (IA518PLU)","electronics","Missing both actual and discount prices"
"1.5 Ton 5 Star Inverter Split AC with Dust Filter 4 in 1 Convertible (Copper Condenser, IB518DLU)","electronics","Missing both actual and discount prices"
"Lloyd 2.0 Ton 3 Star Fixed Speed Split AC (2023 Model, GLS24C3XWADS, 100% Copper, Anti-Viral Filter + PM 2.5 Filter, Smart...","electronics","Missing both actual and discount prices"
"1.5 Ton 3 Star Window Ac Dust Filter, Auto Swing Speed, Turbo (copper, Estrella Dx, White)","electronics","Missing both actual and discount prices"
"1.5 Ton 3 Star Window AC (Copper, 2020 FRWL50UV163B, Creamish white)","electronics","Missing both actual and discount prices"
"White Westinghouse 1.0 ton 3 Star Inverter Split AC","electronics","Missing both actual and discount prices"
"Lloyd 1.5 Ton 3 Star Heavy & Duty Hot & Cold Inverter Split AC (5 in 1 Convertible, Wi-FI Ready, Anti-Viral + PM 2.5 Filte...","electronics","Missing both actual and discount prices"
"Lloyd 1.5 Ton 3 Star Fixed Speed Split Air Conditioner With PM 2.5 Air Filter & Smart 4-way Swing (Copper, 2023 model - GL...","electronics","Missing both actual and discount prices"
"SPLIT AC - 1.5TR CLASS HITACHI YOSHI 5400FXL FROST WASH INVERTER - R32 - RAS.G518PCAISF","electronics","Missing both actual and discount prices"
"WINDOW AC - 1.5TR HITACHI NEW KAZE PLUS 3-STAR - R32 RAW318HFDOF","electronics","Missing both actual and discount prices"
"White Westinghouse 1.5 ton 3 Star fix Speed Split AC","electronics","Missing both actual and discount prices"
"White Westinghouse 1.5 ton 3 Star fix Speed Split AC","electronics","Missing both actual and discount prices"
"White Westinghouse 1.5 ton 3 Star fix Speed Split AC","electronics","Missing both actual and discount prices"
"White Westinghouse 1.5 ton 4 Star Inverter Split AC","electronics","Missing both actual and discount prices"
"DotOne - 15H.1-3S01- BEE 3 Star Rating 1.5 TON Inverter HOT & COOL Split Air Conditioner","electronics","Missing both actual and discount prices"
"DotOne -15F.1-1S01- BEE 1 Star Rating 1.5 TON Fixed Split Air Conditioner","electronics","Missing both actual and discount prices"
"DotOne -10H.1-3S01- BEE 3 Star Rating 1 TON Inverter HOT & COOL Split Air Conditioner","electronics","Missing both actual and discount prices"
"DotOne -10V.1-3S01- BEE 3 Star Rating 1 TON Inverter. Split Air Conditioner","electronics","Missing both actual and discount prices"
"DotOne -10F.1-3S01- BEE 3 Star Rating 1 TON Fixed Split Air Conditioner","electronics","Missing both actual and discount prices"
"Samsung 1.5 Ton 5 Star Inverter Split AC (Copper, Convertible 5-in-1 Cooling Mode, Anti-Bacterial Filter, 2022 Model AR18C...","electronics","Duplicate product title fingerprint"
"Samsung 1 Ton 3 Star Wind-Free Technology Inverter Split AC (Copper, Convertible 5-in-1 Cooling Mode, Easy Filter Plus(Ant...","electronics","Duplicate product title fingerprint"
"Samsung 1.5 Ton 3 Star Wind-Free Technology Inverter Split AC (Copper, Convertible 5-in-1 Cooling Mode, Anti-bacterial Fil...","electronics","Duplicate product title fingerprint"
"Samsung 1.5 Ton 3 Star Inverter Split AC (Copper, Convertible 5-in-1 Cooling Mode, Anti-bacterial Filter, 2022 Model AR18C...","electronics","Duplicate product title fingerprint"
"Samsung 1.5 Ton 3 Star Wi-fi Enabled, Wind-Free Technology Inverter Split AC (Copper, Convertible 5-in-1 Cooling Mode, Ant...","electronics","Duplicate product title fingerprint"
"Samsung 1 Ton 3 Star Inverter Split AC (Copper, Convertible 5-in-1 Cooling Mode, Anti-bacterial Filter, 2022 Model AR12CY3...","electronics","Duplicate product title fingerprint"
"Samsung 1.5 Ton 3 Star Wind-Free Technology Inverter Split AC (Copper, Convertible 5-in-1 Cooling Mode, Anti-bacterial Fil...","electronics","Duplicate product title fingerprint"
"Hisense 1.0 Ton 3 Star Inverter Split AC (Copper, PM 2.5 Filter, 5 in 1 Convertible, 2023 Model, ATC353HIB White)","electronics","Missing both actual and discount prices"
"Samsung 189 L 5 Star Inverter Direct-Cool Single Door Refrigerator(RR21C2H25S8/HL)","electronics","Duplicate product title fingerprint"
"LG 185 L 5 Star Inverter Direct-Cool Single Door Refrigerator (GL-D201ASCU, Scarlet Charm, Base stand with drawer)","electronics","Duplicate product title fingerprint"
"Whirlpool 184 L 2 Star Direct-Cool Single Door Refrigerator (205 WDE PRM 2S SAPPHIRE BLOOM-Z, 2023 Model)","electronics","Duplicate product title fingerprint"
"Samsung 223 L 3 Star Inverter Direct-Cool Single Door Refrigerator (RR24C2Y23CR/NL, Camellia Purple)","electronics","Duplicate product title fingerprint"
"Whirlpool 184 L 2 Star Direct-Cool Single Door Refrigerator (205 WDE CLS 2S SHERRY WINE-Z, Sherry Wine, Large Vegetable Bo...","electronics","Duplicate product title fingerprint"
"Samsung 183 L 2 Star Inverter Direct-Cool Single Door Refrigerator (RR20C20C26R/NL, Mystic Overlay Red)","electronics","Duplicate product title fingerprint"
"Samsung 183 L 3 Star Inverter Direct-Cool Single Door Refrigerator (RR20C1823U8/HL, Saffron Blue, Base Stand with Drawer)","electronics","Duplicate product title fingerprint"
"Samsung 183 L 3 Star Inverter Direct-Cool Single Door Refrigerator (RR20C1723R8/HL, Saffron Red)","electronics","Duplicate product title fingerprint"
"Whirlpool 184 L 2 Star Direct-Cool Single Door Refrigerator (205 WDE PRM 2S WINE BLOOM-Z, 2023 Model)","electronics","Duplicate product title fingerprint"
"Samsung 183 L 3 Star Inverter Direct-Cool Single Door Refrigerator (RR20C1723U8/HL, Saffron Blue)","electronics","Duplicate product title fingerprint"
"Samsung 223 L 3 Star Inverter Direct-Cool Single Door Refrigerator (RR24C2Z23CR/NL, Camellia Purple, Base Stand with Drawer)","electronics","Duplicate product title fingerprint"
"Whirlpool 184 L 4 Star Inverter Direct-Cool Single Door Refrigerator (205 WDE PRM 4S Inv MAGNUM STEEL-Z, Magnum Steel, Lar...","electronics","Duplicate product title fingerprint"
"LG 185 L 3 Star Direct-Cool Single Door Refrigerator (GL-B199OBED, Blue Euphoria, 2023 Model, Fastest Ice Making)","electronics","Duplicate product title fingerprint"
"Whirlpool 184 L 3 Star Direct-Cool Single Door Refrigerator (205 WDE PRM 3S MAGNUM STEEL-Z, Magnum Steel, Large Vegetable ...","electronics","Duplicate product title fingerprint"
"Haier 53 L 2 Star Direct-Cool Single Door Mini Refrigerator (HR-65KS, Black)","electronics","Missing both actual and discount prices"
"Whirlpool 207 L 5 Star Inverter Direct-Cool Single Door Refrigerator (230 IMPRO ROY 5S INV WINE ABYSS-Z, With Base Stand, ...","electronics","Duplicate product title fingerprint"
"Whirlpool 260 L Frost Free Multi-Door Refrigerator(FP 283D Protton Roy, Alpha Steel)","electronics","Duplicate product title fingerprint"
"Whirlpool 265 L 2 Star Frost-Free Double Door Refrigerator (NEOFRESH GD PRM 278 2S, Crystal Black, Glass Door, 2022 Model)","electronics","Missing both actual and discount prices"
"Whirlpool 184 L 2 Star Direct-Cool Single Door Refrigerator (205 WDE ROY 2S SAPPHIRE BLOOM-Z, With Base Stand, 2023 Model)","electronics","Duplicate product title fingerprint"
"Samsung 183 L 4 Star Inverter Direct-Cool Single Door Refrigerator (RR20C1724CU/HL, Camellia Blue)","electronics","Duplicate product title fingerprint"
"Whirlpool 330 L Frost-Free Multi-Door Refrigerator (FP 343D PROTTON ROY, Steel Onyx, 2022 Model)","electronics","Duplicate product title fingerprint"
"Whirlpool 184 L 4 Star Inverter Direct-Cool Single Door Refrigerator (205 WDE ROY 4S Inv WINE RADIANCE-Z, Wine Radiance, L...","electronics","Duplicate product title fingerprint"
"Haier 630 L Double Door Side By Side Refrigerators, Expert Inverter Technology (HRS-682SS, Shiny Steel,Magic Convertible, ...","electronics","Duplicate product title fingerprint"
"Samsung 192 L 1 Star Direct Cool Single Door Refrigerator (RR19A2YCA6U/NL, Mystic Overlay BLUE, 2022 Model)","electronics","Missing both actual and discount prices"
"Whirlpool Ice Magic PRO 200 L 3 Star Direct-Cool Single Door Refrigerator (215 IMPRO PRM 3S, SAPPHIRE MULIA)","electronics","Missing both actual and discount prices"
"WESTERN SRC 380-GL Visi Cooler Single and Glass Door, Commercial Refrigerator (380 L, Black)","electronics","Missing both actual and discount prices"
"Whirlpool 200 L 5 Star Inverter Direct-Cool Single Door Refrigerator with Intellisense Inverter Technology (220 IMPRO PRM ...","electronics","Duplicate product title fingerprint"
"Havells-Lloyd 225 L 3 Star Inverter Direct Cool Single Door Refrigerator (GLDF243SBBT2PB Begonia Blue)- 2022 Model","electronics","Duplicate product title fingerprint"
"Whirlpool 184 L 2 Star Direct-Cool Single Door Refrigerator (205 WDE ROY 2S WINE BLOOM-Z, With Base Stand, 2023 Model)","electronics","Duplicate product title fingerprint"
"Godrej 180 L 4 Star Direct-Cool Single Door Refrigerator (RD EDGENEO 207D THF AQ WN, Aqua Wine,Turbo Cooling Technology, 2...","electronics","Duplicate product title fingerprint"
"Whirlpool Ice Magic Powercool 190 L 4 Star Inverter Direct-Cool Single Door Refrigerator with Intellisense Inverter Techno...","electronics","Duplicate product title fingerprint"
"Whirlpool 300 L Frost-Free Multi-Door Refrigerator (FP 313D PROTTON ROY, Steel Onyx)","electronics","Duplicate product title fingerprint"
"Whirlpool Ice Magic PRO 215 L 3 Star Direct-Cool Single Door Refrigerator (230 IMPRO PRM 3S, Alpha Steel, 2022 Model)","electronics","Missing both actual and discount prices"
"Whirlpool Icemagic Powercool 200L Single Door Refrigerator (No.1 In Icemaking, 3 Star, Sapphire Flower Rain) REF 71998","electronics","Missing both actual and discount prices"
"Haier 630 L Double Door Side By Side Refrigerators, Expert Inverter Technology (HRS-682KG, Black Glass,Glass Door, Magic C...","electronics","Duplicate product title fingerprint"
"Whirlpool DC Refrigerator 215 IMPRO Roy 3S Wine Mulia Standard Single Door (71635) 1","electronics","Missing both actual and discount prices"
"Western SRC 500-GL Visi Cooler Glass Standard Single Door Commercial Refrigerator (500 L, Black)","electronics","Missing both actual and discount prices"
"LG 224 L 5 Star Direct-Cool Inverter Single Door Refrigerator (GL-D241AERU, Ebony Regal, Base stand with drawer)","electronics","Duplicate product title fingerprint"
"Samsung 189L 5 Star Inverter Direct-Cool Single Door Refrigerator (RR21C2H25UZ/HL,Midnight Blossom Blue) Base Stand Drawer...","electronics","Missing both actual and discount prices"
"LG 201 L 5 Star Inverter Direct-Cool Single Door Refrigerator (GL-D211HSEZ, Scarlet Euphoria, Base stand with drawer, Gros...","electronics","Duplicate product title fingerprint"
"LG 185 L 3 Star Direct-Cool Single Door Refrigerator (GL-B201ABCD, Blue Charm, Fast Ice Making, Gross Volume- 190 L)","electronics","Duplicate product title fingerprint"
"WESTERN Visi Cooler SRC380GL | HIGH AMBIENT | SAFETY COMPLIANT | IP24 | Air- Cooled, Low Power Consumption, Heavy-Duty Com...","electronics","Missing both actual and discount prices"
"Samsung 236L 2 Star Inverter Frost Free Double Door Refrigerator (RT28C3122S8/HL, Silver, Elegant Inox, Base Stand with Dr...","electronics","Duplicate product title fingerprint"
"Whirlpool 245 L 2 Star Frost-Free Double Door Refrigerator (NEO 258H ROY 2S, Wine Viola, 2022 Model)","electronics","Duplicate product title fingerprint"
"Whirlpool 265 L 2 Star Frost Free Double Door Refrigerator (NEO DF278 PRM ARCTIC STEEL -N, Grey)","electronics","Missing both actual and discount prices"
"Whirlpool 200 L 4 Star Inverter Direct-Cool Single Door Refrigerator with Intellisense inverter technology(215 IMPRO PRM 4...","electronics","Missing both actual and discount prices"
"LG 185 L 3 Star Direct-Cool Single Door Refrigerator (GL-B201ABPD, Blue Plumeria, Moist 'N' Fresh, Gross Volume- 190 L)","electronics","Duplicate product title fingerprint"
"Godrej 180 L 5 Star Direct-Cool Inverter Single Door Refrigerator (RD EDGENEO 207E THI JT ST, Jet Steel, Turbo Cooling Tec...","electronics","Duplicate product title fingerprint"
"Whirlpool 245 L 2 Star Frost Free Double Door Refrigerator (NEO DF258 ROY ARCTIC STEEL (2s)-N, Grey)","electronics","Missing both actual and discount prices"
"Godrej 255 L 2 Star Inverter Frost-Free Double Door Refrigerator with Jumbo Vegetable Tray (RF EON 255B 25 HI TH ST, Thund...","electronics","Duplicate product title fingerprint"
"LG 261 L 3 Star Inverter Direct Cool Single Door Refrigerator(GL-B281BPZX, Shiny Steel, Fast Ice Making , Gross Volume- 27...","electronics","Duplicate product title fingerprint"
"Godrej 192 L 4 Star Inverter Direct-Cool Single Door Refrigerator (RD EDGENEO 207D 43 THI ZN WN, Zen Wine, Turbo Cooling T...","electronics","Duplicate product title fingerprint"
"LG 190 L 3 Star Direct-Cool Single Door Refrigerator (GL-D201ABQD, Blue Quartz, Base stand with drawer & Fast Ice Making, ...","electronics","Duplicate product title fingerprint"
"Godrej 192 L 3 Star Direct-Cool Single Door Refrigerator (RD EDGEJAZZ 207C 33 TRF IC BK, Ice Black, Toughened Glass Door, ...","electronics","Duplicate product title fingerprint"
"LG 360 L 3 Star Inverter Linear Frost-Free Double Door Refrigerator (GL-T402JDS3, Dazzle Steel, Convertible, 2022 Model)","electronics","Missing both actual and discount prices"
"LEONARD USA 52 L Inverter Toughened Glass Door Mini Fridge with LED Interior Light & Temperature Control for Home, Office ...","electronics","Duplicate product title fingerprint"
"LG 694 L Frost Free Smart Inverter Side-by-Side Refrigerator (GC-B257UGLW, Linen White| Door Cooling+ & Hygiene Fresh+)","electronics","Duplicate product title fingerprint"
"LG 185 L 3 Star Direct-Cool Single Door Refrigerator (GL-D201APZD, Shiny Steel, Base stand with Drawer, Gross Volume- 190 L)","electronics","Duplicate product title fingerprint"
"LG 190 L 4 Star Inverter Direct-Cool Single Door Refrigerator (GL-B201ASCY, Fastest Ice Making, Scarlet Charm)","electronics","Missing both actual and discount prices"
"Whirlpool Ice Magic PRO 200 L 3 Star Direct-Cool Single Door Refrigerator (215 IMPRO PRM 3S, PURPLE MULIA)","electronics","Missing both actual and discount prices"
"Samsung 215 L 4 Star Inverter Direct-Cool Single Door Digi-Touch Refrigerator (RR23C2E35NK/HL, Orange Blossom Blue)","electronics","Duplicate product title fingerprint"
"LG 215 L 3 Star Direct-Cool Single Door Refrigerator (GL-D221ASVD, Scarlet Victoria, Base Stand with drawer, 2022 Model)","electronics","Duplicate product title fingerprint"
"LG 215L 3 Star Direct-Cool Single Door Refrigerator (GL-D221ABCD, Blue Charm, Base stand with drawer, 2022 Model)","electronics","Duplicate product title fingerprint"
"LEONARD USA 52 L Inverter Toughened Glass Door Mini Fridge with LED Interior Light & Temperature Control for Home, Office ...","electronics","Duplicate product title fingerprint"
"LG 185 L 3 Star Direct-Cool Single Door Refrigerator (GL-B201ASCD, Scarlet Charm, Moist 'N' Fresh)","electronics","Duplicate product title fingerprint"
"Haier 190 L 2Star Direct-Cool Single Door Refrigerator (HED-19TBS, Blue Steel)","electronics","Missing both actual and discount prices"
"LG 190 L 3 Star Direct-Cool Single Door Refrigerator (GL-B201ABQD, Blue Quartz, Moist 'N' Fresh, 2022 Model)","electronics","Duplicate product title fingerprint"
"Bosch MaxFlex Convert 332L Inverter Frost Free Triple Door Refrigerator Convertible (CMC33S05NI,Convertible,Steel, 2022 Mo...","electronics","Duplicate product title fingerprint"
"LG 408L 3 Star Frost-Free Smart Inverter Wi-Fi Double Door Refrigerator (GL-T412VDSX, Dazzle Steel, Convertible with Door ...","electronics","Missing both actual and discount prices"
"Bosch Max Convert 358L Inverter Frost Free Refrigerator With Water Dispenser (Ctc35S03Di, Convertible, Sparkly Steel, 2022...","electronics","Missing both actual and discount prices"
"Mini Fridge, Mini USB Office Mini Heating Portable Cooling Dual-Use Portable Refrigerator Drink Cooler for Skincare Food H...","electronics","Missing both actual and discount prices"
"Whirlpool Ice Magic PRO 215 L 3 Star Direct-Cool Single Door Refrigerator (230 IMPRO PRM 3S, Sapphire Mulia, 2022 Model)","electronics","Missing both actual and discount prices"
"LG 190L 2 Star Direct-Cool Single Door Refrigerator (GL-B199OSPC, Scarlet Plumeria, Fast Ice Making, 2022 Model)","electronics","Duplicate product title fingerprint"
"Godrej 192 L 3 Star Direct-Cool Single Door Refrigerator (RD EDGERIO 207C 33 THF Rby Red, Ruby Red, Turbo Cooling, 2022 Mo...","electronics","Duplicate product title fingerprint"
"Western SRC 280-GL Visi Cooler Single and Glass Door Commercial Refrigerator (280 L, Black)","electronics","Missing both actual and discount prices"
"Whirlpool 500 L 3 Star Inverter Frost-Free Double Door Refrigerator with Adaptive intelligence technology (INTELLIFRESH IN...","electronics","Duplicate product title fingerprint"
"LG 674 L Frost Free Inverter Linear ThinQ (Wi-fi) InstaView Door-in-Door Side-by-Side Refrigerator (GC-X257CQES, Matt Blac...","electronics","Duplicate product title fingerprint"
"Whirlpool 184 L 4 Star Inverter Direct-Cool Single Door Refrigerator (205 WDE ROY 4S Inv SAPPHIRE RADIANCE-Z, Sapphire Rad...","electronics","Duplicate product title fingerprint"
"LG 215 L 3 Star Direct-Cool Single Door Refrigerator (GL-D221ABQD, Blue Quartz, Base stand with drawer & Moist 'N' Fresh, ...","electronics","Duplicate product title fingerprint"
"Haier HVC-250G, Single Door Visi Cooler,","electronics","Missing both actual and discount prices"
"LG 190 L 3 Star Direct-Cool Single Door Refrigerator (GL-B201AERD,Ebony Regal, Moist 'N' Fresh, 2022 Model)","electronics","Duplicate product title fingerprint"
"Samsung 189 L 5 Star Inverter Direct-Cool Single Door Refrigerator (RR21C2E25HT/HL, Hydrangea Plum, Digi-Touch Cool)","electronics","Duplicate product title fingerprint"
"LG 201 L 4 Star Inverter Direct-Cool Single Door Refrigerator (GL-D211HBCY, Blue Charm, Base stand with drawer)","electronics","Duplicate product title fingerprint"
"LG 215 L 5 Star Direct-Cool Inverter Single Door Refrigerator (GL-B221ARRZ, Ruby Regal, Smart Connect & Moist 'N' Fresh, 2...","electronics","Missing both actual and discount prices"
"Haier 276 L 3 Star Frost Free Inverter Double Door Refrigerator (Inox Steel, Convertible)","electronics","Missing both actual and discount prices"
"GEM 100 L 1 Star Direct-Cool Single Door Refrigerator (GRDN-120DGWC, Dark Grey)","electronics","Missing both actual and discount prices"
"Whirlpool Direct Cool 305 IMPRO Plus PRM 3S Sapphire Abyss (280 LTR) 3 Star Single Door Refrigerator","electronics","Missing both actual and discount prices"
"Samsung 244 L 3 Star Inverter Frost Free Double Door Refrigerator (RT28A3C234R/HL, Rythmic Twirl Plum, Base Stand with Dra...","electronics","Duplicate product title fingerprint"
"Samsung 253 L 3 Star Inverter Frost Free Double Door Refrigerator (RT28A3743BX/HL, Luxe Black, Convertible, 2022 Model)","electronics","Missing both actual and discount prices"
"Western Freezer - SRC 280-GL","electronics","Missing both actual and discount prices"
"Blue Star CHFDD300MGEW- Hard Top freezer, 301 Liters, Deep freezer","electronics","Missing both actual and discount prices"
"Blue Star CHFDD500MGPW- Hard Top freezer, 500 Liters, Deep freezer","electronics","Missing both actual and discount prices"
"Gem 50L Direct Cool Single Door Refrigerator (GRDN-70DGWC, Dark Grey)","electronics","Missing both actual and discount prices"
"Bosch 559 L 2 Star Inverter Frost Free Double Door Refrigerator (Series 4 KGN56XI40I, Inox-easyclean, Bottom Freezer, 2022...","electronics","Duplicate product title fingerprint"
"Whirlpool 260 L Frost Free Multi-Door Refrigerator(FP 283D PROTTON ROY ALPHA STEEL (N), Alpha Steel)","electronics","Duplicate product title fingerprint"
"Havells-Havells -LLOYD Refrigerator Single Door 200L 2 Star Fixed Speed Gardenia Wine GPPS/Honey Comb GLDC212SGWT2GB","electronics","Missing both actual and discount prices"
"LG 215 L 3 Star Direct-Cool Single Door Refrigerator (GL-B221APZD, Shiny Steel, Fast Ice Making, 2022 Model)","electronics","Duplicate product title fingerprint"
"Haier 190 L 2 Star Direct-Cool Single Door Refrigerator (HRD-1902PRS-E, Red Serenity)","electronics","Missing both actual and discount prices"
"Samsung 322 L 2 Star Digital Inverter Frost Free Double Door Refrigerator (RT37C4512S8/HL, Convertible 5-in-1, Silver, Ele...","electronics","Duplicate product title fingerprint"
"Haier 190 L 2 Star Direct-Cool Single Door Refrigerator (HRD-1902BBR-E, Burgundy Red)","electronics","Missing both actual and discount prices"
"Whirlpool 440 L 3 Star Inverter Frost-Free Double Door Refrigerator with Adaptive intelligence technology(INTELLIFRESH INV...","electronics","Duplicate product title fingerprint"
"LG 215 L 3 Star Direct-Cool Single Door Refrigerator (GL-D221ASED, Scarlet Euphoria, Base stand with drawer & Fast Ice Mak...","electronics","Duplicate product title fingerprint"
"LG 235 L 3 Star Direct-Cool Single Door Refrigerator (GL-B241APVD, Purple Victoria, Moist 'N' Fresh, 2022 Model)","electronics","Duplicate product title fingerprint"
"Samsung 700 L With Inverter Side-By-Side Refrigerator, Silver, Steel","electronics","Duplicate product title fingerprint"
"Panasonic 280 L Double Door 3 Star AI Enabled Inverter Technology Frost Free Refrigerator (NR-TH292CPKN, Diamond Black, Ju...","electronics","Duplicate product title fingerprint"
"LG 694 L Frost Free Smart Inverter Side-by-Side Refrigerator (GC-B257UGBM, Black Mirror | Door Cooling+ & Hygiene Fresh+)","electronics","Duplicate product title fingerprint"
"LG 235L 3 Star Direct-Cool Single Door Refrigerator (GL-D241ABCD, Blue Charm, Base stand with drawer, 2022 Model)","electronics","Duplicate product title fingerprint"
"Whirlpool 265 L 3 Star Inverter Frost-Free Double Door Refrigerator with Ai technology(IF INV CNV 278 PURPLE MULIA 3S, Pur...","electronics","Missing both actual and discount prices"
"LG 235 L 3 Star Direct-Cool Single Door Refrigerator (GL-D241ASQD, Scarlet Quartz, Base stand with drawer & Fast Ice Makin...","electronics","Duplicate product title fingerprint"
"Godrej 253 L 2 Star Inverter Frost Free Double Door Refrigerator (RT EONALPHA 270B 25 RI JD WN, Jade Wine, Upto 24 day Far...","electronics","Missing both actual and discount prices"
"LG 188 L 3 Star Inverter Direct-Cool Single Door Refrigerator (GL-B191KPDX, Purple Dazzle)","electronics","Missing both actual and discount prices"
"LG 190L 3 Star Direct-Cool Single Door Refrigerator (GL-D201ASCD, Scarlet Charm, Base stand with drawer, 2022 Model)","electronics","Duplicate product title fingerprint"
"LG 260 L 2 Star Frost-Free Smart Inverter Double Door Refrigerator (GL-N292RERY, Ebony Regal, Multi Air Flow, 2022 Model)","electronics","Missing both actual and discount prices"
"Whirlpool 265 L Frost Free Double Door 2 Star Refrigerator (Purple Mulia, Neo 278LH Purple Mulia (2S)-N (21231))","electronics","Missing both actual and discount prices"
"LG 215L 3 Star Direct-Cool Single Door Refrigerator (GL-D221APZD, Shiny Steel, Base stand with drawer, Grey, Large, 2022 M...","electronics","Duplicate product title fingerprint"
"LG 190 L 2 Star Direct-Cool Single Door Refrigerator (?GL-B199ODSC, Dazzle Steel, Fast Ice Making, 2022 Model)","electronics","Missing both actual and discount prices"
"Samsung 192 L 2 Star Direct Cool Single Door Refrigerator (RR20A2Z1BS8/NL, Elegant Inox, Base stand drawer)- 2022 Model","electronics","Duplicate product title fingerprint"
"Western Visi Cooler SRC752GL","electronics","Missing both actual and discount prices"
"LG 190 L 3 Star Direct-Cool Single Door Refrigerator (GL-D201ASQD, Scarlet Quartz, Base stand with drawer & Fast Ice Makin...","electronics","Duplicate product title fingerprint"
"Whirlpool 340 L 3 Star Inverter Frost-Free Double Door Refrigerator with Adaptive intelligence technology (INTELLIFRESH IN...","electronics","Duplicate product title fingerprint"
"LG GL-N292BPGY 260 Liters 2 Star Double Door Refrigerator (Purple Glow)","electronics","Missing both actual and discount prices"
"Samsung 253 L 2 Star Inverter Frost-Free Double Door Refrigerator (RT28T3822S8/HL, Elegant Inox(Light Doi Metal, Base Stan...","electronics","Duplicate product title fingerprint"
"Havells-Havells -LLOYD Refrigerator Single Door 225L 2 Star Fixed Speed Royal Grey GPPS/Honey Comb GLDC242SRGT2EB","electronics","Missing both actual and discount prices"
"LG 235 L 3 Star Direct-Cool Single Door Refrigerator (GL-D241ABED, Blue Euphoria, Base stand with drawer & Fast Ice Makin...","electronics","Duplicate product title fingerprint"
"LEONARD USA 122 L Inverter Double Door Mini Refrigerator/Mini Fridge for Home & Wine Chiller with Separate Deep Freezer Co...","electronics","Duplicate product title fingerprint"
"LG 215 L 3 Star Direct-Cool Single Door Refrigerator (GL-B221ASPD, Scarlet Plumeria, Moist 'N' Fresh, 2022 Model)","electronics","Duplicate product title fingerprint"
"Samsung 198 L 3 Star Inverter Direct Cool Single Door Refrigerator(RR21A2E2YTU/HL, Delight Indigo, Digi Touch Cool, 2022 M...","electronics","Duplicate product title fingerprint"
"Whirlpool 190 L 2star 205 IMPC Prm Sapphire Linnea Single Door Refrigerator Whirlpool 190 L 2star 205 IMPC Roy Sapphire Li...","electronics","Missing both actual and discount prices"
"LG 215 L 4 Star Inverter Direct Cool Single Door Refrigerator (GL-B221AASY, Amber Steel, 2022 Model)","electronics","Missing both actual and discount prices"
"Haier 181 L 2 Star Direct Cool HRD-1812BBR-E Single Door Refrigerator, Burgundy Red","electronics","Missing both actual and discount prices"
"LG 272 L 3 Star Frost-Free Smart Inverter Wi-Fi Double Door Refrigerator (GL-T312TPZX, Shiny Steel, Convertible & Door Coo...","electronics","Duplicate product title fingerprint"
"LG 235 L 3 Star Direct-Cool Single Door Refrigerator (GL-D241ASED, Scarlet Euphoria, Base Stand with drawer, 2022 Model)","electronics","Duplicate product title fingerprint"
"LG 308 L 3 Star Frost-Free Smart Inverter Double Door Refrigerator (GL-S322RBCX, Blue Charm, Convertible & Multi Air Flow,...","electronics","Duplicate product title fingerprint"
"Samsung 692 L Inverter Frost-Free Side-by-Side Refrigerator (Gentle Black Matt)","electronics","Duplicate product title fingerprint"
"LG 260L 3 Star Smart Inverter Frost-Free Double Door Refrigerator (GL-T292RBCX, Blue Charm, Convertible, 2022 Model)","electronics","Missing both actual and discount prices"
"Whirlpool 200 L 3 Star ( 2019 ) Direct Cool Single Door Refrigerator(215 VITAMAGIC PRO ROY 3S, Alpha Steel, Base Stand wit...","electronics","Duplicate product title fingerprint"
"LG 308 L 2 Star Frost-Free Smart Inverter Double Door Refrigerator (GL-T322RBCY, Blue Charm, ConvertiblePLUS with Door Coo...","electronics","Missing both actual and discount prices"
"Haier 195 L 4 Star Direct-Cool Single Door Refrigerator (HRD-1954CSG-E, Black Spiral Glass)","electronics","Missing both actual and discount prices"
"IFB 6 Kg 5 Star Front Load Washing Machine 2X Power Steam (DIVA AQUA BXS 6008, White & Black, In-built Heater, 4 years Com...","electronics","Duplicate product title fingerprint"
"LG 7 Kg 5 Star Inverter Fully-Automatic Top Loading Washing Machine (T70SJMB1Z, Middle Black, Jet Spray+)","electronics","Duplicate product title fingerprint"
"Godrej 7 Kg 5 Star Fully-Automatic Top Loading Washing Machine (WTEON 700 AD 5.0 ROGR, Grey, Acu Wash Drum)","electronics","Duplicate product title fingerprint"
"IFB 6.5 Kg 5 Star Top Load Washing Machine Aqua Conserve (TL-RSS 6.5KG AQUA, Light Grey, Hard Water Wash, Smart Sense)","electronics","Duplicate product title fingerprint"
"Whirlpool 6.5 Kg 5 Star Royal Fully-Automatic Top Loading Washing Machine (WHITEMAGIC ROYAL PLUS 6.5, Grey, In-Built Heater)","electronics","Duplicate product title fingerprint"
"Whirlpool 7.5 Kg 5 Star Semi-Automatic Top Loading Washing Machine (ACE 7.5 TRB DRY MAX GREY DAZZELE(5YR))","electronics","Duplicate product title fingerprint"
"Whirlpool 10.5 kg 5 Star Semi-Automatic Top Loading Washing Machine (ACE XL 10.5, Graphite Grey, 3D Scrub Technology)","electronics","Missing both actual and discount prices"
"Whirlpool 9.5 Kg 5 Star Inverter Fully Automatic Top Loading Washing Machine (360 BW PRO INV H 9.5 GRAPHITE, Graphite Gre...","electronics","Missing both actual and discount prices"
"Whirlpool Scalegon For FRONT / TOP LOADING Washing Machine (Scale Remover) (5, 500GM)","electronics","Missing both actual and discount prices"
"IFB 6.5 Kg 5 Star Front Load Washing Machine 2X Power Steam (SENORITA SXS 6510, Silver & Black, In-built Heater, 4 years C...","electronics","Duplicate product title fingerprint"
"LG 7 kg 5 Star Semi-Automatic Top Loading Washing Machine (P7010RRAZ, Burgundy, Roller Jet Pulsator), Large","electronics","Duplicate product title fingerprint"
"IFB 7 Kg 5 Star Front Load Washing Machine 2X Power Steam (SERENA ZSS 7010, Silver & Black, In-built Heater, 4 years Compr...","electronics","Duplicate product title fingerprint"
"IFB 6 Kg 5 Star Front Load Washing Machine 2X Power Steam (DIVA PLUS BXS 6008, White & Black, In-built Heater, 4 years Com...","electronics","Duplicate product title fingerprint"
"Bosch 7 kg 5 Star Inverter Touch Control Fully Automatic Front Loading with In-built Heater (WAJ2416WIN, White)","electronics","Duplicate product title fingerprint"
"LG 8.5 kg 5 Star Semi-Automatic Top Load Washing Machine (P8530SRAZ, Burgundy, Roller Jet Pulsator)","electronics","Duplicate product title fingerprint"
"IFB 6.5 Kg 5 Star Front Load Washing Machine 2X Power Steam (SENORITA VXS 6510, White & Black, In-built Heater, 4 years Co...","electronics","Duplicate product title fingerprint"
"IFB 6 Kg 5 Star Front Load Washing Machine 2X Power Steam (NEO DIVA VXS 6010, White, In-built Heater, 4 years Comprehensiv...","electronics","Duplicate product title fingerprint"
"Whirlpool 7.5 Kg 5 Star Fully-Automatic Top Loading Washing Machine (WHITEMAGIC ELITE 7.5, Grey, Hard Water Wash)","electronics","Duplicate product title fingerprint"
"Cloudd Mini Folding Washing Machine Portable,Foldable Compact Ultrasonic Small Automatic USB Powered Cleaning Washer for T...","electronics","Duplicate product title fingerprint"
"IFB 6.5 Kg 5 Star Front Load Washing Machine 2X Power Steam (ELENA ZSS 6510, Silver & Black, In-built Heater, 4 years Comp...","electronics","Duplicate product title fingerprint"
"Samsung 9.5kg Semi Automatic Top Loading Washing Machine (WT95A4200RR, Red)","electronics","Duplicate product title fingerprint"
"Whirlpool 8.5 Kg 5 Star Semi-Automatic Top Loading Washing Machine (ACE 8.5 TURBO DRY, Wine Dazzle)","electronics","Duplicate product title fingerprint"
"IFB 8 Kg 5 Star Front Load Washing Machine 2X Power Steam (SENATOR SXS 8012, Silver, In-built Heater, 4 years Comprehensiv...","electronics","Duplicate product title fingerprint"
"Whirlpool 8.5 Kg 5 Star Semi-Automatic Top Loading Washing Machine (ACE 8.5 TURBO DRY, Purple Dazzle)","electronics","Missing both actual and discount prices"
"Godrej 8 Kg 5 Star Semi-Automatic Top Loading Washing Machine (WSEDGE CLS 80 5.0 PN2 M WNRD, Wine Red)","electronics","Duplicate product title fingerprint"
"LG 7 Kg 5 Star Semi-Automatic Top Loading Washing Machine (P7010NBAZ, Dark Blue)","electronics","Duplicate product title fingerprint"
"Whirlpool 8 kg 5 Star Semi-Automatic Top Loading Washing Machine (ACE SUPER SOAK 8.0, Coral Red, Supersoak Technology)","electronics","Missing both actual and discount prices"
"LG 8 Kg 5 Star Inverter Fully-Automatic Front Loading Washing Machine with Inbuilt heater (FHP1208Z3W, Blue White, AI DD T...","electronics","Duplicate product title fingerprint"
"IFB 7.0 Kg 5 Star Top Load Washing Machine Aqua Conserve (TL-REGS 7.0KG AQUA, Medium Grey, 2X Power Dual Steam, Inbuilt He...","electronics","Duplicate product title fingerprint"
"Voltas Beko 7 Kg Semi-Automatic Top Loading Washing Machine (WTT70ALIM, Burgundy Qpaque)","electronics","Duplicate product title fingerprint"
"Samsung 8 Kg '5-star Ecobubble™ Wi-Fi Inverter Fully-Automatic Top Load Washing Machine (WA80BG4546BRTL, Rose Brown), Bubb...","electronics","Duplicate product title fingerprint"
"LG 7 Kg 5 Star Inverter Wi-Fi Fully-Automatic Front Load Washing Machine with In-Built Heater (FHV1207Z4M, Middle Black, A...","electronics","Missing both actual and discount prices"
"Whirlpool 7.5kg Semi-automatic Top Loading Washing Machine ACE 7.5 SUPER SOAK GREY DAZZLE (10 YR)","electronics","Missing both actual and discount prices"
"Godrej Edge Pro 9 Kg 5 Star Semi Automatic Top Load Washing Machine (WSEDGE PRO 90 5.0 PB3 M LISP, Lilac Sprinkle)","electronics","Missing both actual and discount prices"
"IFB 7 Kg 5 Star Front Load Washing Machine 2X Power Steam (NEO DIVA VXS 7010, White, In-built Heater, 4 years Comprehensiv...","electronics","Duplicate product title fingerprint"
"IFB 6 Kg 5 Star Front Load Washing Machine 2X Power Steam (NEO DIVA SXS 6010, Silver, In-built Heater, 4 years Comprehensi...","electronics","Duplicate product title fingerprint"
"LG 6.5 Kg 5 Star Smart Inverter Fully-Automatic Top Loading Washing Machine (T65SNSF1Z, Middle Free Silver, TurboDrum)","electronics","Duplicate product title fingerprint"
"Samsung 9 Kg 5 Star Wi-Fi Inverter Fully-Automatic Front Loading Washing Machine (WW90T504DAN1TL, Inox, In-Built Heater)","electronics","Duplicate product title fingerprint"
"Voltas Beko 8.5 kg Semi-Automatic Top Loading Washing Machine, 2 Casette Filter (WTT85DBLT, Sky Blue)","electronics","Duplicate product title fingerprint"
"Whirlpool 7 kg 5 Star Fully-Automatic Top Loading Washing Machine (WHITEMAGIC ELITE 7.0, Grey, Hard Water Wash)","electronics","Missing both actual and discount prices"
"Haier 6.5 Kg 5 Star Oceanus Wave Drum Fully Automatic Top Load Washing Machine (HWM65-707ES5, Moonlight Grey)","electronics","Missing both actual and discount prices"
"Whirlpool 8 KG 5 Star, Supersoak Technology Semi Automatic Top Load Washing Machine (ACE 8.0 SUP SOAK, Coral Purple)","electronics","Missing both actual and discount prices"
"LG 6.0 Kg Inverter Fully-Automatic Front Loading Washing Machine (FHT1006HNW, Blue White)","electronics","Missing both actual and discount prices"
"Whirlpool 7.5 Kg 5 Star Fully-Automatic Top Loading Washing Machine with In-Built Heater (STAINWASH PRO H 7.5, Grey)","electronics","Duplicate product title fingerprint"
"IFB 6 Kg 5 Star Front Load Washing Machine 2X Power Steam (DIVA PLUS VXS 6008, White, In-built Heater, 4 years Comprehensi...","electronics","Duplicate product title fingerprint"
"LG 8 kg 5 Star Inverter Wi-Fi Fully-Automatic Front Loading Washing Machine (FHV1408ZWP, Platinum Silver, Steam)","electronics","Missing both actual and discount prices"
"Whirlpool 8.5 Kg 5 Star Semi-Automatic Top Loading Washing Machine (ACE 8.5 TURBO DRY, Silver Dazzle)","electronics","Missing both actual and discount prices"
"Godrej 7 Kg 5 Star Fully-Automatic Top Loading Washing Machine (WTEON ALR C 70 5.0 ROGR, Grey, Rollercoaster Wash)","electronics","Duplicate product title fingerprint"
"IFB 7 Kg 5 Star Front Load Washing Machine 2X Power Steam (ELITE MXS 7012, Mocha, In-built Heater, 4 years Comprehensive W...","electronics","Duplicate product title fingerprint"
"Roky Latest Mini Washing Machine Portable Folding Washing Machine Single Person Use Mobile Foldable Washing","electronics","Duplicate product title fingerprint"
"LG 6.5 Kg 5 Star Smart Inverter Fully-Automatic Top Loading Washing Machine (T65SKSF1Z, Middle Free Silver) 2020","electronics","Duplicate product title fingerprint"
"Voltas Beko 8 kg Semi-Automatic Top Loading Washing Machine, 2 Casette Filter (WTT80DBLT, Sky Blue)","electronics","Missing both actual and discount prices"
"Godrej 7 Kg 5 Star Fully-Automatic Top Loading Washing Machine with In Built Heater (WTEON ADR 70 5.0 FDTH GPGR, Graphite ...","electronics","Duplicate product title fingerprint"
"Whirlpool 8 kg 5 Star Semi-Automatic Top Loading Washing Machine (ACE SUPER SOAK 8.0, Coral Purple, Supersoak Technology)","electronics","Missing both actual and discount prices"
"IFB 8 Kg 5 Star Front Load Washing Machine 2X Power Steam (SENATOR MXS 8012, Mocha, In-built Heater, 4 years Comprehensive...","electronics","Duplicate product title fingerprint"
"IFB 7 Kg 5 Star Front Load Washing Machine 2X Power Steam (NEO DIVA WSS 7010, White & Silver, In-built Heater, 4 years Com...","electronics","Duplicate product title fingerprint"
"Godrej EDGE ULTIMA 8 Kg 5 star Semi-Automatic Top Loading Washing Machine (WSEDGE ULT 80 5.0 DB2M CSRD, Crystal Red, touge...","electronics","Duplicate product title fingerprint"
"IFB 7 Kg 5 Star Front Load Washing Machine 2X Power Steam (ELITE ZRS 7012, Red, In-built Heater, 4 years Comprehensive War...","electronics","Duplicate product title fingerprint"
"LG 6.5 Kg 5 Star Inverter Fully-Automatic Front Loading Washing Machine (FHT1265ZNW, White, 6 Motion Direct Drive)","electronics","Missing both actual and discount prices"
"Panasonic 7 kg 5 Star Semi-Automatic Top Loading Washing Machine with Powerful Motor (NA-W70B5RRB, Red, Active Foam System)","electronics","Duplicate product title fingerprint"
"Godrej 7.2 Kg Semi-Automatic Top Loading Washing Machine (WS EDGE CLS 7.2 PN2 M WNRD, Wine Red)","electronics","Missing both actual and discount prices"
"Whirlpool 7.5 Kg 5 Star Fully-Automatic Top Loading Washing Machine (360 BLOOMWASH PRO (540) 7.5, Graphite, Hexa Bloom Imp...","electronics","Duplicate product title fingerprint"
"Haier 9.5 Kg Semi-Automatic Top Loading Washing Machine (HTW95-178, Blue Floral)","electronics","Duplicate product title fingerprint"
"Panasonic 8 Kg 5 Star Semi-Automatic Top Loading Washing Machine (NA-W80E5HRB, Grey, Powerful Motor, Active Foam System, E...","electronics","Duplicate product title fingerprint"
"7 Kg 5 Star Fully Automatic Top Load Washing Machine (Series 6, WOI705B0IN, Multiple Water Protection, Dark Lake)","electronics","Missing both actual and discount prices"
"LG 7.5 Kg 5 Star Semi-Automatic Top Loading Washing Machine (P7535SMMZ, Mauve, Wind Jet Dry)","electronics","Duplicate product title fingerprint"
"IFB 6.5 Kg 5 Star Front Load Washing Machine 2X Power Steam (ELENA ZWS 6510, White & Black, In-built Heater, 4 years Compr...","electronics","Duplicate product title fingerprint"
"Haier 707 Series 6.5 KG 5 Star Fully Automatic Top Load Washing Machine (HWM65-707BKNZP, Titanium Grey)","electronics","Missing both actual and discount prices"
"Panasonic 8 Kg Wifi Built-In Heater Fully-Automatic Top Loading Smart Washing Machine (NA-F80V10LRB, Silver, Compatible wi...","electronics","Duplicate product title fingerprint"
"Whirlpool 7.5 kg 5 Star Semi-Automatic Top Loading Washing Machine","electronics","Missing both actual and discount prices"
"Door Handle Suitable for IFB Front Loading Washing Machines-","electronics","Duplicate product title fingerprint"
"Whirlpool 9.5 kg Semi-Automatic Top Loading Washing Machine (ACE XL 9.5, Royal Purple, 3D Scrub Technology)","electronics","Missing both actual and discount prices"
"Havells-Lloyd 7 kg Semi Automatic Top Load Washing Machine (LWMS70BE1 Blossom Blue)","electronics","Missing both actual and discount prices"
"LG 11 kg 5 Star Semi-Automatic Top Loading Washing Machine (P1145SRAZ, Burgundy, Punch + 3)","electronics","Missing both actual and discount prices"
"Samsung 6.5 Kg Inverter 5 star Fully-Automatic Top Loading Washing Machine (WA65T4262VS/TL, Imperial Silver, Wobble techno...","electronics","Missing both actual and discount prices"
"LG 6 Kg Semi-Automatic Top Loading Washing Machine (P6001RG, Dark Grey, Roller Jet Pulsator)","electronics","Missing both actual and discount prices"
"Whirlpool 7 kg Semi-Automatic Top Loading Washing Machine (Ace 7.0 Supreme Plus, Coral Red)","electronics","Missing both actual and discount prices"
"IFB 10 KG Fully-Automatic Top Load Washing Machine (TL-SIBS 10.0KG AQUA,Inox)","electronics","Missing both actual and discount prices"
"Whirlpool 6.0 kg Fully-Automatic Front Loading Washing Machine (FRESH CARE 6112, White)","electronics","Missing both actual and discount prices"
"Whirlpool 7.5 kg Fully-Automatic Top Loading Washing Machine (360° BLOOMWASH PRO Heater 7.5, Graphite, In-built Heater)","electronics","Duplicate product title fingerprint"
"IFB 6.5 kg 5 Star Fully-Automatic Front Loading Washing Machine (Senorita WXS, Silver, In-Built Heater, 3D Wash Technology)","electronics","Missing both actual and discount prices"
"Whirlpool 7.5 Kg Fully-Automatic Top Loading Washing Machine (Stainwash Deep Clean (N) 10 YMW, Grey, Inbuilt)","electronics","Duplicate product title fingerprint"
"LG 8.0 kg 5 Star Semi-Automatic Top Loading Washing Machine (P8030SGAZ, Dark Grey)","electronics","Missing both actual and discount prices"
"Whirlpool 9.5 kg Semi-Automatic Top Loading Washing Machine (ACE XL 9.5, Coral Red, 3D Scrub Technology)","electronics","Missing both actual and discount prices"
"Samsung 6.5 Kg Inverter 5 star Fully-Automatic Front Loading Washing Machine (WW66R22EK0S/TL, Silver Hygiene Steam)","electronics","Duplicate product title fingerprint"
"LG 6.5 Kg 5 Star Smart Inverter Fully-Automatic Top Loading Washing Machine (T65SJDR1Z, Red Floral Pattern, Punch+3)","electronics","Duplicate product title fingerprint"
"LG 9 KG Fully Automatic Front Load Washing Machine(FHV1409ZWB,Black Steel)","electronics","Missing both actual and discount prices"
"Siemens 8 kg Fully-Automatic Front Loading iQ500 Washing Machine (WM12J26WIN, White)","electronics","Duplicate product title fingerprint"
"LG 9 kg 5 Star Semi-Automatic Top Loading Washing Machine P9040RGAZ","electronics","Duplicate product title fingerprint"
"Roky Mini Foldable Washing Machine, Portable Washing Machine Ultrasonic Cleaning Machine, Folding Mini Laundry, Small Auto...","electronics","Duplicate product title fingerprint"
"IFB 8 KG Fully-Automatic Top Load Washing Machine (TL-SDSS 8.0KG AQUA,Silver)","electronics","Missing both actual and discount prices"
"LG 8.0 kg Semi-Automatic Top Loading Washing Machine (P9037R3SM, Dark Blue)","electronics","Missing both actual and discount prices"
"LG 6.5 Kg 5 Star Inverter Fully-Automatic Front Loading Washing Machine (FHM1065SDL, Silver, 6 Motion Direct Drive)","electronics","Duplicate product title fingerprint"
"LG 8.5 Kg 5 Star Semi-Automatic Top Loading Washing Machine (P8535SGMZ, Dark Gray, Roller Jet Pulsator), Large","electronics","Duplicate product title fingerprint"
"Samsung 6.5 Kg 5 Star Fully-Automatic Inverter Front Loading Washing Machine with Eco Bubble Technology (WW65R20EKMW/TL, H...","electronics","Duplicate product title fingerprint"
"LG 7Kg 5 star Inverter Wifi Front Load Washing Machine (FHV1207ZWB, VCM, Direct Drive)","electronics","Missing both actual and discount prices"
"Whirlpool 9 Kg Semi-Automatic Top Loading Washing Machine (ACE XL 9,0, Coral Red, 3D Scrub Technology)","electronics","Missing both actual and discount prices"
"LG 6 kg Inverter Fully-Automatic Front Loading Washing Machine (FH0H3NDNL02, White)","electronics","Missing both actual and discount prices"
"Godrej 7.5 Kg 5 Star Fully-Automatic Top Loading Washing Machine (WTEON VLVT 75 5.0 FDTN MTBK, Metallic Black, Zero Pressu...","electronics","Duplicate product title fingerprint"
"Whirlpool 7.5 kg 5 Star Inverter Fully-Automatic Top Loading Washing Machine with In-Built Heater, (360 Bloomwash PRO INV ...","electronics","Duplicate product title fingerprint"
"Godrej 7 Kg Semi-Automatic Top Loading Washing Machine (WS AXIS 7.0 PN2 T WNRD, Red, White)","electronics","Missing both actual and discount prices"
"Bosch 9 KG /6 KG Inverter Front Load Washer Dryer (WNA14400IN, White, Inbuilt Heater 1400 RPM)","electronics","Duplicate product title fingerprint"
"LG 9 Kg 5 Star Inverter Wi-Fi Fully-Automatic Top Loading Washing with In-Built Heater (THD09SWP, Platinum Black, AIDD Tec...","electronics","Duplicate product title fingerprint"
"LG 8.5 kg 5 Star Semi-Automatic Top Loading Washing Machine (P8535SRMZ, Burgundy, Roller Jet Pulsator), large","electronics","Duplicate product title fingerprint"
"Ascetic Mini Foldable Top Load Washing Machine Portable, Small Automatic Cleaning Washer with Capacity of 2 kg, Multicolour","electronics","Duplicate product title fingerprint"
"Samsung 9 Kg '5-star Ecobubble™ Wi-Fi Inverter Fully Automatic Top Load Washing Machine (WA90BG4546BVTL,Black Caviar), Bub...","electronics","Duplicate product title fingerprint"
"Whirlpool 6.5 Kg 5 Star Fully-Automatic Top Loading Washing Machine (CLS6.5 GRY, Grey)","electronics","Missing both actual and discount prices"
"Whirlpool 7.5 Kg 5 Star Semi-Automatic Top Loading Washing Machine (ACE 7.5 TRB DRY WINE DAZZLE (5YR), Wine Dazzle)","electronics","Missing both actual and discount prices"
"Voltas Beko 7 kg Semi-Automatic Top Loading Washing Machine (WTT70DBRT,Burgundy) 2020","electronics","Missing both actual and discount prices"
"Whirlpool Whitemagic Classic 6.5 KG Automatic Top Load Washing Machine (WHITEMAGIC CLASSIC 6.5 GENX ROSE WOOD WINE)","electronics","Missing both actual and discount prices"
"Bosch 6.5 Kg Top Load Washing Machine (WOE653D0IN-N_DarkGrey)","electronics","Missing both actual and discount prices"
"Samsung 8.5 Kg 5 star Semi Automatic Top Loading Washing Machine with Hexa Storm ulsator (WT85B4200LL, Light Gray with Blu...","electronics","Missing both actual and discount prices"
"LLoyd GLWMS90HVGEX Semi Automatic 9.0Kg Top Load Washing Machine ( VIBRANT ORANGE & GREY) 2022","electronics","Missing both actual and discount prices"
"IFB 7.0 Kg Fully-Automatic Top Loading Washing Machine (TL-SDS 7KG Aqua, Grey, Hard Water Wash, Smart Sense)","electronics","Duplicate product title fingerprint"
"Lloyd 1.5 Ton 3 Star Inverter Split Ac (5 In 1 Convertible, Copper, Anti-Viral + Pm 2.5 Filter, 2023 Model, White, Gls18I3...","electronics","Duplicate ASIN"
"Tosaa 18 Pcs - 3 Different Size Plastic Food Snack Bag Pouch Clip Sealer Large,Medium,Small Plastic Snack Seal Sealing Bag...","electronics","Price below minimum retail threshold (₹90)"
"HUL Pureit Germkill kit for Classic 23 L water purifier - 1500 L Capacity","electronics","Duplicate product title fingerprint"
"LG 1.5 Ton 5 Star AI DUAL Inverter Split AC (Copper, Super Convertible 6-in-1 Cooling, HD Filter with Anti-Virus Protectio...","electronics","Duplicate ASIN"
"LG 1 Ton 4 Star Ai Dual Inverter Split Ac (Copper, Super Convertible 6-In-1 Cooling, Hd Filter With Anti Virus Protection,...","electronics","Duplicate ASIN"
"Bajaj DX-2 600W Dry Iron with Advance Soleplate and Anti-Bacterial German Coating Technology, Grey","electronics","Duplicate product title fingerprint"
"LG 1.5 Ton 3 Star AI DUAL Inverter Split AC (Copper, Super Convertible 6-in-1 Cooling, HD Filter with Anti-Virus Protectio...","electronics","Duplicate ASIN"
"Carrier 1.5 Ton 3 Star Inverter Split AC (Copper,ESTER Dxi, 4-in-1 Flexicool Inverter, 2022 Model,R32,White)","electronics","Duplicate ASIN"
"InstaCuppa Portable Blender for Smoothie, Milk Shakes, Crushing Ice and Juices, USB Rechargeable Personal Blender Machine ...","electronics","Duplicate product title fingerprint"
"Voltas 1.4 Ton 3 Star Inverter Split AC(Copper, Adjustable Cooling, Anti-dust Filter, 2023 Model, 173V Vectra Platina, White)","electronics","Duplicate ASIN"
"Lloyd 1.0 Ton 3 Star Inverter Split Ac (5 In 1 Convertible, Copper, Anti-Viral + Pm 2.5 Filter, 2023 Model, White With Chr...","electronics","Duplicate ASIN"
"PrettyKrafts Laundry Basket for clothes with Lid & Handles, Toys Organiser, 75 Ltr,Mushroom Print,White, Set of 2 ,Cardboard","electronics","Duplicate product title fingerprint"
"Lloyd 1.5 Ton 5 Star Inverter Split Ac (5 In 1 Convertible, Copper, Anti-Viral + Pm 2.5 Filter, 2023 Model, White With Chr...","electronics","Duplicate ASIN"
"VR Smart Plastic Measuring Spoon and Cup Set, 8-Pieces (Black, Pack of 1)","electronics","Price below minimum retail threshold (₹90)"
"Carrier 1 Ton 3 Star AI Flexicool Inverter Split AC (Copper, Convertible 4-in-1 Cooling,Dual Filtration with HD & PM 2.5 F...","electronics","Duplicate ASIN"
"Voltas 1.5 Ton, 5 Star, Inverter Split AC(Copper, 4-in-1 Adjustable Mode, Anti-dust Filter, 2023 Model, 185V DAZJ, White)","electronics","Duplicate ASIN"
"Daikin 1 Ton 3 Star Inverter Split AC (Copper, PM 2.5 Filter, Triple Display, Dew Clean Technology, Coanda Airflow, 2023 M...","electronics","Duplicate ASIN"
"Kuber Industries Waterproof Canvas Laundry Bag/Hamper|Metalic Printed With Handles|Foldable Bin & 45 Liter Capicity|Size 3...","electronics","Duplicate product title fingerprint"
"Daikin 1.5 Ton 5 Star Inverter Split AC (Copper, PM 2.5 Filter, 2022 Model, MTKM50U, White)","electronics","Duplicate ASIN"
"Panasonic 1.5 Ton 5 Star Wi-Fi Inverter Smart Split AC (Copper Condenser, 7 in 1 Convertible with additional AI Mode, 4 Wa...","electronics","Duplicate ASIN"
"Carrier 1.5 Ton 5 Star AI Flexicool Inverter Split AC (Copper, Convertible 6-in-1 Cooling,Dual Filtration with HD & PM 2.5...","electronics","Duplicate ASIN"
"atomberg Renesa+ 1200mm BLDC Motor 5 Star Rated Ceiling Fans for Home with Remote Control | Upto 65% Energy Saving High Sp...","electronics","Duplicate product title fingerprint"
"Whirlpool 1.5 Ton 3 Star, Flexicool Inverter Split AC (Copper, Convertible 4-in-1 Cooling Mode, HD Filter 2023 Model, S3K1...","electronics","Duplicate ASIN"
"Samsung 1.5 Ton 3 Star Inverter Split AC (Copper, Convertible 5-in-1 Cooling Mode, Easy Filter Plus (Anti-Bacteria), 2023 ...","electronics","Duplicate ASIN"
"Lloyd 1.0 Ton 5 Star Inverter Split Ac (5 In 1 Convertible, Copper, Anti-Viral + Pm 2.5 Filter, 2023 Model, White With Chr...","electronics","Duplicate ASIN"
"Godrej 1.5 Ton 5 Star 5-In-1 Convertible, Inverter Split AC (100% Copper, Heavy Duty Cooling at 52°C, 2023 Model,AC 1.5T E...","electronics","Duplicate ASIN"
"Wonderchef Nutri-blend Mixer, Grinder & Blender | Powerful 400W 22000 RPM motor | Stainless steel Blades | 3 unbreakable j...","electronics","Duplicate product title fingerprint"
"Godrej 1 Ton 3 Star Inverter Split Ac Model 2023 (100% Copper,5-In-1 Convertible, Ac 1T Ei 12Tinv3R32-Gwa Split, White)","electronics","Duplicate ASIN"
"Candes Brio Turbo 600 mm / 24 Inch High Speed 4 Blade Anti-Dust 900 RPM Ceiling Fan Suitable for Kitchen/Veranda/Balcony/S...","electronics","Duplicate product title fingerprint"
"Kuber Industries Nylon Mesh Laundry Basket|Sturdy Material & Durable Handles|Netted Lightweight Laundry Bag, Size 36 x 36 ...","electronics","Duplicate product title fingerprint"
"Philips Viva Collection HR1863/20 2-Litre Juicer (Black/Silver), 800 W","electronics","Duplicate product title fingerprint"
"Daikin 1.5 Ton 3 Star Inverter Split AC (Copper, PM 2.5 Filter, Triple Display, Dew Clean Technology, Coanda Airflow, MTKL...","electronics","Duplicate ASIN"
"Blue Star 1.5 Ton 3 Star Convertible 4 in 1 Cooling Inverter Split AC (Copper, Multi Sensors, Stabalizer Free Operation, D...","electronics","Duplicate ASIN"
"LG 1.5 Ton 2 Star DUAL Inverter Split AC (Copper, Convertible 4-in-1 Cooling, HD Filter with Anti-virus Protection, 2023 M...","electronics","Duplicate ASIN"
"Candes Star 1200mm/48 inch High Speed Anti-dust Decorative 5 Star Rated Ceiling Fan 405 RPM with 2 Yrs Warranty (Silver Bl...","electronics","Duplicate product title fingerprint"
"LG 1.5 Ton 4 Star AI DUAL Inverter Split AC (Copper, Super Convertible 6-in-1 Cooling, HD Filter with Anti-Virus Protectio...","electronics","Duplicate ASIN"
"Panasonic 1 Ton 5 Star Wi-Fi Inverter Smart Split AC (Copper Condenser, 7 in 1 Convertible with additional AI Mode, 4 Way ...","electronics","Duplicate ASIN"
"Lakme Eyebrow Pencil, Black, 2 g","beauty","Price below minimum retail threshold (₹90)"
"Swiss Beauty Eyebrow Definer Pencil with Spoolie | Smudge proof, Waterproof and Pigmented Eyebrow pencil |Shade - Coco Bro...","beauty","Price below minimum retail threshold (₹90)"
"Insight Non Transfer Lip Color, Matte Finish, 4ml (01 Joyfull)","beauty","Price below minimum retail threshold (₹90)"
"20 Sheets Temporary Tattoos Sticker Kids Glow Kids Temporary Tattoos Unicorn Toy ,Waterproof Luminous Tattoo Sticker, Unic...","beauty","Nursery/Diaper/Non-beauty product in Beauty"
"Himalaya Herbals Kajal,Black, 1g Matte Finish","beauty","Price below minimum retail threshold (₹90)"
"Rsentera HD Pro Conceal Orange Corrector 8g Concealer Natural Cream (orange corrector, 8 g)","beauty","Price below minimum retail threshold (₹90)"
"SH. HUDA Professional Makeup Liquid Matte Minis Lipstick Red Edition Pack of 4 (Multicolor)","beauty","Price below minimum retail threshold (₹90)"
"100 Sheets of Facial Tissue Ultra Soft Non-Woven Face Cleansing Wipes, Beauty Towel, Dry Wipes, Durable Face Makeup Remove...","beauty","Nursery/Diaper/Non-beauty product in Beauty"
"10 Sheets Unicorn children's waterproof temporary tattoo, children's temporary tattoo toys. The tattoo on the girl's face ...","beauty","Nursery/Diaper/Non-beauty product in Beauty"
"Insight Cosmetics Organic Liquid Sindoor(SND16-M)","beauty","Price below minimum retail threshold (₹90)"
"Brigand Face Cleansing Reusable Puff Make Up Sponge Double Layer Reusable Removal Wipes for Women's (Random Color) (Pack O...","beauty","Nursery/Diaper/Non-beauty product in Beauty"
"Garnier Bright Complete Vitamin C BB Cream 9g","beauty","Price below minimum retail threshold (₹90)"
"Generic Women's & Girl's Makeup Brushes - Colour : Pink - Set of 5","beauty","Price below minimum retail threshold (₹90)"
"Facial Tissue Disposable Dry Wipes Face Cleansing Tissue Ultra Soft Non-Woven Approx 100 Beauty Towels Makeup Remover Mult...","beauty","Nursery/Diaper/Non-beauty product in Beauty"
"Patanjali Herbal Suhag Teeka - Pack of 1 - 3 GM","beauty","Price below minimum retail threshold (₹90)"
"GUBB False/Fake Eyelash Glue Transparent Waterproof Eyelashes Extension Glue Adhesive - Natural Rubber Latex, Seamlessly B...","beauty","Price below minimum retail threshold (₹90)"
"MAPPERZ Mascara Eyelash Wands Brush for Eyelash Extension Eyebrow and Makeup Color/ Makeup Brush Eyebrow Eyelash Comb Wand...","beauty","Price below minimum retail threshold (₹90)"
"Mars Smudge Proof Long Lasting Matte Lip Crayon - LS14-14,3.5g","beauty","Duplicate product title fingerprint"
"Love Earth Lip Tint & Cheek Tint Multipot Combo (Rose Pink & Ruby Pink) with Richness of Jojoba Oil and Vitamin E for Lip...","beauty","Duplicate product title fingerprint"
"Fabify Beauty Blender Set Makeup Sponge Blending Face Makeup, Foundation Cleaner Puff (Pack of 2)","beauty","Price below minimum retail threshold (₹90)"
"KOSHIN Multi Color Round Shape Size Diameter 1.7 cm Forehead Bindi For Women Ladies (Multi color Bindi) Pack 3","beauty","Price below minimum retail threshold (₹90)"
"S.A.V.I Full Arm Hand Temporary Tattoo For Men Girls Women Sticker Size 48x17cm - 1pc. (24), Multicolor, 7 g","beauty","Duplicate product title fingerprint"
"Fabify Makeup Cosmetic Face Powder, Foundation/blush Brush (Black)","beauty","Price below minimum retail threshold (₹90)"
"SH. Huda Matte Liquid Lipstick Combo Pack Of 2","beauty","Price below minimum retail threshold (₹90)"
"Nesta Refreshing Single Pouch Wet Wipes with Extra Moisturizers No Artificial Fragrance, Alcohol & Paraben Free, Eco Frien...","beauty","Nursery/Diaper/Non-beauty product in Beauty"
"Huda Professional Sponge Makeup Puff","beauty","Price below minimum retail threshold (₹90)"
"KOSHIN Black Color White Rhinestone Round Shape Large Size (Per Bindi Height 1.5cm x Width 1.5cm) Forehead Fancy Stone Bin...","beauty","Price below minimum retail threshold (₹90)"
"Wet n Wild, Color Icon Glitter Single Eyeshadow, Shiny Single Eyeshadow with Hydrating Formula and Silky Texture, Professi...","beauty","Duplicate product title fingerprint"
"Medin Paris copper Body matte lipstick cosmetics makeup combo set of 4 color (red baby pink skin brown brown)","beauty","Missing both actual and discount prices"
"1Pc Cosmetic Puff Powder Smooth Women's Makeup Foundation Sponge Beauty Make Up Tools & Accessories Water Drop Blending Shape","beauty","Price below minimum retail threshold (₹90)"
"Dazller Eyeliner Pencil, Matte Finish, Water-Proof, Smudge-Proof, Long Stay, Sharpener Included, Vegan (Black, 1)","beauty","Price below minimum retail threshold (₹90)"
"Lakme Absolute Spotlight Lip Gloss, Electric Red, 4 ml","beauty","Missing both actual and discount prices"
"Nesta Wet Wipes for Skin and Face Cleansing | Makeup Remover for all Skin Types| No Perfume| No Harsh Chemicals | No Alcoh...","beauty","Nursery/Diaper/Non-beauty product in Beauty"
"Wiclenz Hygiene Bed Bath Wet Wipes For Face Cleansing & Refreshing Pack of 60 Wipes (10 Wipes × 6 Packs)","beauty","Nursery/Diaper/Non-beauty product in Beauty"
"Nyx Professional Makeup Epic Ink Eye Liner, Black, 1ml","beauty","Missing both actual and discount prices"
"Plain Velvet Small Bindi for girls women Multi color Bindis (4 packets)","beauty","Price below minimum retail threshold (₹90)"
"Lodhi Home Ultra Soft Microfiber Highly Absorbent Face Cleaning Towel for Girls, Ladies, Baby, Face Cloth Makeup Remover, ...","beauty","Nursery/Diaper/Non-beauty product in Beauty"
"TULIPS Magnolia Refreshing Wet Wipes with Magnolia Bark Extract (Pack of 3)","beauty","Nursery/Diaper/Non-beauty product in Beauty"
"Lazy (Strawberry ) Color Changing Long Lasting Waterproof Lip Shape Matte Apple Lipstick LIp Balm","beauty","Nursery/Diaper/Non-beauty product in Beauty"
"Cornstarch Powder For Baking | Skin | Hair | Craft | Pantry | Baby Powder | Experiments | Clothes | Soups (100 Gm)","beauty","Nursery/Diaper/Non-beauty product in Beauty"
"My.Shop Golden Diamond Cut Tiny 2mm Bindis Round Rhinestones Bindi for Women Ladies (2 Packets)","beauty","Price below minimum retail threshold (₹90)"
"Vama Fashions Small Tilak Bindis For ladies Bindi For Women","beauty","Price below minimum retail threshold (₹90)"
"Ivana's Heena Mehandi Tatto Stencil Set for | Hand | Body | Fingure | Face | Heena Art Temporary Tatto for Kids (NIV-327)","beauty","Duplicate product title fingerprint"
"Goree Refreshing Facial Wipes with Ice- Lab Tested - MADE IN INDIA","beauty","Nursery/Diaper/Non-beauty product in Beauty"
"Calitate24 Blue Eyeliner Spectacular color Eyeliner- Electric Blue Color,Waterproof,Longlasting, Smudgeproof, enriched wit...","beauty","Price below minimum retail threshold (₹90)"
"Himalaya Purifying Neem facial wipes (25 Wipes), Pack of 5","beauty","Nursery/Diaper/Non-beauty product in Beauty"
"MAGIC GIRL 5 IN 1 RED EDDITION BUTTER LIPS MULTI SHADES LIPSTICK","beauty","Price below minimum retail threshold (₹90)"
"Glamyou Bindi Daily Use Simple Forehead Bindi For Women Pack of 3 Boxes Red, Multi, Marron (Bindi Size : 2mm each)","beauty","Price below minimum retail threshold (₹90)"
"GINNI CLEA Cleansing & Makeup Remover Wipes (Rose,Lemon,Aloevera,Orange,Strawberry) (pack of 5) (30 wipes per pack)","beauty","Nursery/Diaper/Non-beauty product in Beauty"
"CETC Professional Flat Face Pack Brush - Wooden","beauty","Price below minimum retail threshold (₹90)"
"Reusable Soft Makeup Remover Pads for All Skin Microfiber Face Rounds Wipes Heavy Mascara Eye Shadow Facial Cleansing Puff...","beauty","Nursery/Diaper/Non-beauty product in Beauty"
"SH. HUDA Ultra Smooth Matte Me Liquid Lipstick (Red, 6 ml)","beauty","Price below minimum retail threshold (₹90)"
"T.O.G. Eyelash Extension Remover Cream Fruit Fragrance 10G for Lashes Remover White Strawberry","beauty","Nursery/Diaper/Non-beauty product in Beauty"
"The Body Shop Vegan Body Yogurt Strawberry, 200 Ml","beauty","Nursery/Diaper/Non-beauty product in Beauty"
"Blue Heaven Matte Bb Cream, Honey - Medium, 301, 30 Gm","beauty","Duplicate ASIN"
"RENEE Face Base BB Cream 7 in 1 with SPF 30 PA+++, Enriched with Vitamin C, Hyaluronic Acid, Hydrates, Nourishes & Smoothe...","beauty","Duplicate ASIN"
"Chambor Orosa Defining 10h Eyeliner Pencil, Black No.01","beauty","Missing both actual and discount prices"
"Schwarzkopf Professional Bonacure Keratin Smooth Perfect Treatment(200ml), Conditioner(200ml) and Micellar Shampoo(250ml)","beauty","Duplicate product title fingerprint"
"Forest Essentials Silkening Shower Wash Indian Rose Absolute|Lightly Scented & SLS-Free|Body Wash For Men And Women","beauty","Duplicate product title fingerprint"
"Just Herbs Ayurvedic Liquid Lipstick Kit Set of 3 with Long Lasting, Hydrating & Lightweight Lip Colour, Full Size - Parab...","beauty","Duplicate ASIN"
"The Body Shop Japanese Matcha Tea Pollution Clearing Mask - Pack Of 1","beauty","Duplicate product title fingerprint"
"POND'S White Beauty BB+ Fairness Cream 01 Original, 18 g And Lakme Complexion Care Face Cream, Beige, 9g","beauty","Duplicate product title fingerprint"
"Schwarzkopf Professional Bc Keratin Smooth Perfect Conditioner and Shampoo Set, Purple","beauty","Duplicate product title fingerprint"
"Just Herbs Ayurvedic Liquid Lipstick Kit Set of 5 with Long Lasting, Hydrating & Lightweight Lip Colour, Full Size - Parab...","beauty","Duplicate product title fingerprint"
"Note Italy Nail Enamel 57, Pink, 9ml","beauty","Price below minimum retail threshold (₹90)"
"American Crew Pomade 3oz/85g","beauty","Duplicate ASIN"
"Essenza Di Wills Inizio Aqua Homme Luxury Eau De Toilette For Men, 16 Ml","beauty","Duplicate ASIN"
"Kama Ayurveda 3 Step Skincare Gift Box","beauty","Duplicate ASIN"
"Wella Professionals Invigo Color Brilliance Shampoo 250Ml And Conditioner 200Ml Duo For Fine/Normal Hair","beauty","Duplicate ASIN"
"The Body Shop Japanese Matcha Tea Pollution Clearing Mask","beauty","Duplicate ASIN"
"The Body Shop Japanese Matcha Tea Pollution Clearing Mask - Pack Of 1","beauty","Duplicate product title fingerprint"
"innisfree Jeju root energy mask(carrot)25ml","beauty","Duplicate ASIN"
"POND'S White Beauty BB+ Fairness Cream 01 Original, 18 g And Lakme Complexion Care Face Cream, Beige, 9g","beauty","Duplicate product title fingerprint"
"Schwarzkopf Professional Bc Keratin Smooth Perfect Conditioner and Shampoo Set, Purple","beauty","Duplicate product title fingerprint"
"O3+ Moisture & Glow Face Sheet Mask for Brightening & Moisturizing Action (1 Pc, 30g)","beauty","Duplicate ASIN"
"Bath & Body Works Gingham Wallflowers Fragrance Refill 24 ml","beauty","Duplicate ASIN"
"Just Herbs Ayurvedic Liquid Lipstick Kit Set of 5 with Long Lasting, Hydrating & Lightweight Lip Colour, Full Size - Parab...","beauty","Duplicate product title fingerprint"
"Playboy King Man New Eau de Toilette 100ml","beauty","Duplicate ASIN"
"Ajmal Carbon EDP Citrus Spicy Perfume 100ml for Men and Titanium EDP Citrus Spicy Perfume 100ml for Men +1 Perfume Tester ...","beauty","Duplicate product title fingerprint"
"L'Occitane Normal Hair Gentle & Balance Micellar Shampoo Refill, 500ml","beauty","Duplicate ASIN"
"Note Italy Nail Enamel 57, Pink, 9ml","beauty","Price below minimum retail threshold (₹90)"
"Sunisa Fit Me Foundation Waterproof Original 2 in 1 Air Cushion CC and BB Cream Foundation (Ivory, 20g) (Sunisa + 4 Liquid...","beauty","Duplicate ASIN"
"Kimirica Pharmacopia Travel Care Luxury Bath and Body Care Gift Pouch - Shower Gel, Shampoo, Conditioner, Body Lotion and ...","beauty","Duplicate ASIN"
"Sebastian Professional Volupt Volumising Shampoo for Hair Volume Boosting | 250 ml | Softening Hair Cleanser for Fine Hair...","beauty","Duplicate ASIN"
"Ajmal Carbon EDP Citrus Spicy Perfume 100ml for Men and Aurum EDP Fruity Floral Perfume 75ml for Women +1 Perfume Tester FREE","beauty","Duplicate ASIN"
"The Body Shop 100% Natural Shea Butter","beauty","Duplicate ASIN"
"2.Oh! Lightning Kit: At-Home Hair Bleach Kit with Plex, Argan Oil & Comfort Fragrance Technology that helps Prevents Hair ...","beauty","Duplicate ASIN"
"Bath & Body Works Butterfly Fine Fragrance Mist 236 ml","beauty","Duplicate ASIN"
"Kama Ayurveda Youth Restore Gift Box","beauty","Duplicate ASIN"
"Just Herbs Youth Anti Wrinkle Cream, 50g","beauty","Duplicate ASIN"
"O3+ Deep Concerns 3 Pore Clean Up Serum - Oily Skin (20ml)","beauty","Duplicate ASIN"
"Glow & Lovely BB Cream Make up + Multivitamin Cream Shade 01, 9 g","beauty","Price below minimum retail threshold (₹90)"
"Note Italy Nail Enamel 67, Blue, 9ml","beauty","Price below minimum retail threshold (₹90)"
"INTIMATE FAIRNESS CREAM/BANGKOK CLEAR BB CREAM/SKIN NATURAL BB CREAM","beauty","Missing both actual and discount prices"
"milk_shake® energizing blend conditioner","beauty","Missing both actual and discount prices"
"SUNISA BB and CC Cream Foundation With Mushroom Head Air Cushion 20g and 5 Pcs Pink Makeup Brushes Set - (Pack of 7)","beauty","Duplicate product title fingerprint"
"Schwarzkopf Professional Bc Keratin Smooth Perfect Micellar Shampoo Set, Purple","beauty","Duplicate product title fingerprint"
"WELLA Professionals Invigo Nutri Enrich Deep Nourishing Shampoo For Dry and Damaged Hair & Professionals Invigo Balance Cl...","beauty","Duplicate product title fingerprint"
"Giorgio Armani Acqua Di Gio EDT Spray for Men, 100ml","beauty","Missing both actual and discount prices"
"SUNISA BB and CC Cream Foundation With Mushroom Head Air Cushion 20g and 7 Black Makeup Brushes Set - (Pack of 1)","beauty","Duplicate product title fingerprint"
"DKNY Myny Eau de Parfum 50ml","beauty","Missing both actual and discount prices"
"Ajmal Neutron EDP Citrus Fruity Perfume 100ml for Men and Raindrops EDP Floral Chypre Perfume 50ml for Women +1 Perfume Te...","beauty","Duplicate product title fingerprint"
"Pierre Cardin Paris - Porcelain Edition Rouge Lipstick 241-Medium Brown","beauty","Duplicate product title fingerprint"
"RAS Luxury Oils Face Mask |Trio|Face Glowing Kit | For Skin Brightning | A Perfect Gift Set","beauty","Duplicate ASIN"
"Just Herbs Silksplash Neem-Orange Rehydrant Face Wash, 100ml and Lively Clean Honey Exfoliating Face Cleansing Gel, 100ml","beauty","Duplicate ASIN"
"Note Italy Icon Nail Enamel 515, Pink, 9ml","beauty","Duplicate ASIN"
"Jean Paul Gaultier La Belle Eau de Parfum 30ml","beauty","Duplicate ASIN"
"Wella Professionals Wella Professionals Nutricurls Sulphate Free Shampoo 250ml and Detangling Conditioner 200ml Duo For Wa...","beauty","Duplicate product title fingerprint"
"Hugo Boss Element EDT Spray for Men, 90ml","beauty","Duplicate ASIN"
"Ajmal Carbon EDP Citrus Spicy Perfume 100ml for Men and Shine EDP Floral Powdery Perfume 75ml for Women +1 Perfume Tester ...","beauty","Duplicate product title fingerprint"
"Wella Professionals Wella Professionals Nutricurls Sulphate Free Shampoo 250ml and Deep Treatment Mask 150ml Duo For Waves...","beauty","Duplicate product title fingerprint"
"Pierre Cardin Paris - Porcelain Edition Rouge Lipstick 243-Blood Red","beauty","Duplicate product title fingerprint"
"Miss rose Bb Cream Long Stay Long Lasting Waterproof Concealer, Beige, 40 g","beauty","Duplicate product title fingerprint"
"Forest essentials Hair Conditioner Japapatti & Brahmi 200ml & Forest Essentials Hair Cleanser, Amla, Honey and Mulethi, 200ml","beauty","Duplicate product title fingerprint"
"RAS Luxury Oils | 24k Gold Magic Duo - Youthful Glow with Gold Massager","beauty","Missing both actual and discount prices"
"Ajmal Titanium EDP Citrus Spicy Perfume 100ml for Men and Shiro EDP Citrus Spicy Perfume 90ml for Men + 2 Parfum Testers FREE","beauty","Duplicate product title fingerprint"
"Paco Rabanne Invictus Eau de Toilette For Men, 50ml, Clear","beauty","Missing both actual and discount prices"
"Wella Professionals Invigo Nutri Enrich Deep Nourishing Shampoo (Dry and Damaged Hair), 250 ml & Wella Professionals Invig...","beauty","Duplicate product title fingerprint"
"Ajmal Amber Magic EDP Spicy Aromatic Perfume 100ml for Men and Jannatul Firdaus Concentrated Perfume Oil Oriental Alcohol-...","beauty","Duplicate product title fingerprint"
"DKNY Myny Eau de Parfum 100ml","beauty","Missing both actual and discount prices"
"Cheryl's Cosmeceuticals Hydramoist - Face Cream - For All Skin Types & Cheryl's Cosmeceuticals Vitalift Cream - Anti Aging...","beauty","Duplicate product title fingerprint"
"theBalm Meet Matte Hughes Long Lasting Liquid Lipstick, Loyal, 7.4ml","beauty","Duplicate product title fingerprint"
"Rholic Round Empty Luxurious Portable Air Cushion Puff Box BB Cream Container Case White","beauty","Duplicate product title fingerprint"
"T.O.G. Air Cushion Puff Box Easy to Carry Cosmetic Container DIY for BB cc Cream White","beauty","Duplicate product title fingerprint"
"T.O.G. Air Cushion Puff Box Easy to Carry Cosmetic Container DIY for BB cc Cream Red","beauty","Duplicate product title fingerprint"
"BB Cream Light Shade Rcm 30g 1 Pack","beauty","Missing both actual and discount prices"
"BB Cream Light Shade Rcm 30g 2 Packs","beauty","Missing both actual and discount prices"
"RAS Luxury Oils | Sunday Mask n' Muse Trio","beauty","Missing both actual and discount prices"
"RAS Luxury Oils | Absolute Radiance Gift Set","beauty","Missing both actual and discount prices"
"SheOak Empty Luxurious Air Cushion Puff Box BB Cream Container Makeup Case Portable A","beauty","Duplicate product title fingerprint"
"BB Cream Encapsulated organic sunscreen minerals, Argan Oil, Shea Butter, Cocoa Butter Sunehri ( PACK OF 1 )","beauty","Missing both actual and discount prices"
"MN BB Aloe Vera Foundation Cream 40g (pack of 2)","beauty","Missing both actual and discount prices"
"T.O.G. Freckles Air Cushion Professional Freckles Makeup Waterproof for Beach Light Brown","beauty","Duplicate product title fingerprint"
"Just Herbs Ayurvedic Liquid Lipstick Kit Set of 5 with Long Lasting, Hydrating & Lightweight Lip Colours - Paraben & Silic...","beauty","Duplicate product title fingerprint"
"Kama Ayurveda Turmeric and Myrrh Skin Brightening Soap, 125g & Kama Ayurveda Nalpamaradi Thailam Skin Brightening Treatmen...","beauty","Duplicate product title fingerprint"
"L'Occitane Immortelle Divine Youth Oil - New Formula","beauty","Duplicate product title fingerprint"
"Forest Essentials Tinted Lip Serum Madhu Rasa Gulaab Jal 2.2g (Lipstick) & Forest Essentials Charcoal Black Gulaab Khaas K...","beauty","Duplicate product title fingerprint"
"Forest Essentials Tinted Lip Serum Madhu Rasa Gulaab Jal 2.2g (Lipstick) & Silken Dusting Powder Indian Rose Absolute 100g...","beauty","Duplicate product title fingerprint"
"Ajmal Jannatul Firdaus Concentrated Oriental Perfume 10ml for Unisex & Ajmal Sacred Love Femme Deodorant, 200 ml & Ajmal I...","beauty","Duplicate product title fingerprint"
"T.O.G.Air Cushion BB Cream Brightening Concealer Even Skin Pigment Natural Color","beauty","Duplicate product title fingerprint"
"LYLA Empty Makeup Powder Foundation Case Air Cushion Puff BB Cream Container 15g Gold","beauty","Missing both actual and discount prices"
"KAZRU Sponge Air Cushion Powder Foundation Puff Box BB Cream DIY Container Case","beauty","Duplicate product title fingerprint"
"YVETTE BB & CC Cream Face Makeup Waterproof Foundation Cream Mushroom Head 3 in 1 Air Cushion 20g, 12 Pcs Face Makeup Brus...","beauty","Duplicate product title fingerprint"
"Global Desi Cosmic Charm & Mythical Bloom Pack of 2 Eau De Parfum 50ML for Women Crafted by Ajmal","beauty","Duplicate product title fingerprint"
"Ajmal Aristocrat EDP Citrus Woody Perfume 75ml for Men and Senora EDP Floral Spicy Perfume 75ml for Women +1 Perfume Teste...","beauty","Duplicate product title fingerprint"
"Ajmal Senora EDP Floral Spicy Perfume 75ml for Women and Wisal EDP Floral Musky Perfume 50ml for Women +1 Perfume Tester FREE","beauty","Duplicate product title fingerprint"
"Ajmal Titanium EDP Citrus Spicy Perfume 100ml for Men and Wisal EDP Floral Musky Perfume 50ml for Women +1 Perfume Tester ...","beauty","Duplicate product title fingerprint"
"Ajmal Sacrifice for HER EDP Floral Musky Perfume 50ml for Women and Blu Dreams EDP Citurs Fruity Perfume 100ml for Men +1 ...","beauty","Duplicate product title fingerprint"
"Ajmal Sacrifice for HER EDP Floral Musky Perfume 50ml for Women and Blu EDP Aquatic Woody Perfume 90ml for Men +1 Perfume ...","beauty","Duplicate product title fingerprint"
"Ajmal Amber Magic EDP Spicy Aromatic Perfume 100ml for Men and Desert Rose EDP Floral Oriental Perfume 100ml for Women +1 ...","beauty","Duplicate product title fingerprint"
"Ajmal Aurum EDP Fruity Floral Perfume 75ml for Women and Zeal EDP Aquatic Woody Perfume 100ml for Men +1 Perfume Tester FREE","beauty","Duplicate product title fingerprint"
"Ajmal Amber Magic EDP Spicy Aromatic Perfume 100ml for Men and Raindrops EDP Floral Chypre Perfume 50ml for Women +1 Perfu...","beauty","Duplicate product title fingerprint"
"Ajmal Blu Femme EDP Floral Woody Perfume 50ml for Women and Shiro EDP Citrus Spicy Perfume 90ml for Men +1 Perfume Tester ...","beauty","Missing both actual and discount prices"
"Ajmal Neutron EDP Citrus Fruity Perfume 100ml for Men and Wisal Dhahab EDP Fruity Floral Perfume 50ml for Men +1 Perfume T...","beauty","Duplicate product title fingerprint"
"Ajmal Aurum EDP Fruity Floral Perfume 75ml for Women and Amber Magic EDP Spicy Aromatic Perfume 100ml for Men +1 Perfume T...","beauty","Duplicate product title fingerprint"
"Ajmal Carbon EDP Citrus Spicy Perfume 100ml for Men and Blu EDP Aquatic Woody Perfume 90ml for Men +1 Perfume Tester FREE","beauty","Duplicate product title fingerprint"
"Ajmal Aristocrat EDP Citrus Woody Perfume 75ml for Men and Raindrops EDP Floral Chypre Perfume 50ml for Women +1 Perfume T...","beauty","Duplicate product title fingerprint"
"Ajmal Aristocrat EDP Citrus Woody Perfume 75ml for Men and Cento EDP Citrus Aromatic Perfume 100ml for Men +1 Perfume Test...","beauty","Duplicate product title fingerprint"
"Ajmal Amber Magic EDP Spicy Aromatic Perfume 100ml for Men and Sacred Love EDP Floral Musky Perfume 50ml for Women +1 Perf...","beauty","Duplicate product title fingerprint"
"Ajmal Shine EDP Floral Powdery Perfume 75ml for Women and Sacrifice for HER EDP Floral Musky Perfume 50ml for Women +1 Per...","beauty","Duplicate product title fingerprint"
"Ajmal Amber Magic EDP Spicy Aromatic Perfume 100ml for Men and Aurum EDP Fruity Floral Perfume 75ml for Women +1 Perfume T...","beauty","Duplicate product title fingerprint"
"Ajmal Shiro EDP Citrus Spicy Perfume 90ml for Men and Sacrifice for HER EDP Floral Musky Perfume 50ml for Women +1 Perfume...","beauty","Duplicate product title fingerprint"
"Ajmal Senora EDP Floral Spicy Perfume 75ml for Women and Shiro EDP Citrus Spicy Perfume 90ml for Men +1 Perfume Tester FREE","beauty","Duplicate product title fingerprint"
"Ajmal Wisal EDP Floral Musky Perfume 50ml for Women and Desert Rose EDP Floral Oriental Perfume 100ml for Women +1 Perfume...","beauty","Duplicate product title fingerprint"
"Ajmal Amber Magic EDP Spicy Aromatic Perfume 100ml for Men and Shiro EDP Citrus Spicy Perfume 90ml for Men + 1 Perfume Tes...","beauty","Duplicate product title fingerprint"
"Ajmal Senora EDP Floral Spicy Perfume 75ml for Women and Wisal Dhahab EDP Fruity Floral Perfume 50ml for Men +1 Perfume Te...","beauty","Duplicate product title fingerprint"
"Ajmal Sacrifice for HER EDP Floral Musky Perfume 50ml for Women and Wisal Dhahab EDP Fruity Floral Perfume 50ml for Men +1...","beauty","Duplicate product title fingerprint"
"Ajmal Aurum EDP Fruity Floral Perfume 75ml for Women and Blu Femme EDP Floral Woody Perfume 50ml for Women +1 Perfume Test...","beauty","Duplicate product title fingerprint"
"Ajmal Aurum EDP Fruity Floral Perfume 75ml for Women and Silver Shade EDP Citrus Woody Perfume 100ml for Men +1 Perfume Te...","beauty","Duplicate product title fingerprint"
"Ajmal Aurum EDP Fruity Floral Perfume 75ml for Women and Wisal EDP Floral Musky Perfume 50ml for Women +1 Perfume Tester FREE","beauty","Duplicate product title fingerprint"
"Ajmal Bastion EDP Woody Aromatic Perfume 100ml for Men and Wisal EDP Floral Musky Perfume 50ml for Women +1 Perfume Tester...","beauty","Duplicate product title fingerprint"
"Ajmal Blu Dreams EDP Citurs Fruity Perfume 100ml for Men and Carbon EDP Citrus Spicy Perfume 100ml for Men +1 Perfume Test...","beauty","Duplicate product title fingerprint"
"Ajmal Blu Dreams EDP Citurs Fruity Perfume 100ml for Men and Senora EDP Floral Spicy Perfume 75ml for Women +1 Perfume Tes...","beauty","Duplicate product title fingerprint"
"Ajmal Sacrifice for HER EDP Floral Musky Perfume 50ml for Women and Titanium EDP Citrus Spicy Perfume 100ml for Men + 2 Pa...","beauty","Duplicate product title fingerprint"
"Ajmal Khallab EDP Woody Oudh Perfume 50ml for Unisex and Blu Femme EDP Floral Woody Perfume 50ml for Women +1 Perfume Test...","beauty","Duplicate product title fingerprint"
"Ajmal Sacrifice for HER EDP Floral Musky Perfume 50ml for Women and Khallab EDP Woody Oudh Perfume 50ml for Unisex +1 Perf...","beauty","Duplicate product title fingerprint"
"Ajmal Amber Magic EDP Spicy Aromatic Perfume 100ml for Men and Blu Femme EDP Floral Woody Perfume 50ml for Women +1 Perfum...","beauty","Duplicate product title fingerprint"
"Style Shoes Brown Leather Card Holder Card case Money Purse Wallet-9152QL12-BB","beauty","Nursery/Diaper/Non-beauty product in Beauty"
"Style Shoes Brown Leather Card Holder Card case Money Purse Wallet-9152QL10-BB","beauty","Nursery/Diaper/Non-beauty product in Beauty"
"Style Shoes Brown Leather Card Holder Card case Money Purse Wallet-9164QL9-BB","beauty","Nursery/Diaper/Non-beauty product in Beauty"
"Style98 Brown Leather Card Holder Card case Money Purse Wallet-9152QL7-BB","beauty","Duplicate product title fingerprint"
"Pierre Cardin Paris - Porcelain Edition Rouge Lipstick 236-Soft Beige","beauty","Duplicate product title fingerprint"
"Note Italy Gel Look Nail Enamel 19, Blue, 9ml","beauty","Price below minimum retail threshold (₹90)"
"Note Italy Hydra Color Lip Gloss Set, Brown, Pink and Orange, 4.5ml (Pack of 3)","beauty","Missing both actual and discount prices"
"EXO Cyclozan - Round, 500g Box with free scrubber","beauty","Price below minimum retail threshold (₹90)"
"Dot & Key Strawberry Lip Balm for Soft and Naturally Pink Lips | SPF 30 & Vitamin C+E | Fades Lip Pigmentation | For Dark ...","beauty","Nursery/Diaper/Non-beauty product in Beauty"
"Pampers All round Protection Pants, Medium size baby diapers (MD) 152 Count, Anti Rash diapers, Lotion with Aloe Vera","beauty","Nursery/Diaper/Non-beauty product in Beauty"
"MyGlamm Super Serum BB Cream - 201 Pine - 15gm | BB Cream with SPF 50 & Hyaluronic Acid | 24 Hr Long Lasting & Hydrating","beauty","Duplicate ASIN"
"Dettol Original Germ Protection Alcohol Based Hand Sanitizer, 50ml","beauty","Price below minimum retail threshold (₹90)"
"Dr Trust USA 3-in-1 Nano Ionic Facial Steamer Vaporizer Room Humidifier and Towel Warmer (White)","beauty","Nursery/Diaper/Non-beauty product in Beauty"
"Pond's Natural Glow Face Powder, Pink Glow - 30G","beauty","Duplicate ASIN"
"THR3E STROKES Makeup Sponge Set Beauty Blender with Egg Case, Soft Sponge For Liquid Foundation, Creams, and Powders, Late...","beauty","Duplicate ASIN"
"FACES CANADA Magneteyes Dramatic Volumizing Mascara - Black, 9.5ml | Lightweight, Denser & Longer Lashes | Intense Black F...","beauty","Duplicate ASIN"
"DERMATOUCH Bye Bye Acne Scars & Marks Cream || Acne Scars Corrector || Formulated Specially to Address Scars & Marks || Su...","beauty","Nursery/Diaper/Non-beauty product in Beauty"
"Swiss Beauty Waterproof Liquid Black Eyeliner | Smudge Proof, Transfer Proof Eye Liner for Eye Makeup |Black, 4ml |","beauty","Duplicate ASIN"
"Patanjali Saundarya Aloe Vera Gel, 150ml","beauty","Price below minimum retail threshold (₹90)"
"Swiss Beauty Ultimate 9 Pigmented Colors Eyeshadow Palette Long Wearing And Easily Blendable Eye Makeup Palette Matte, Shi...","beauty","Duplicate product title fingerprint"
"Ice Face Roller, Ice Roller for Face and Eye, Reusable Beauty Ice Facial Roller for Face Skin Care Silicone Ice Stick Face...","beauty","Price below minimum retail threshold (₹90)"
"Angelie Stainless Steel Blackhead Remover Pimple Blemish Extractor Remover Tool Set of 4","beauty","Price below minimum retail threshold (₹90)"
"The Purple Tree Canvas Tote Bag For Women - 1 Pc , women tote bag , canvas tote bag , printed tote bag , printed canvas to...","beauty","Duplicate ASIN"
"Dettol Disinfectant Skin & Surface Wipes, Original – 10 Count| Safe on Skin| Ideal to Clean Multiple Surfaces| Resealable ...","beauty","Nursery/Diaper/Non-beauty product in Beauty"
"ESYA Gel Heel cups Silicone Heel Pad for Heel Ankle Pain, Heel Spur Shoe Support Pad for Men and Women Shock Cushion Pad f...","beauty","Nursery/Diaper/Non-beauty product in Beauty"
"Schwarzkopf Professional Osis Magic Anti Frizz Shine Serum, 50ml","beauty","Duplicate product title fingerprint"
"The Ordinary Glycolic Acid 7% Toning Solution, Pack of 240ml liquid","beauty","Missing both actual and discount prices"
"Dabur Gulabari Premium Rose Water with No Paraben for Cleansing and Toning, 250ml","beauty","Price below minimum retail threshold (₹90)"
"L'Oreal Paris Kids Very Berry Strawberry Shampoo, 250ml","beauty","Nursery/Diaper/Non-beauty product in Beauty"
"KareIn Bed Bath Wipes, Adult Wet Wipes, Adult Bath Wipes, Anti Bacterial, Ready To Use Cleansing Towels, Refreshing Sponge...","beauty","Nursery/Diaper/Non-beauty product in Beauty"
"Schwarzkopf Professional Bonacure Keratin Smooth Perfect Deep Conditioning Treatment Hair Mask| For Frizzy Hair | 200 ml","beauty","Duplicate product title fingerprint"
"Himalaya Purifying Neem Facial Wipes, 25 Count","beauty","Nursery/Diaper/Non-beauty product in Beauty"
"Garnier Skin Naturals, Eye Mask, Hydrating & Revitalising, Hydra Bomb Eye Serum Mask, 1 pc, 6g","beauty","Price below minimum retail threshold (₹90)"
"Parachute Advansed Soft Touch Body Lotion for Women & Men, All Skin types, 250ml (Pack of 2) | Pure Coconut Milk & Honey, ...","beauty","Duplicate product title fingerprint"
"Kaya Refreshing Mattifying Wipes | Vitamin E & Chamomile Extracts | Face Wipes | Cleansing Wipes | For Acne Prone Skin | 3...","beauty","Nursery/Diaper/Non-beauty product in Beauty"
"Lakme Blush & Glow Strawberry Freshness Gel Face Wash with Strawberry Extracts, 150 g","beauty","Nursery/Diaper/Non-beauty product in Beauty"
"GUSTAVE Men's Shirt Stays Adjustable Elastic Shirt Garters with Locking Non-Slip Clips","beauty","Duplicate ASIN"
"Vaadi Herbals Lip Balm, Strawberry And Honey, 10g (Pack Of 4)","beauty","Nursery/Diaper/Non-beauty product in Beauty"
"Dettol Liquid Handwash Refill - Skincare Moisturizing Hand Wash- 175ml | Antibacterial Formula | 10x Better Germ Protection","beauty","Price below minimum retail threshold (₹90)"
"SATYAM KRAFT 1 Pcs Women's Leaf Design Metal Adjustable Stylish Ladies Womens Waist Belts kanduro, Women Saree, Western Dr...","beauty","Duplicate ASIN"
"Fem Gold Ultra Cream Bleach, 30g","beauty","Price below minimum retail threshold (₹90)"
"Sandalwood Powder for face pack | Skin | Organic | Puja | Face Pack | for pooja | Sandal wooden powder | Chandan powder st...","beauty","Price below minimum retail threshold (₹90)"
"Park Avenue Storm Deodorant For Men, 150ml/100g","beauty","Duplicate ASIN"
"ZUPERIA Diamond Studded Stylish Analogue Watch with Rose Gold Dot Bracelet for Girls & Women","beauty","Duplicate ASIN"
"FAITH & PATIENCE Hair Removal Powder For Men & Women, Faith and Patience Camel Milk Wax 10 Min Herbal Wax, Hair Removal Bi...","beauty","Missing both actual and discount prices"
"BEAUTE BLANC Fruit Vinegar Gel Hair Color, Natural Black Color Dye for Men, Women (500ml x 2)","beauty","Duplicate product title fingerprint"
"Red Square Professional 250 Ml Empty Spray Bottles Clean Squirt BottleTransprent Multi-uses Spray Bottles for Cleaning, Wa...","beauty","Price below minimum retail threshold (₹90)"
"Yardley London Country Breeze Compact Perfume for Women, 18ml","beauty","Price below minimum retail threshold (₹90)"
"moha: Aloe Vera Gel Enriched With Rose & Cucumber For Face & Skin | Pure & Natural Face Gel For Preventing Pimples & Acne,...","beauty","Price below minimum retail threshold (₹90)"
"Dove Cream Beauty Bathing Bar - 75g Pack","beauty","Price below minimum retail threshold (₹90)"
"Park Avenue - Cool Blue Lather Shaving Cream 60g with Free 40% (60g + 24g =84g)","beauty","Price below minimum retail threshold (₹90)"
"AGARO HC8001 Hair Curler With 10MM Barrel, Rod, Tong, Chopstick Hair Curler, Ceramic Coated Plates, Cool Touch Tip, Fast H...","beauty","Missing both actual and discount prices"
"Acnos Black Round Diamond Dial with Latest Generation Purple & Rosegold Magnet Belt Analogue Watch for Women Pack of - 2 (...","beauty","Duplicate ASIN"
"Gillette Presto Sata Sat Razor- Pack of 5","beauty","Price below minimum retail threshold (₹90)"
"RAVIRANDAL Baby Shower Cap Bathing Baby Wash Hair Eye Ear Protector Hat for New Born Infants babies Baby Bath Cap Shower P...","beauty","Nursery/Diaper/Non-beauty product in Beauty"
"Kamz Beauty 4pcs/Set Professional Eye Brushes Set Foundation Mascara Blending Pencil Brushes Makeup Tools Cosmetic Black B...","beauty","Price below minimum retail threshold (₹90)"
"Fastrack Hip Hop Analog White Dial Women's Watch-NL9827PP01/NP9827PP01","beauty","Duplicate ASIN"
"BoroPlus Antiseptic Cream, 40ml","beauty","Price below minimum retail threshold (₹90)"
"Krishna's Pure and Natural Jamun Seed Powder Syzygium Cumini Powder - 100 gram","beauty","Price below minimum retail threshold (₹90)"
"Dukes Crème 4 Fun strawberry/Orange and Chocolate Flavoured Sandwich Biscuits (Buy 2 get 1 free - 450g)/ Flavour's may vary","beauty","Nursery/Diaper/Non-beauty product in Beauty"
"Himalaya Gentle Daily Care Natural Protein Shampoo, protects from daily wear and tear , Gently cleanses & strengthens, Wit...","beauty","Price below minimum retail threshold (₹90)"
"Titan Raga Viva Analog Rose Gold Dial Women's Watch-NL2608WM01","beauty","Duplicate ASIN"
"GUBB Luxe Bath Sponge Loofah Loose For Men and Women (Colors may vary)","beauty","Price below minimum retail threshold (₹90)"
"Just Herbs Ayurvedic Gulab Jal/Rose Water Spray Facial Mist Toner For Glowing Skin, Pores Minimising - Men & Women 100ml","beauty","Duplicate ASIN"
"Just Herbs Castor Conditioner with Onion Black Seed Oil & Bhringraj for Hair Growth, Hair fall Control & Colour Treated Ha...","beauty","Duplicate ASIN"
"JAGUAR Classic Black Deodorant Spray - For Men (150 ml)","beauty","Duplicate ASIN"
"Titan Ladies Neo - Ii Analog Black Dial Women's Watch NM2481SL07/NN2481SL07/NP2481SL07","beauty","Duplicate ASIN"
"Foot Scrubber for Dead Skin,Pedicure Tools for Feet,Foot File for Women,Foot Cleaner Brush,Foot Scraper Callus Remover,Hee...","beauty","Price below minimum retail threshold (₹90)"
"Sonata Analog Champagne Dial Women's Watch-NL8096YM02/NP8096YM02","beauty","Duplicate ASIN"
"Sonata Analog Champagne Dial Women's Watch-NL87018YM01/NP87018YM01","beauty","Duplicate ASIN"
"Cinthol Deo Stick for Men, 40g - Intense, 3X Long-Lasting Fragrance, Non-Sticky Cream Based Formula","beauty","Price below minimum retail threshold (₹90)"
"MAYCREATE® Beard Pencil Filler for Men Dual Tip 2 in 1 Beard Pencil with Beard Filler Powder for Beard Styling, Sweat Proo...","beauty","Duplicate product title fingerprint"
"vtms (64-74MM) Diameter Jumbo Size Hair Roller Self Grip Salon Hair Dressing Curlers Big Curlers Create Volume (6 pcs Asso...","beauty","Nursery/Diaper/Non-beauty product in Beauty"
"Nova NHS 901 Temperature Control Hair Straightner for Women (Black)","beauty","Missing both actual and discount prices"
"HASTHIP® Pink 4 Pcs Women Girls Volumizing Root Clip Hair Curler Rollers,Instant Bang Heatless Curler,DIY Hairdressing,Sty...","beauty","Nursery/Diaper/Non-beauty product in Beauty"
"Toys 24 Kids Cartoon Printed Blue Electric Toothbrush Extra Soft Electric Battery Powered Toothbrush for Kids Pack of 1","beauty","Nursery/Diaper/Non-beauty product in Beauty"
"Hair curler 471B (Black And Silver)","beauty","Missing both actual and discount prices"
"HNK Hair Dryer POP 2400W Interchangeable Filter 2 Nozzel","beauty","Missing both actual and discount prices"
"Andis Profoil Lithium Plus Shaver with Charging Stand","beauty","Missing both actual and discount prices"
"Braun Silk-epil 3-3270 Epilator with Shaver Head, Trimmer and Massage Cap","beauty","Missing both actual and discount prices"
"Hair Style Rollers, Hair Curlers Harmless Portable Mushroom Shaped Heatless for Home","beauty","Missing both actual and discount prices"
"Eyebrow Hair Trimmer Clippers, Rechargeable Facial Hair Remover, 2 in 1 Eyebrow Razor and Painless Facial Hair Remover, Ey...","beauty","Missing both actual and discount prices"
"USB Rechargeable Automatic Wireless Electric Hair Curler L/R Rotating Curler,Cordless Auto Curler 300F-390F Temperature Co...","beauty","Duplicate product title fingerprint"
"OM ENTERPRISE Hair Straightener with Ceramic Coated Plates & Quick Heat-Up","beauty","Missing both actual and discount prices"
"GORGIO PROFESSIONAL HB3000 Hair Straightener With Tourmaline Infused Ceramic Britles Technology n Temperature Controller S...","beauty","Missing both actual and discount prices"
"Oral B Pro Vitality Plus Cross Action Electric Rechargeable Toothbrush","beauty","Missing both actual and discount prices"
"Sarasi Soft Electric Toothbrush With Extra Toothbrush Head For Kids [Pack 1] Electric Toothbrush","beauty","Missing both actual and discount prices"
"CETC Shinon SH - 8717 2 in 1 Hair Straightener & Hair Crimper Waver with 2 Kinds of Interchangeable Plates Professional Ce...","beauty","Duplicate product title fingerprint"
"Ikonic Professional S3 Straightner (Black)","beauty","Missing both actual and discount prices"
"GORGIO PROFESSIONAL HD9900 Hot and Cold Blow Hair Dryer 1800 Watts Ceramic Hair Drying Machine With Diffuser for Men and W...","beauty","Missing both actual and discount prices"
"Laluztop White/Gray/Blue: 3 Pack Microfiber Hair Towel, Hair Drying Towels Wrap Turban, Super Anti Frizz Absorbent & Soft ...","beauty","Nursery/Diaper/Non-beauty product in Beauty"
"2Pcs Professional Plastic Salon Hair Dryer Nozzle Replacement Narrow Concentrator Replacement Blow Flat Hairdressing Styli...","beauty","Nursery/Diaper/Non-beauty product in Beauty"
"OSL Men's Cordless Electric Waterproof Rechargeable Wet & Dry Beard Mustache Hair Clipper Ultra Trim Hair Trimmer Shaver C...","beauty","Missing both actual and discount prices"
"GORGIO PROFESSIONAL HD2800 Hot and Cold Blow Hair Dryer 2000 Watts Ceramic AC Motor Hair Drying Machine for Men and Women,...","beauty","Missing both actual and discount prices"
"Creatif Ventures Slique Eyebrow Face and Body Hair Threading and Removal System (Multicolour)","beauty","Missing both actual and discount prices"
"NMD Dental Metal cutting Burs (High Speed) To Cut Crowns And Bridges FG169L(6pc/pk)","beauty","Duplicate product title fingerprint"
"Mini Professional Temperature Control Flat Iron Hair Straightener Hair Straightener for women For Girl dryer hair straight...","beauty","Duplicate product title fingerprint"
"Mini Professional Temperature Control Flat Iron Hair Straightener Hair Straightener for women For Girl dryer hair straight...","beauty","Duplicate product title fingerprint"
"SEM'S COLLECTION Simply Straight Ceramic Hair Straightener Brush (Multicolour)","beauty","Missing both actual and discount prices"
"Smart Hub 2 In 1 Hair Straightener And Curler With Ceramic Plate (Pink)","beauty","Missing both actual and discount prices"
"Philips BHH816/00 Crimp, Straighten or Curl with the single tool, quickly and without fear of heat damage & Multi Grooming...","beauty","Duplicate product title fingerprint"
"Philips Multi Grooming Kit MG7715/65, 13-in-1 (New Model), Face, Head and Body & BHS397/40 Kerashine Titanium Straightener...","beauty","Duplicate product title fingerprint"
"MB CREATIONProfessional Hot and Cold Hair Dryers with 2 Switch Speed Setting and Thin Styling Nozzle,Diffuser, Hair Dryer,...","beauty","Missing both actual and discount prices"
"Philips BT3231/15 Smart Beard Trimmer - Power adapt technology for precise trimming, 20 settings & Philips QP2525/10 Cordl...","beauty","Duplicate product title fingerprint"
"BDJ Hair Straightener - Comb for Women & Men, Hair Styler, Straightener machine Brush/PTC Heating Electric Straightener wi...","beauty","Missing both actual and discount prices"
"VAPJA Hair Straightener Comb Brush For Men Women Girls Hair Straightening and Smoothing Electric Straightener with 5 Tempe...","beauty","Missing both actual and discount prices"
"FESTIVE BLESSINGS Daling (Combo of 3 Hair Care Items) Hair straightener Cum Hair Curler + Hair Dryer , Professional Prefec...","beauty","Missing both actual and discount prices"
"Diy Crafts Nails, Finish, Wire, Brad Common Use This Kit Comes in an Organized Plastic Box Durable Nails, Pack of 450, Big...","beauty","Duplicate product title fingerprint"
"STAR PRODUCTS Fresh Neem Datun Twigs for Healthy Tooth and Gums (20)","beauty","Price below minimum retail threshold (₹90)"
"Berina Professional Hair Dryer Closes The Cuticle Layer to Protect Hair, Healthy Drying-adds Moisture, Sheen & Softness, L...","beauty","Duplicate product title fingerprint"
"daily device Simply Straight 2 in 1 Ceramic Hair Straightener Brush (Colors May Vary)","beauty","Missing both actual and discount prices"
"2 in 1 Hair Straightener and Curler (Pink)(Straightener&curler for women & men)","beauty","Missing both actual and discount prices"
"Hair Straightener - Hair Straightener Comb for Women & Men, Hair Styler, Straightener Machine Brush/PTC Heating Electric S...","beauty","Duplicate product title fingerprint"
"Hair Straightener, Hair Straightener Comb for Women & Men, Hair Styler, Straightener Machine Brush/PTC Heating Electric St...","beauty","Duplicate product title fingerprint"
"Glicine One Step Hair Dryer and Volumizer, Hot Air Brush, 3 in1 Styling Brush Styler, Negative Ion Hair Straightener Curle...","beauty","Missing both actual and discount prices"
"Lyla 1PC Professional Heat Resistant Glove for Hair Styling Heat Blocking for Curling Flat Iron and Curling Wand Suitable ...","beauty","Missing both actual and discount prices"
"Keepsakes Beauty and Personal Care Professional Ceramic Plate Mini Hair Styler Straightener","beauty","Missing both actual and discount prices"
"One Step 1000 Watts Hair Dryer and Volumizer, Hot Air Brush, 3 in1 Styling Brush Styler, Negative Ion Hair Straightener Cu...","beauty","Missing both actual and discount prices"
"waqif USB Rechargeable Automatic Wireless Electric Hair Curler L/R Rotating Curler,Cordless Auto Curler 300F-390F Temperat...","beauty","Missing both actual and discount prices"
"S V Hair straightener for Women Professional hair strengthened for female Multicolour(Pack of 1).","beauty","Missing both actual and discount prices"
"Pc cart Sonpal HS Enterprise 1000 Watts One Step Hair Dryer and Volumizer, Hot Air Brush, 3 in1 Styling Brush Styler, Nega...","beauty","Missing both actual and discount prices"
"SARGAM ENTERPRISES Hair Straightener Comb for Women & Men, Hair Styler, Straightener Machine Brush (Multi Colour)","beauty","Duplicate product title fingerprint"
"SARGAM ENTERPRISES Hair Straightener Comb for Women & Men, Hair Styler, Machine Brush (Multi Colour)","beauty","Duplicate product title fingerprint"
"Hair straightener Comb Brush For Men & Women, Hair Straightening and Smoothing Comb, Straightener machine Brush Electric S...","beauty","Duplicate product title fingerprint"
"Hair Dryer for Quick Drying with Care, Professional Stylish Hair Dryers For Womens And Men Hot And Cold DRYER-Pink","beauty","Missing both actual and discount prices"
"FLAYZER V Shape Hair Straightening Hair Comb Brush Hairdresser Flat Dryer Styling Tool Hair Straightener Comb with A Firm ...","beauty","Nursery/Diaper/Non-beauty product in Beauty"
"Palais MEN'S BEARD AND HAIR CURLING STRAIGHTENER (MODELLING COMB)","beauty","Missing both actual and discount prices"
"KGS HONEY Bee Cap Honeybee Cap | Bee Veil for Protection of Face from Honey Bee Sting | Sting Protection for Neck and Face...","beauty","Duplicate product title fingerprint"
"KN Mall USB Rechargeable Automatic Wireless Electric Hair Curler L/R Rotating Curler,Cordless Auto Curler 300F-390F Temper...","beauty","Duplicate product title fingerprint"
"FAVORU. Mini Temperature Control Flat Iron Hair Straightener for Women's and Girl's (Multicolor) with 4in1 Brown Edition M...","beauty","Duplicate product title fingerprint"
"FAVORU. Mini Temperature Control Flat Iron Hair Straightener for Women Dryer Hair Straightening Brush and Curler Quick Hai...","beauty","Duplicate product title fingerprint"
"FESTIVE BLESSINGS Hair Curler, Auto Shut-Off Portable hair curler, Rechargeable Auto Rotating Ceramic Barrel Fast Heating ...","beauty","Missing both actual and discount prices"
"GORGIO PROFESSIONAL HD2400 Hot and Cold Blow Hair Dryer 2200 Watts Ceramic Hair Drying Machine for Men and Women, Black Color","beauty","Missing both actual and discount prices"
"GORGIO PROFESSIONAL HD 06 Hot and Cold Blow Hair Dryer 2000 Watts Ceramic Hair Drying Machine for Men and Women, Black Color","beauty","Missing both actual and discount prices"
"GORGIO PROFESSIONAL HD066 Hot and Cold Blow Hair Dryer Ceramic Hair Drying Machine With Diffuser for Men and Women, Black ...","beauty","Missing both actual and discount prices"
"GORGIO PROFESSIONAL HD029 Hot and Cold Blow Hair Dryer 2000 Watts Ceramic Hair Drying Machine With Diffuser for Men and Wo...","beauty","Missing both actual and discount prices"
"GORGIO PROFESSIONAL HD 72 Hot and Cold Blow Hair Dryer 2400 Watts Ceramic Hair Drying Machine for Men and Women, White Color","beauty","Missing both actual and discount prices"
"GORGIO PROFESSIONAL HD1500 Blow Hair Dryer 1200 Watts Ceramic Hair Drying Machine for Men and Women, Grey Color","beauty","Missing both actual and discount prices"
"5V 10W Usb Charging Cable For Mi Trimmer, Shavers, Body Groomers & Multi Grooming Models (Black-NS-0009110)","beauty","Missing both actual and discount prices"
"GORGIO PROFESSIONAL HD 03 Hot and Cold Blow Hair Dryer 2000 Watts Ceramic Hair Drying Machine for Men and Women, Black Color","beauty","Missing both actual and discount prices"
"GORGIO PROFESSIONAL HDB06 Hot and Cold Blow Hair Dryer, Volumizer & Styler 1000 Watts Ceramic Hair Drying Machine for Men ...","beauty","Missing both actual and discount prices"
"GORGIO PROFESSIONAL HD033 Hot and Cold Blow Hair Dryer Ceramic Hair Drying Machine With Diffuser for Men and Women, Black ...","beauty","Missing both actual and discount prices"
"GORGIO PROFESSIONAL HD 028 Hot and Cold Blow Hair Dryer 2000 Watts Ceramic Hair Drying Machine for Men and Women, Black Color","beauty","Missing both actual and discount prices"
"5V 10W Usb Charging Cable For Mi Trimmer, Shavers, Body Groomers & Multi Grooming Models (Black-NS-00099)","beauty","Missing both actual and discount prices"
"5V 10W Usb Charging Cable For Mi Trimmer, Shavers, Body Groomers & Multi Grooming Models (Black-NS-00093)","beauty","Missing both actual and discount prices"
"5V 10W Usb Charging Cable For Mi Trimmer, Shavers, Body Groomers & Multi Grooming Models (Black-NS-00097)","beauty","Missing both actual and discount prices"
"GORGIO PROFESSIONAL HS 6050 Hair Straightener With Ceramic n Teflon Coating Technology n Temperature Controller Flat Strai...","beauty","Missing both actual and discount prices"
"GORGIO PROFESSIONAL HS 1080 Broad Hair Straightener With Ceramic n Teflon Coated Technology n Temperature Controller Flat ...","beauty","Missing both actual and discount prices"
"Mayuri One Step Hair Dryer and Volumizer, Hot Air Brush, 3 in1 Styling Brush Styler, Negative Ion Hair Straightener Curler...","beauty","Missing both actual and discount prices"
"GORGIO PROFESSIONAL CT 9020 Hair Curling Tong Iron with Long Ceramic Barrel for Silky n Smooth Curls Hair Curler Machine f...","beauty","Missing both actual and discount prices"
"BlaqHour Hair straightener Comb Brush For Men & Women, Hair Straightening and Smoothing Comb, Straightener machine Brush E...","beauty","Duplicate product title fingerprint"
"GORGIO PROFESSIONAL CT 3030 Hair Curling Tong Iron with Long Ceramic Barrel for Silky n Smooth Curls Hair Curler Machine f...","beauty","Missing both actual and discount prices"
"GORGIO PROFESSIONAL CT 9030 Hair Curling Tong Iron with Long Ceramic Barrel for Silky n Smooth Curls Hair Curler Machine f...","beauty","Missing both actual and discount prices"
"GORGIO PROFESSIONAL GCT18 Hair Curling Tong Iron with Rose Gold Coated Long Barrel for Silky n Smooth Curls Hair Curler Ma...","beauty","Missing both actual and discount prices"
"GORGIO PROFESSIONAL CT 3300 Hair Curling Tong Iron with Long Ceramic Barrel for Silky n Smooth Curls Conical Hair Curler M...","beauty","Missing both actual and discount prices"
"GORGIO PROFESSIONAL GCT21 Hair Curling Tong Iron with Rose Gold Coated Long Barrel for Silky n Smooth Curls Hair Curler Ma...","beauty","Missing both actual and discount prices"
"GORGIO PROFESSIONAL GCT24 Hair Curling Tong Iron with Rose Gold Coated Long Barrel for Silky n Smooth Curls Hair Curler Ma...","beauty","Missing both actual and discount prices"
"GORGIO PROFESSIONAL CT303 Hair Curling Tong Iron with Long Ceramic Barrel for Silky n Smooth Curls Hair Curler Machine for...","beauty","Missing both actual and discount prices"
"GORGIO PROFESSIONAL GCT15 Hair Curling Tong Iron with Mirror titanium Conical Long Barrel for Silky n Smooth Curls Hair Cu...","beauty","Missing both actual and discount prices"
"GORGIO PROFESSIONAL CT 9050 Hair Curling Tong Iron with Long Ceramic Barrel for Silky n Smooth Curls Hair Curler Machine f...","beauty","Missing both actual and discount prices"
"GORGIO PROFESSIONAL CT 9040 Hair Curling Tong Iron with Long Ceramic Barrel for Silky n Smooth Curls Hair Curler Machine f...","beauty","Missing both actual and discount prices"
"Parcae HAIR CURLING IRON ROD FOR WOMEN (BLACK)","beauty","Missing both actual and discount prices"
"Parcae Folding Hair Dryer Hair with 2 Speed Control","beauty","Missing both actual and discount prices"
"Hair Electric 3 in 1 Comb Brush Ceramic Fast Hair Straightener For Women's Legend of Korra Hair Straightening Brush with L...","beauty","Duplicate product title fingerprint"
"CK INDIA Professional and Stylish Hair Dryer 2800 (2000 Watts) and Hair Straightener KM-329 and Professional Beard Trimmer...","beauty","Duplicate product title fingerprint"
"CK INDIA Professional and Stylish Hair Dryer 2800 (2000 Watts) and Hair Straightener KM-329 and Professional Beard Trimmer...","beauty","Duplicate product title fingerprint"
"CK INDIA Professional and Stylish Hair Dryer 2800 (2000 Watts) and Hair Straightener KM-329 and Professional Beard Trimmer...","beauty","Duplicate product title fingerprint"
"CK INDIA Professional and Stylish Hair Dryer 2800 (2000 Watts) and Hair Straightener KM-329 and Professional Beard Trimmer...","beauty","Duplicate product title fingerprint"
"CK INDIA Professional and Stylish Hair Dryer 2800 (2000 Watts) and Hair Straightener KM-328 and Professional Beard Trimmer...","beauty","Duplicate product title fingerprint"
"CK INDIA Professional and Stylish Hair Dryer 2800 (2000 Watts) and Hair Straightener KM-329 and Professional Beard Trimmer...","beauty","Duplicate product title fingerprint"
"CK INDIA Professional and Stylish Hair Dryer 2800 (2000 Watts) and Hair Straightener KM-329 and Professional Beard Trimmer...","beauty","Duplicate product title fingerprint"
"CK INDIA Professional and Stylish Hair Dryer 2800 (2000 Watts) and Hair Straightener KM-329 and Professional Beard Trimmer...","beauty","Duplicate product title fingerprint"
"CK INDIA Professional and Stylish Hair Dryer 2800 (2000 Watts) and Hair Straightener KM-328 and Professional Beard Trimmer...","beauty","Duplicate product title fingerprint"
"CK INDIA Professional and Stylish Hair Dryer 2800 (2000 Watts) and Hair Straightener KM-328 Combo_05","beauty","Duplicate product title fingerprint"
"CK INDIA Professional and Stylish Hair Dryer 2800 (2000 Watts) and Hair Straightener KM-329 and Professional Beard Trimmer...","beauty","Duplicate product title fingerprint"
"CK INDIA Professional and Stylish Hair Dryer 2800 (2000 Watts) and Hair Straightener KM-328 Combo_02","beauty","Duplicate product title fingerprint"
"CK INDIA Professional and Stylish Hair Dryer 2800 (2000 Watts) and Hair Straightener KM-328 Combo_03","beauty","Duplicate product title fingerprint"
"CK INDIA Professional and Stylish Hair Dryer 2800 (2000 Watts) and Hair Straightener KM-328 and Professional Beard Trimmer...","beauty","Duplicate product title fingerprint"
"CK INDIA Professional and Stylish Hair Dryer 2800 (2000 Watts) and Hair Straightener KM-328 and Professional Beard Trimmer...","beauty","Duplicate product title fingerprint"
"CK INDIA Professional and Stylish Hair Dryer 2800 (2000 Watts) and Hair Straightener KM-328 Combo_10","beauty","Duplicate product title fingerprint"
"CK INDIA Professional and Stylish Hair Dryer 2800 (2000 Watts) and Hair Straightener KM-328 and Professional Beard Trimmer...","beauty","Duplicate product title fingerprint"
"CK INDIA Professional and Stylish Hair Dryer 2800 (2000 Watts) and Hair Straightener KM-328 and Professional Beard Trimmer...","beauty","Duplicate product title fingerprint"
"CK INDIA Professional and Stylish Hair Dryer 2800 (2000 Watts) and Hair Straightener KM-329 and Professional Beard Trimmer...","beauty","Duplicate product title fingerprint"
"CK INDIA Professional and Stylish Hair Dryer 2888 and Hair Straightener KM-328 and Professional Beard Trimmer 518B Combo_02","beauty","Duplicate product title fingerprint"
"CK INDIA Professional and Stylish Hair Dryer 2888 and Hair Straightener KM-329 Combo_02","beauty","Duplicate product title fingerprint"
"CK INDIA Professional and Stylish Hair Dryer 2888 and Hair Straightener KM-328 and Professional Beard Trimmer 518B Combo_04","beauty","Duplicate product title fingerprint"
"CK INDIA Professional and Stylish Hair Dryer 2888 and Hair Straightener KM-328 and Professional Beard Trimmer 518B Combo_08","beauty","Duplicate product title fingerprint"
"CK INDIA Professional and Stylish Hair Dryer 2888 and Hair Straightener KM-328 Combo_01","beauty","Duplicate product title fingerprint"
"CK INDIA Professional and Stylish Hair Dryer 2888 and Hair Straightener KM-328 and Professional Beard Trimmer 518B Combo_06","beauty","Duplicate product title fingerprint"
"CK INDIA Professional and Stylish Hair Dryer 2888 and Hair Straightener KM-328 and Professional Beard Trimmer 518B Combo_03","beauty","Duplicate product title fingerprint"
"CK INDIA Professional and Stylish Hair Dryer 2888 and Hair Straightener KM-329 and Professional Beard Trimmer 518B Combo_04","beauty","Duplicate product title fingerprint"
"CK INDIA Professional and Stylish Hair Dryer 2888 and Hair Straightener KM-329 Combo_05","beauty","Duplicate product title fingerprint"
"CK INDIA Professional and Stylish Hair Dryer 2888 and Hair Straightener KM-329 and Professional Beard Trimmer 518B Combo_07","beauty","Duplicate product title fingerprint"
"CK INDIA Professional and Stylish Hair Dryer 2888 and Hair Straightener KM-329 Combo_01","beauty","Duplicate product title fingerprint"
"CK INDIA Professional and Stylish Hair Dryer 2800 (2000 Watts) and Hair Straightener KM-329 Combo_05","beauty","Duplicate product title fingerprint"
"CK INDIA Professional and Stylish Hair Dryer 2888 and Hair Straightener KM-328 and Professional Beard Trimmer 518B Combo_05","beauty","Duplicate product title fingerprint"
"CK INDIA Professional and Stylish Hair Dryer 2888 and Hair Straightener KM-329 and Professional Beard Trimmer 518B Combo_03","beauty","Duplicate product title fingerprint"
"CK INDIA Professional and Stylish Hair Dryer 2888 and Hair Straightener KM-329 Combo_09","beauty","Duplicate product title fingerprint"
"Hair straightener Comb Brush by BlaqHour For Men & Women, Hair Straightening and Smoothing Comb, Straightener machine Brus...","beauty","Duplicate product title fingerprint"
"CK INDIA Professional and Stylish Hair Dryer 2888 and Hair Straightener KM-329 Combo_06","beauty","Duplicate product title fingerprint"
"CK INDIA Professional and Stylish Hair Dryer 2888 and Hair Straightener KM-328 and Professional Beard Trimmer 518B Combo_10","beauty","Duplicate product title fingerprint"
"CK INDIA Professional and Stylish Hair Dryer 2888 and Hair Straightener KM-329 Combo_04","beauty","Duplicate product title fingerprint"
"CK INDIA Professional and Stylish Hair Dryer 2800 (2000 Watts) and Hair Straightener KM-329 Combo_03","beauty","Duplicate product title fingerprint"
"CK INDIA Professional and Stylish Hair Dryer 2888 and Hair Straightener KM-329 Combo_08","beauty","Duplicate product title fingerprint"
"CK INDIA Professional and Stylish Hair Dryer 2888 and Hair Straightener KM-328 Combo_03","beauty","Duplicate product title fingerprint"
"CK INDIA Professional and Stylish Hair Dryer 2888 and Hair Straightener KM-329 and Professional Beard Trimmer 518B Combo_08","beauty","Duplicate product title fingerprint"
"CK INDIA Professional and Stylish Hair Dryer 2888 and Hair Straightener KM-329 Combo_03","beauty","Duplicate product title fingerprint"
"CK INDIA Professional and Stylish Hair Dryer 2888 and Hair Straightener KM-329 Combo_07","beauty","Duplicate product title fingerprint"
"Li-Ion Cord & Cordless Beard Trimmer","beauty","Missing both actual and discount prices"
"DEV COLLECTION Rechargeable Cordless: 30 Minutes Runtime Beard Trimmer for Men (Black)","beauty","Missing both actual and discount prices"
"1800 Watt Hair Dryer for Men and Women with 2 Speed and TEMPRATURE Control.","beauty","Missing both actual and discount prices"
"Varad Professional Hot and Cold Hair Dryers with 2 Switch Speed Setting and Thin Styling Nozzle,Diffuser, Hair Dryer, Hair...","beauty","Missing both actual and discount prices"
"Meherma Hair Straightener Hair Machine| Pressing Machine Hair| Heat up Hair Straightener, Straightens & Curls, Suitable fo...","beauty","Missing both actual and discount prices"
"Ovastar Hair Dryer (Pack of 1)","beauty","Duplicate product title fingerprint"
"KC Kunj Creation Hair Straightener Comb for Women & Men, Hair Styler, Straightener machine Brush/PTC Heating Electric Stra...","beauty","Missing both actual and discount prices"
"Tishar Electric Hair Straightener Comb Brush For Men, Women, Girls And Hair Straightening, Fast Smoothing Comb With 5 Temp...","beauty","Missing both actual and discount prices"
"VIDHYA ENTERPRISES® Men's And Women's Professional 1000 watt Salon Style Hair Dryer with Foldable, Air and Nozzles, Multic...","beauty","Missing both actual and discount prices"
"myaddiction 10x Soft Heatless Curling Rods Wave Headwear Lazy Curlers Sleeping Rose Red","beauty","Duplicate product title fingerprint"
"Acerola HAIR CURLING IRON ROD FOR WOMEN (BLACK)","beauty","Missing both actual and discount prices"
"Acerola Folding Hair Dryer Hair with 2 Speed Control","beauty","Missing both actual and discount prices"
"kithara HAIR CURLING IRON ROD FOR WOMEN (BLACK)","beauty","Missing both actual and discount prices"
"kithara Folding Hair Dryer Hair with 2 Speed Control","beauty","Missing both actual and discount prices"
"kithara 2000 Watts Professional Hair Dryer 2800 Black","beauty","Missing both actual and discount prices"
"FOMIYES Pink Hair Straightener Brush, Wireless Hair Heating Brush, Fast Heating and Anti-Scald Hair Straightener Comb for ...","beauty","Missing both actual and discount prices"
"Naitik One Step Hair Dryer and Volumizer, Hot Air Brush, 3 in1 Styling Brush Styler, Negative Ion Hair Straightener Curler...","beauty","Missing both actual and discount prices"
"Worldly One Step Hair Dryer and Volumizer, Hot Air Brush, 3 in1 Styling Brush Styler, Negative Ion Hair Straightener Curle...","beauty","Missing both actual and discount prices"
"Worldly NV-1290 1000W Foldable Hair Dryer for Men & Women","beauty","Missing both actual and discount prices"
"Worldly 2 in 1 Hair Straightener and Curler Straightener&curler for women & men (Pink)","beauty","Missing both actual and discount prices"
"EDH 2 IN 1 HAIR STRAIGHTENER AND CURLER MACHINE FOR WOMEN | CURL & STRAIGHT HAIR IRON","beauty","Missing both actual and discount prices"
"SILENCIO 2000W Professional Hot and Cold Hair Dryers with 2 Switch speed setting And Thin Styling Nozzle,Diffuser, Hair Dr...","beauty","Duplicate product title fingerprint"
"Aatish One Step Hair Dryer and Volumizer, Hot Air Brush, 3 in1 Styling Brush Styler, Negative Ion Hair Straightener Curler...","beauty","Missing both actual and discount prices"
"VIDHYA ENTERPRISES® SX-8006 Multicolor Hair Straightener hair straightener with ceramic plate hair straightener for ladies...","beauty","Missing both actual and discount prices"
"VIHM Sonic Electric Toothbrush for Adults,Rechargeable Electric Toothbrushe with 2 Brush Heads, 6 Modes, 2 Minutes Smart T...","beauty","Missing both actual and discount prices"
"Vibha 2 In 1 Hair Straightener And Curler With Ceramic Plate (Pink)","beauty","Missing both actual and discount prices"
"Vibha Professional Electric Foldable Hair Dryer with 2 Speed Control 1000 Watt - Pink and White","beauty","Missing both actual and discount prices"
"Vibha Simply Straight Ceramic Electric Digital Fast Hair Straightener Comb Brush And Smooth Hair Ironer With Lcd Display","beauty","Missing both actual and discount prices"
"Tishar 1000Watts Proffesional Hair Dryer for Women","beauty","Missing both actual and discount prices"
"Barro Electric Toothbrush Battery Opreate For Home & Travelling Use","beauty","Missing both actual and discount prices"
"LIPROX Ceramic Plates Hair Straightener Crimper With 230 Degrees Temperature Control Styling Machine For Women And Men (Bl...","beauty","Missing both actual and discount prices"
"GM Linseed Oil Cricket 100Ml","sports","Missing both actual and discount prices"
"smita collection: maharashtrian Festival Readymade gudi for gudi padwa/gudi/Khan sadi gudi/gudhi (Green)","sports","Missing both actual and discount prices"
"PSE Leather Cricket Ball, Size Standard, (Multicolour)","sports","Duplicate product title fingerprint"
"Amazon Brand - House & Shields Men Sweatshirt","sports","Duplicate product title fingerprint"
"Red Tape Men Sweatshirt","sports","Missing both actual and discount prices"
"Mode By Red Tape Women's Cotton Crew Neck Sweatshirt","sports","Missing both actual and discount prices"
"Amazon Brand - House & Shields Men Sweatshirt","sports","Duplicate product title fingerprint"
"Croc Shoes Headlight, Waterproof LED Clogs Shoes Light Portable Aluminum Alloy 2PCS Durable for Thanksgiving (Black)","sports","Missing both actual and discount prices"
"BULLMER Trendy Front & Back Printed Fullsleeve Hooded Sweatshirt for Men","sports","Duplicate product title fingerprint"
"Wasco GRN-15X50 Nylon 15X50 Foot Cricket Green Net","sports","Missing both actual and discount prices"
"BULLMER Trendy Front & Back Printed Fullsleeve Hooded Sweatshirt for Men","sports","Duplicate product title fingerprint"
"U.S. POLO ASSN. Boys Sweatshirts","sports","Duplicate product title fingerprint"
"Scott International Rich Cotton Hooded Sweatshirt for Women","sports","Duplicate product title fingerprint"
"Allen Solly Women Sweatshirt","sports","Duplicate product title fingerprint"
"Max Women Sweatshirt","sports","Duplicate product title fingerprint"
"Emm Emm Finest PU Badminton/Tennis Over Grips (Black, Red/Blue/Black/Purple/Pink/Cyan/Yellow).","sports","Price below minimum retail threshold (₹90)"
"Elk Power 15X75 Feet Roof Cricket Net (Blue) Df_Belk Power_Black 60X10_25","sports","Missing both actual and discount prices"
"Nivia Appeal Badminton Shoes for Kids |Non-Marking Round Sole with Breathable mesh with PU Coated Synthetic Upper for Spor...","sports","Duplicate product title fingerprint"
"Protoner PRO666 WSG Badminton Net","sports","Missing both actual and discount prices"
"Li-Ning Turbo 99 Unstrung Carbon Fiber Badminton Racket with Full Cover (Black, Red)","sports","Duplicate product title fingerprint"
"Yonex ZR 100 Light Aluminum Blend Badminton Racquet with Full Cover, Set of 2 (Black/Orange) & Mavis 200i Nylon Shuttle Co...","sports","Duplicate product title fingerprint"
"Li-Ning Wind Lite 700 Carbon Fibre Unstrung Badminton Racket with Free Full Cover, Black/Gold, s1","sports","Duplicate product title fingerprint"
"Yonex ZR 100 Light Aluminum Blend Badminton Racquet with Full Cover, Set of 2 (Blue/Orange) & Mavis 200i Nylon Shuttle Coc...","sports","Duplicate product title fingerprint"
"Li-Ning XP-70-IV Aluminum Strung Badminton Racquet (Black/Gold , S2 , 90-95 Grams , 18-20 lbs) & Swift X100 Nylon Shuttlec...","sports","Duplicate product title fingerprint"
"DSC Court 44 Badminton Shoes for Men and Boys with Natural Crape Rubber Non Marking Outsole Size-9 (Navy-Orange)","sports","Duplicate product title fingerprint"
"YONEX ZR 100 Light Aluminum Blend Badminton Racquet with Full Cover, Set of 2 (Black/Red) & Mavis 350 Green Cap Nylon Shut...","sports","Duplicate product title fingerprint"
"Shoes Expander, Eco‑Friendly Safe Support Powerful Shoes Support for Grinding Feet for Squeezing Feet for Home for Men and...","sports","Missing both actual and discount prices"
"VICTOR Auraspeed 3100 (ARS-3100) Speed Series G5 4U Strung Badminton Racket Available in 3 Different Colors (Green)","sports","Duplicate product title fingerprint"
"Yonex AS-30 Shuttlecocks","sports","Missing both actual and discount prices"
"Carlton Blend Badminton Rackets Aeroblade 2000, One Size/Multicolor","sports","Missing both actual and discount prices"
"Sunley 786 Badminton Shuttle Cock feather","sports","Missing both actual and discount prices"
"GRS®NB3 Stainless Steel Inflating Pump Needle Pin Nozzle Soccer, Basketball, Football, Volleyball| Inflatable Air Valve Ad...","sports","Price below minimum retail threshold (₹90)"
"Max Women Sweatshirt","sports","Duplicate product title fingerprint"
"SAN Football Jersey Portugal Ronaldo Home Kitt- for Men and Sports Jersey for Men and Boys SAN Football Team 2022-23 Age ...","sports","Duplicate product title fingerprint"
"Levi's Men Sweatshirt","sports","Duplicate product title fingerprint"
"Amazon Brand - Symbol Women Sweatshirt","sports","Duplicate product title fingerprint"
"Levi's Men Sweatshirt","sports","Duplicate product title fingerprint"
"Shivay Inflating Needle PIN Nozzle Basketball/Football Ball AIR Pump","sports","Price below minimum retail threshold (₹90)"
"Brimba H2 Football socks, cotton football socks, soccer socks, over the knee","sports","Duplicate ASIN"
"Miss Olive Women Sweatshirt","sports","Duplicate product title fingerprint"
"Pepe Jeans Men Sweatshirt","sports","Duplicate product title fingerprint"
"Amazon Brand - House & Shields Men Hooded Sweatshirt","sports","Duplicate product title fingerprint"
"Amazon Brand - Symbol Boys Hooded Sweatshirt","sports","Duplicate product title fingerprint"
"Alan Jones Clothing Mens Cotton Track Suit","sports","Duplicate product title fingerprint"
"VIMAL JONNEY Men's Slim Fit Polyester Blend Trackpants","sports","Duplicate product title fingerprint"
"Hubberholme Men's Slim Fit All Season Wear Cotton Track Pants - Trackpant with Drawstring Elastic Waistband, Lower for Jog...","sports","Duplicate product title fingerprint"
"Hubberholme Men's Slim Fit All Season Wear Cotton Track Pants - Trackpant with Drawstring Elastic Waistband, Lower for Jog...","sports","Duplicate product title fingerprint"
"Amazon Brand - Jam & Honey Baby-Girls Sweatshirt","sports","Duplicate ASIN"
"Amazon Brand - Symbol Women Sweatshirt","sports","Duplicate ASIN"
"GODFREY Woolen Turtle Neck Full Sleeve Womens Sweater","sports","Duplicate ASIN"
"Levi's Men Sweatshirt","sports","Duplicate product title fingerprint"
"Alan Jones Clothing Men's Slim Fit Poly Cotton Track Pant (JOG21-P110-P)","sports","Duplicate product title fingerprint"
"Bigbanana Plus Size Men's Regular Fit Trackpants","sports","Duplicate product title fingerprint"
"AmazonBasics ABS Horn Bell for Bicycles","sports","Price below minimum retail threshold (₹90)"
"NIVIA Encounter Stockings-Large","sports","Duplicate product title fingerprint"
"Missby Regular Wear Anti-Tan Nylon Ankle Thumb Socks for Women and Girls (Beige Color, Free Size, Pack of 4)","sports","Duplicate product title fingerprint"
"Firefox Bikes Bicycle 29 (Torreto D 21S) 19 Inch Frame MTB Mountain Cycle for Unisex Adults (Silver, Black)","sports","Missing both actual and discount prices"
"Genc India Solid Plain Socks Black 3 Pairs (7-10 Years)","sports","Duplicate ASIN"
"Ap'pulse Women's Sleeveless 1/4 Zip Hineck Tshirt","sports","Duplicate ASIN"
"Urban Star 24T BENZO (85% Assembled) for 11 to 16 Years Kids Road Cycle(Single Speed - Pink)","sports","Duplicate product title fingerprint"
"UCARE Insider Kids Thermal/Winter Wear/Warmer for Girls and Boys, 2 Lower","sports","Duplicate product title fingerprint"
"Puma Footie Unisex Socks Pack of 3","sports","Duplicate product title fingerprint"
"Generic 2 Pairs Bicycle Accessories MTB V Brake Pads Blocks Stop Black","sports","Duplicate product title fingerprint"
"Reebok Men's Slim Fit T-Shirt","sports","Duplicate product title fingerprint"
"Hero Black Pearl 26T Mountain Bicycle (Black) with 18 Inches Frame for Unisex-Adult","sports","Missing both actual and discount prices"
"Firefox Bikes Unisex Road Runner Pro-D 21S Hybrid Cycle (Matt Grey, Aluminium Frame: 18 inch)","sports","Missing both actual and discount prices"
"Pariss Football Jersey Messi 2022/23 with Shorts","sports","Duplicate product title fingerprint"
"Firefox Bikes Firestorm Unisex 27.5 inches Wheel Size, 21 Speed Shimano 19.5 inches Steel Frame Aluminum Alloy Split Frame...","sports","Missing both actual and discount prices"
"Adidas Men's Regular Fit T-Shirt","sports","Duplicate product title fingerprint"
"BABY TRICYCLE FOR KIDS WITH PARENT HANDLE, FRONT AND BACK BASKET OR FOOTREST BLACK COLOR KIDS TRICYCLE RECOMMENDED TRICYCL...","sports","Missing both actual and discount prices"
"Amazon Brand - Symactive Badminton Kit with 2 Racquets for Intermediate Players and Feather Shuttles, S333","sports","Duplicate product title fingerprint"
"Puma Unisex-Adult TR stainless steel bottle, Black-Fur Real (5386807)","sports","Duplicate ASIN"
"A2MS Skipping Rope for Men, Women & Children - Jump Rope for Exercise Workout & Weight Loss - Tangle Free Jumping Rope for...","sports","Missing both actual and discount prices"
"Stamina Jumping Skipping Rope, Jumping Trainer,Adjustable Size (Light Brown and White) Handle Material: Wood","sports","Price below minimum retail threshold (₹90)"
"LEOPAX Waist Support Belt Neoprene Ab Belt Trainer, Stomach Wrap Tummy Belt/Belly Tummy Yoga Wrap Back Exercise Body Wrap...","sports","Duplicate product title fingerprint"
"Simran Sports Skipping Rope, Skipping Rope for Exercise, Fitness Rope, Exercise Rope, Speed Skipping Rope Green, Pack of 4","sports","Duplicate product title fingerprint"
"Gmefvr Sports Skipping Rope Plastic Handle Light Weight | with Carry Pouch","sports","Price below minimum retail threshold (₹90)"
"Simran Sports Skipping Rope , Skipping Rope for Exercise , Fitness Rope , Exercise Rope , Cotton Rope Fitness Skipping Rop...","sports","Duplicate product title fingerprint"
"NIKE SWOOSH DOUBLEWIDE WRISTEBANDS","sports","Missing both actual and discount prices"
"SPANCO Yellow Color Leather Gym Gloves for Weight Lifting Gloves, Exercise Gloves for Powerlifting, Cross Training, Workou...","sports","Price below minimum retail threshold (₹90)"
"Simran Sports Skipping Rope, Skipping Rope for Exercise, Fitness Rope, Exercise Rope, Speed Skipping Rope (Black)","sports","Duplicate product title fingerprint"
"Oddish® Tummy Trimmer Double Spring for Men & Women, Body tonner, Waist trimmer, Fat Buster, Abs Exercise & fitness Equipm...","sports","Duplicate product title fingerprint"
"NEGI Skipping Rope Big Size","sports","Price below minimum retail threshold (₹90)"
"DE JURE FITNESS Polypropylene Adjustable Home Gym Exercise Fitness Stepper for Exercise Aerobics Stepper (Multi-Colour)","sports","Duplicate product title fingerprint"
"Cosco Anti Burst Gym Ball with Foot Pump","sports","Duplicate product title fingerprint"
"Buddy Lee Jump Ropes Aero Speed Silver Original Ball Bearing Jump Rope, 6” Aluminum Jump Rope Handles. Perfect Jump Rope f...","sports","Missing both actual and discount prices"
"HeadTurners Sweat Band Wrist Band/Wrist Support for Gym, Cricket, Running and Sports Activities 5 inches- (Yellow, Set of 2)","sports","Duplicate product title fingerprint"
"SPIRO PVC (Round/Hex) Dumbbells (1 Kg. X 2 = 2 Kg) Pack of 2 for Home Gym Equipment Fitness Barbell|Gym Exercise|Home Work...","sports","Price below minimum retail threshold (₹90)"
"SPANCO Pack of 2 (One Pair) Hand Gripper Wrist Exerciser Fitness Foam Hand Grip for Gym Stretching Hand strengtheners for ...","sports","Duplicate product title fingerprint"
"Amazon Brand - Symactive Neoprene Coated Dumbbell Combo with Stand 12 Kg, Set of 2 (1 Kg, 2 Kg, 3 Kg)","sports","Duplicate product title fingerprint"
"Amazon Brand - Symactive Neoprene Coated Dumbbell Combo with Stand 15 Kg, Set of 2 (1.5 Kg, 2 Kg, 4 Kg)","sports","Duplicate product title fingerprint"
"Reebok Resistance Tube","sports","Duplicate ASIN"
"BLISSVIVE Push Up Board System, 15 in 1 Body Building Exercise Tools Workout Push Up Stands, Push Up Workout Board Trainin...","sports","Missing both actual and discount prices"
"SPANCO Pack of 2 (One Pair) Hand Gripper Wrist Exerciser Fitness Foam Hand Grip for Gym Stretching Hand strengtheners for ...","sports","Duplicate product title fingerprint"
"PHYSIOTREX® Physio Solutions Finger Therapy Finger Grip Exerciser in Metal Body Long Lasting Equipment","sports","Duplicate product title fingerprint"
"Kore K-DM-PVC-5KG-COMBO16 Dumbbells Kit, Fixed, Blue","sports","Missing both actual and discount prices"
"YUVI TRADERS Unisex Steel Tummy Trimmer -Sweat Belt-Twister -Toning Tube (4 in 1 Combo) Burn Off Tummy Fat Extra Calories ...","sports","Duplicate ASIN"
"TribeYoung Neoprene Fixed Dumbells Pair, Blue","sports","Price below minimum retail threshold (₹90)"
"SX FITNESS Multi-Functional Fully Adjustable Squat Stand, Bicep Stand with 5 Adjustable Level and Height for Home Gyms, Ba...","sports","Duplicate product title fingerprint"
"Piesome Resistance Exercise Bands with Door Anchor, Handles, Waterproof Carry Bag, Legs Ankle Straps for Resistance Traini...","sports","Missing both actual and discount prices"
"UNBEATABLE Men's Compression Top","sports","Duplicate ASIN"
"Amazon Brand - Symactive Men's Regular Fit Sports T-Shirt","sports","Duplicate ASIN"
"Amazon Brand - Symactive Men's Regular Fit T-Shirt","sports","Duplicate product title fingerprint"
"QUADA Compression Swimming t Shirt Full Sleevs for Men","sports","Duplicate product title fingerprint"
"LEWEL Men's Hooded Buttoned Down Checked T-Shirt (Olive Green)","sports","Suspicious image reuse across different departments"
"Scott International Rich Cotton Winter Wear Hooded Sweatshirt for Men's & Boys- Cotton, Casual, Lightweight, Fashionable, ...","sports","Duplicate product title fingerprint"
"Qiddo Sports Girls' T-Shirt","sports","Duplicate product title fingerprint"
"Adidas Men Shorts","sports","Duplicate product title fingerprint"
"Puma Men's Relaxed T-Shirt","sports","Duplicate ASIN"
"NEVER LOSE Compression Pants Tights, Skins, Men's Legging, Base Layer for Gym, Running, Swimming, Cricket, Cycling, Footba...","sports","Duplicate product title fingerprint"
"Amazon Brand - Symactive Men Shorts","sports","Duplicate product title fingerprint"
"UZARUS Women's Half Sleeves Sports Gym T-Shirt","sports","Duplicate ASIN"
"PSG Paris Neymar Football Jersey 2023 for Kids & Boys","sports","Duplicate ASIN"
"Charged Active-001 Camo Jacquard Round Neck Sports T-Shirt Petrol-Green Size 2Xl And Charged Endure-003 Chameleon Spandex ...","sports","Duplicate ASIN"
"NEVER QUIT Stretchable Gym and Sports Wear Full Sleeve T-Shirt & Lower for Men | Body fit Skinny T-Shirt & Lower for Gymmi...","sports","Duplicate ASIN"
"NEVER LOSE Compression Top Full Sleeve Tights Plain for Gym, Running, Cycling, Swimming, Cricket, Basketball, Yoga, Footba...","sports","Duplicate ASIN"
"JUST RIDER Men's T-Shirt","sports","Duplicate ASIN"
"AmazonBasics 6 mm Thick TPE Yoga Mat","sports","Duplicate product title fingerprint"
"Puma Men Sweatshirt","sports","Duplicate product title fingerprint"
"Vector X STRIKER Mens/ Adults Half Sleeve Cricket Jersey Dress (T-Shirt & Pant) (White)","sports","Duplicate product title fingerprint"
"Amazon Brand - Symactive Men Shorts","sports","Duplicate product title fingerprint"
"Nike Men's Short","sports","Duplicate product title fingerprint"
"Nike Women Shorts","sports","Duplicate product title fingerprint"
"Lotto | Full Sleeves Hoodies for Men | Zip Closure | Polyster Material | Active & Casual Wear","sports","Missing both actual and discount prices"
"Scott International Rich Cotton Winter Wear Hooded Sweatshirt for Men's & Boys- Cotton, Casual, Lightweight, Fashionable, ...","sports","Duplicate product title fingerprint"
"K-Rum Yoga Gym Mat Exercise Yoga Mat Gymnastics Training Tumbling High Destiny Foam Foldable 72 x 24x 12 mm Foldable Yoga ...","sports","Duplicate product title fingerprint"
"Pariss Football Jersey Messi 2022/23 with Shorts","sports","Duplicate product title fingerprint"
"Vector X Printed Women's Round Neck Purple T-Shirt","sports","Duplicate ASIN"
"Adidas Men's Regular Fit T-Shirt","sports","Duplicate product title fingerprint"
"Puma Men Shorts","sports","Duplicate product title fingerprint"
"Adidas Men's Board Shorts Regular","sports","Duplicate product title fingerprint"
"Puma Men's Regular Fit T-Shirt","sports","Duplicate product title fingerprint"
"Nike Boys Shorts","sports","Duplicate product title fingerprint"
"The SV Style Unisex Cotton Hooded Hoodie","sports","Duplicate product title fingerprint"
"ADBUCKS Winter Wear Jacket Inside Full Black & White Fur & Made by Rich Cotton Fabric with Hoodies for Womens","sports","Duplicate product title fingerprint"
"DE JURE FITNESS Raxine/Synthetic Leather Mat for Yoga and Workout 10mm (Olive Green) (Olive Green)","sports","Duplicate product title fingerprint"
"Puma Men's Regular Track Jacket","sports","Missing both actual and discount prices"
"Puma Men Sweatshirt","sports","Duplicate product title fingerprint"
"VELLORA® Eva Yoga Mat with Carry Strap for Men Women and Kids | Extra Thick Exercise mat for Workout Yoga Fitness Pilates ...","sports","Duplicate product title fingerprint"
"Amazon Brand - Symbol Women Sweatshirt","sports","Duplicate product title fingerprint"
"Adidas Men's Shorts","sports","Duplicate product title fingerprint"
"Puma Men Shorts","sports","Duplicate product title fingerprint"
"Nike Challenger Men's 2-in-1 Running Shorts","sports","Missing both actual and discount prices"
"Adidas Men's Board Shorts Regular","sports","Duplicate product title fingerprint"
"Amazon Brand - Symactive Men's Regular Fit T-Shirt","sports","Duplicate product title fingerprint"
"ASIAN Men's Skypee-162 Casual Sneaker Lightweight Lace-up Shoes for Men's & Boy's","sports","Duplicate ASIN"
"Campus Mens Jasper Running Shoes","sports","Duplicate product title fingerprint"
"ASIAN Men's Carbon-02 Sports Running,Walking & Gym Shoes with Carbon Cushion Technology Phylon Sole with Memory Form Casua...","sports","Duplicate ASIN"
"Campus Men's Royce-2 Running Shoes","sports","Duplicate product title fingerprint"
"ASIAN Men's Waterproof-03 Sports Running, Walking & Gym Shoes with Max Cushion Technology | Latest Casual Sneakers,Lace up...","sports","Duplicate product title fingerprint"
"ASIAN Hattrick-21 Men's Sport Shoes | Ideal for Running, Walking & Gym | Lightweight & Casual Sneaker Shoe for Men's & Wom...","sports","Duplicate ASIN"
"Sparx Mens Sx0421g Running Shoes","sports","Duplicate product title fingerprint"
"Reebok Mens Travellar Lp Running Shoe","sports","Duplicate ASIN"
"QUADA Compression Swimming t Shirt Full Sleevs for Men","sports","Duplicate product title fingerprint"
"Puma Mens Zeta Running Shoes","sports","Duplicate ASIN"
"Adidas Mens Runcrypt M Running Shoe","sports","Duplicate ASIN"
"Unbeatable Womens Compression Top T-Shirt for Gym Sports Yoga Swimming Running Full Sleeve","sports","Duplicate ASIN"
"Campus Men's Refresh PRO Running Shoes","sports","Duplicate ASIN"
"Nivia Men Marathon Running Shoe for Mens | Rubber Outsole with Breathable Mesh Upper with PVC Synthetic Leather | Die Cut ...","sports","Duplicate ASIN"
"Sparx Mens Sm-648 Sports Shoes","sports","Duplicate product title fingerprint"
"Campus Men's Corel Floaters","sports","Duplicate product title fingerprint"
"Campus Men's PLATEUE Running Shoes","sports","Duplicate ASIN"
"Adidas Mens Vs Pace 2.0 Sneaker","sports","Duplicate ASIN"
"BLINKIN Womens Stretchable Gym Track Pants for Women : Ideal Gym Wear, Joggers, Yoga Pants & Lower for Women Workout & Car...","sports","Duplicate product title fingerprint"
"Sparx Men's Sm-620 Sneaker","sports","Duplicate product title fingerprint"
"Jockey 1301 Women's Super Combed Cotton Elastane Stretch Slim Fit Trackpant","sports","Duplicate product title fingerprint"
"NEVER LOSE Compression Pants Tights, Skins, Men's Legging, Base Layer for Gym, Running, Swimming, Cricket, Cycling, Footba...","sports","Duplicate ASIN"
"Puma Unisex-Adult Softride Rift Slip-on One8 Running Shoe","sports","Duplicate ASIN"
"Urbano Fashion Men's Slim Fit Jogger Jeans Stretch","sports","Duplicate product title fingerprint"
"SEGA Men's Marathon/Running/Walking Sports Shoes","sports","Duplicate product title fingerprint"
"Adidas Men's Regular Fit T-Shirt","sports","Duplicate product title fingerprint"
"Nike Mens Quest 5 Running","sports","Missing both actual and discount prices"
"Polyester Men's Joggers Regular Fit Stretchable Gym & Yoga Track Pants Combo Pack | Set of 2 | Olive Green and Silver | Tr...","sports","Duplicate product title fingerprint"
"FabSeasons Solid Short Peak Cotton Baseball/Summer Cap","sports","Duplicate ASIN"
"Sparx","sports","Title missing or too short"
"Rock Paper Scissors Premium Seamless Non-Padded Slip On Sports Bra Low Impact Workout Black Bras Activewear Sports Bra Wom...","sports","Duplicate product title fingerprint"
"FabSeasons Girl's Polyester Cap (CL101darkpink_Dark Pink_Free Size)","sports","Missing both actual and discount prices"
"FITINC Premium Track Pant for Men | Anti Microbial | Superdry | Breathable | Stretchable | 2 YKK Zipper Pockets","sports","Duplicate ASIN"
"PSG Paris Football Third Neymar Jersey 2023-24","sports","Duplicate ASIN"
"Puma Men Track Pants","sports","Duplicate ASIN"
"JUST RIDER Men's Running Supporter - Pack of 2","sports","Duplicate ASIN"
"Amazon Brand - Symbol Men's Relaxed Casual Pants","sports","Duplicate ASIN"
"U.S. POLO ASSN. Mens Solid Cotton Mid Rise Thermal Bottoms","sports","Duplicate ASIN"
"CHKOKKO Women Stylish Track Pant Workout Running Lower","sports","Duplicate ASIN"
"Hubberholme Men's Cotton Blend Slim Fit All Season Wear Track Pants (Solid, White, 30)","sports","Duplicate product title fingerprint"
"Puma Men's Regular Fit Tee","sports","Duplicate ASIN"
"Hubberholme Men's Cotton Blend White Stripe Regular Fit Joggers - Trackpant with Drawstring Elastic Waistband, Lower for J...","sports","Duplicate ASIN"
"Alfa Men's Quilted Steam Disinfected Winter wear Cotton Thermal TOP (V-Neck)","sports","Duplicate ASIN"
"SEGA Men's Marathon/Running/Walking Sports Shoes","sports","Duplicate product title fingerprint"
"hiker's way Track Pant for Men, Joggers for Men, Trackpants with Two Side Zipper Pocket for Sports Gym Athletic Training W...","sports","Duplicate ASIN"
"PRO GYM Men Cool Dry Compression T-Shirt & Lower for Athletic Workout and Running (Black, Medium)","sports","Duplicate ASIN"
"ASICS Mens Jolt 1 Running Shoe","sports","Duplicate product title fingerprint"
"The SR Fitness Lowers for Men ;Track Pants for Men ; Joggers for Men ; Dry Fit Gym Lower; Lycra Pants for Men; Sports Trou...","sports","Duplicate ASIN"
"Alan Jones Clothing Men's Cargo Joggers Track Pant","sports","Duplicate ASIN"
"VMart Men Solid Polyester Rice Knit Pyjama 421366","sports","Duplicate ASIN"
"Nivia 1105L1 Lycra-Spandex Gym and Running Gloves","sports","Duplicate ASIN"
"Quada Gym Tshirt for Men | Anti Sweat Active Wear Sports Wear Tshirts for Athletes","sports","Suspicious image reuse across different departments"
"UZARUS Womens Dry Fit Workout Top Sports Gym T-Shirt","sports","Duplicate product title fingerprint"
"Charged Active-001 Camo Jacquard Round Neck Sports T-Shirt Scuba Size 2Xl And Charged Pulse-006 Checker Knitt Round Neck S...","sports","Duplicate product title fingerprint"
"Nike Women Bra","sports","Duplicate product title fingerprint"
"Fusefit Mens Stroke Running Shoes","sports","Missing both actual and discount prices"
"Puma Unisex-Adult Twitch Runner Trail Running Shoe","sports","Missing both actual and discount prices"
"Puma Women Leggings","sports","Duplicate product title fingerprint"
"Li-Ning Turbo Dri Polygenta Badminton Shorts, Royal Blue - M","sports","Duplicate product title fingerprint"
"Nike Men's Air Zoom Tempo Next% Fk Running Shoe","sports","Missing both actual and discount prices"
"Homescape Products Baby's Sofa Cum Bed and Chair (Red, 0-2years, Foam)","home-kitchen","Duplicate ASIN"
"Ereteken ART Wooden Foldable Adjustable Side Table/End Table/Coffee Table/Plant Stand/Outdoor Table/Stool 12Inch. (Brown)...","home-kitchen","Duplicate product title fingerprint"
"Amazon Brand - Solimo - Multipurpose Rack for Shoes and Clothes, 9 Racks, Black","home-kitchen","Duplicate product title fingerprint"
"Torche Wall Mounted Corner Floating Shelves Set of, Rustic Wood Wall Storage Shelves for Bedroom, Living Room, Bathroom, K...","home-kitchen","Duplicate ASIN"
"KC Stainless Steel Towel Ring for Bathroom/Wash Basin/Napkin-Towel Hanger/Bathroom Accessories (Chrome-Square) Set of 2","home-kitchen","Duplicate product title fingerprint"
"Kurtzy Laptop Table - Multipurpose Portable Study Desk,Height Adjustable Foldable Bed Table for Work from Home,Online Clas...","home-kitchen","Duplicate product title fingerprint"
"Fresh Zone Cotton Door Mat (Multicolour, 40x60 cm, Standard) - Set of 4 Pieces","home-kitchen","Missing both actual and discount prices"
"RAJCHAIR Office revolving Chair Parts Star PVC Base for Office Chair with Black&White Wheel OR Caster, Shining Chair Base ...","home-kitchen","Missing both actual and discount prices"
"Torche {16 x 40 Inches } Wooden Wall Mounted Table | Wall Study | Desk Table for Home and Office | Foldable Table. [White]","home-kitchen","Duplicate ASIN"
"PWI Soft Plush Cartoon Shape Cushion Baby Sofa Seat or Rocking Chair for 0-2 Years Kid(Red_Cotton)","home-kitchen","Missing both actual and discount prices"
"MAYUMI Folding Wooden Writing White Board Study Table | Laptop Table | Work Table Large (21"")","home-kitchen","Duplicate ASIN"
"Acco & Deco 2 Tier Wooden Multipurpose Turn-n-Tube Engineered Wood End Table Beside Sofa Side Table Corner Night Stand for...","home-kitchen","Duplicate ASIN"
"ROYAL TREND Door Mat Rugs for Home & Kitchen| Half Sunflower Shape| Bath mat| Pink Color ( 16 X 34 Inches )","home-kitchen","Duplicate ASIN"
"Decor Style Bean Bag with Relaxing FootstRest with Filled Beans |Size- XXL, Brown Color |","home-kitchen","Duplicate ASIN"
"RAJ CHAIR Twin Castor Wheels Threaded Set of 5 pcs for revolving Chairs and Other revolving Products. 100% Nylon ABS Mater...","home-kitchen","Duplicate ASIN"
"Kaushalendra Swing Indoor Outdoor Jhula For Home With Stand 300 Kg Capacity (Iron Swing) (2 Seater)","home-kitchen","Duplicate ASIN"
"MURALICRAFT Solid Wood Bedside Table for Bedroom | Nightstand Lamp Table with Drawer & Shelf Storage | Sheesham Wood, Waln...","home-kitchen","Duplicate ASIN"
"Medieval Arts Mina Solid Wood Hand Painted Wall Hanging Jharokha Frame (Red, 16 inches)","home-kitchen","Duplicate ASIN"
"PHILOSHOP 4 Layer Plastic Shoe Rack/Shoe Cabinet/Shoe Organizer with High Strong Strength Durability, Black DIY (Small)","home-kitchen","Duplicate ASIN"
"E Trend Furniture : Office chair Stand Revolving Chair Base With wheels | 5 years guarantee | computer chair stand metal s...","home-kitchen","Duplicate ASIN"
"Online Decor Shoppee Bedside Table with Storage Box and Drawer Nightstand for Bedroom, Living Room etc. (2D-White, Enginee...","home-kitchen","Duplicate ASIN"
"Green Soul Pebble Office Chair, Mid Back Mesh Ergonomic Home Office Desk Chair with Comfortable & Spacious Seat, Tilt Lock...","home-kitchen","Duplicate ASIN"
"CANE CRAFTS Bamboo Cane Strong Shoe Rack Wooden Slipper Stand Utility Rack Planter Stand Bookshelf Space Saving Shelf for ...","home-kitchen","Duplicate ASIN"
"Oslen Stainless Steel Glossy Finish Multi Purpose Wall Mounted Wall Mount Bath Shelf Organizer l Kitchen Shelf l Bathroom ...","home-kitchen","Duplicate ASIN"
"Spectro Acrylic Full Length Wall Mirror Tiles, 12 Inch x 4Pcs Flexible Plastic Mirror Sheets Full Length Mirror Wall Mount...","home-kitchen","Duplicate ASIN"
"RAJCHAIR Office revolving Chair Parts Star PVC Base for Office Chair with Black&White Wheel OR Caster, Shining Chair Base ...","home-kitchen","Missing both actual and discount prices"
"Rasper Clear Acrylic Writing Desk Acrylic Table Top Elevator (Small Size 16x12 Inch) Portable Laptop Table Adjustable Easy...","home-kitchen","Duplicate ASIN"
"Plantex Stainless Steel 5in1 Multipurpose Bathroom Shelf and Rack/Shower Caddy/Bathroom Storage Shelf/Holder/Bathroom Acce...","home-kitchen","Duplicate product title fingerprint"
"Honey Touch® Metal Folding Bed Single Size for Sleeping Guest Bed Easily Storable (3 ft x 6 ft, Black)","home-kitchen","Duplicate product title fingerprint"
"MOLIRA Foldable Foam Mattress Single Bed| Folding Single Bed Matterss for Floor, Travelling, Light Weight 01(Multicolor 1,...","home-kitchen","Duplicate product title fingerprint"
"INKULTURE Stainless_Steel Measuring Cups & Spoon Combo for Dry or Liquid/Kitchen Gadgets for Cooking & Baking Cakes/Measur...","home-kitchen","Duplicate ASIN"
"Crystal - CL010 Sleek Serrated Edge Stainless Steel Knife, Multicolour","home-kitchen","Price below minimum retail threshold (₹90)"
"Dr Trust Electronic Kitchen Digital Scale Weighing Machine (Blue)","home-kitchen","Duplicate ASIN"
"Kuber Industries Plastic Bathroom Mug|Strong Plastic Material & Great Capicity|Size 14 x 14 x 12 CM,Pack of 2,Capicity 1 L...","home-kitchen","Price below minimum retail threshold (₹90)"
"Plantex Stainless Steel Towel Ring for Bathroom/Wash Basin/Napkin-Towel Hanger/Bathroom Accessories (Chrome-Round) - Pack ...","home-kitchen","Duplicate product title fingerprint"
"Kuber Industries Table cloth|Center Table cover|Round Table Cover|Table Cover 4 Seater|(Transparent)","home-kitchen","Duplicate product title fingerprint"
"GLUN® Unisex Waterproof Kitchen Apron For Men & Women, Check Design with Front Centre Pocket Pack of 1 Apron","home-kitchen","Price below minimum retail threshold (₹90)"
"GLUN® Waterproof Unisex Kitchen Apron with Center Pocket and Adjustable Neck Belt with Metal Buckle (PACK OF 1) (Blue Chec...","home-kitchen","Price below minimum retail threshold (₹90)"
"SKADIOO camping stove | Portable Gas Stove And Picnic Butane Gas Burner For Outdoor Camping, Hiking, Mini gas stove,Stainl...","home-kitchen","Duplicate ASIN"
"ikis - Chopsticks Reusable/Chinese Chopsticks/Wooden Brown Designer and Steel Chopsticks - 2 Pairs -","home-kitchen","Price below minimum retail threshold (₹90)"
"Kuber Industries Dining Table cover 6 Seater|Table Cloth|Table Cover For Home, Restaurant|Table Cover For Home Décor|Cotto...","home-kitchen","Duplicate product title fingerprint"
"Hawkins Safety Valve for all Hawkins Pressure Cookers from 1.5 Litre to 14 Litre, Black, Standard (HSFValce)","home-kitchen","Price below minimum retail threshold (₹90)"
"Supreme Bazaar Stainless Steel Napkin Ring/ Towel Hanger/ Napkin Holder, Wall Mounted for Kitchen, Wash Area, Bathroom Acc...","home-kitchen","Duplicate ASIN"
"Norvina Mini Small Nano 2 in 1 Hand Press Manual Juicer,Fruits Juicer,Fruit Juicer for Orange,Manual Juicer for Fruits,Han...","home-kitchen","Price below minimum retail threshold (₹90)"
"Kuber Industries Dining Table Cover 6 Seater|Table Cloth|Table Cover for Home, Restaurant|(Pink, White)","home-kitchen","Duplicate product title fingerprint"
"IBELL Stainless Steel Idly Pot with Steamer and Mini 3 Idli Plates , Silver","home-kitchen","Duplicate product title fingerprint"
"Kitchenwell Silicone Heart Chocolate Mould (Pack of 1)","home-kitchen","Price below minimum retail threshold (₹90)"
"Borosil Feast Stainless Steel Lunch Boxes with Carry Bag, Horizontal Set of 2 (400 ml Each), Lunch Boxes for Office, Schoo...","home-kitchen","Duplicate product title fingerprint"
"RTB Electronic Digital Kitchen Scale, Weight Machines for home,10kg scale Weight Machine, Weight Scale Kitchen, Kitchen We...","home-kitchen","Duplicate ASIN"
"Femora Borosilicate Glass Microwave Safe All-Purpose Mixing Bowl,400 ML, 1050 ML, Set of 2","home-kitchen","Duplicate ASIN"
"BANZOLA Leather Grip Coffee Cup Sipper Glass with Straw Mug with Straw Coffee Cup with Leather Grip, glass bottle with str...","home-kitchen","Duplicate ASIN"
"CRYSTAL EXTREME CONTINUOUS SPARK LIGHTER","home-kitchen","Duplicate ASIN"
"KELVEE Tea and Coffee Cup Glass Mug, Used for Tea, Coffee, Green Tea, Lemon Tea Cup with Handle Golden (410ml, Set of 2)","home-kitchen","Duplicate ASIN"
"MARKET 99 Metal Self Draining Tableware Storage Box - Spoon, Knife, Fork, Chopstick, Cutlery Holder Kitchen Organizer Stan...","home-kitchen","Duplicate ASIN"
"Prestige Svachh, 10738, 1.5 L, Straight Wall Aluminium Inner Lid Pressure Cooker, with Deep Lid for Spillage Control - Silver","home-kitchen","Duplicate ASIN"
"Amazon Brand - Solimo Plastic Container set - 525 Ml, 3 Pieces, White","home-kitchen","Duplicate ASIN"
"GLUN® Waterproof Unisex Kitchen Apron with Center Pocket and Adjustable Neck Belt with Metal Buckle (PACK OF 1) (White Check)","home-kitchen","Price below minimum retail threshold (₹90)"
"BLACK KING Thumb Knife Finger Silicone Thumb Cutter -Kitchen Set Knife, Finger Thumb Cutter, Quickly Cutting Protector Fru...","home-kitchen","Price below minimum retail threshold (₹90)"
"Pigeon by Stovekraft Cruise 1800-Watt Induction Cooktop (Black) & Basics Aluminium Nonstick Cookware Set, Set of 3 (with o...","home-kitchen","Duplicate product title fingerprint"
"Kuber Industries Dining Table Cover 6 Seater|Table Cloth|Table Cover for Home, Restaurant| Floral Design (Cream)","home-kitchen","Duplicate product title fingerprint"
"Craftbin Serving Bowls with Lids & Spoons Set, Microwave Safe, Dinner, Curry, Color- Blue, 9 Piece, Solid- Plastic","home-kitchen","Duplicate ASIN"
"Kuber Industries Wooden Design & Water Proof 4 Seater Center Table Cover (Dark Brown) Polyvinyl Chloride (PVC),Rectangula...","home-kitchen","Duplicate ASIN"
"Trokopoka Metal Vintage Bottle Opener (Pack of 3)","home-kitchen","Price below minimum retail threshold (₹90)"
"Rangoli Large Modern Art Wall Sticker Mullticolor Vinyl Sticker 40cm or 50 cm Pack of 1","home-kitchen","Price below minimum retail threshold (₹90)"
"Mangaldeep Puja Agarbatti, Sandal, 60 Sticks (Pack of 2)","home-kitchen","Price below minimum retail threshold (₹90)"
"Zintex Metal Wall Clock for Home Decor and Hall Home Big Size Living Room Hall Bedroom Stylish Clock (Gold) (46x46)","home-kitchen","Missing both actual and discount prices"
"S K D Pure Original Natural Loban (100 gm), Sambrani Benzoin Herbal Dhoop for Pooja, Hawan, Home Fragrance","home-kitchen","Price below minimum retail threshold (₹90)"
"QROUN CERAMICS Islamic Wall Clock Surah Al Ikhlas Acrylic Islamic Clock | Islamic Wall Art Wall Clock Black and Golden Col...","home-kitchen","Missing both actual and discount prices"
"3V PRODUCTS: Dasangam Powder 50g | Bhuvaneswari Dasangam Dhoop Powder for Pooja & Home","home-kitchen","Price below minimum retail threshold (₹90)"
"HOKIPO® Eco-Friendly Bamboo Wooden Coasters for Home Pan Pot Holder for Dining Table Heat Pad for Kitchen - Pack of 4 (AR2...","home-kitchen","Duplicate ASIN"
"Rangoli New Modern Art Two Aesthetic Beautiful Peacocks Large Wall Sticker Size-50cm*70cm","home-kitchen","Price below minimum retail threshold (₹90)"
"Rangoli Large Modern Art Wall Sticker Mullticolor Vinyl Sticker 40cm or 50 cm Pack of 1","home-kitchen","Price below minimum retail threshold (₹90)"
"Godrej aer Power Pocket Bathroom Freshener – Sea Breeze (10g) | Lasts up to 30 days | Germ Protection","home-kitchen","Price below minimum retail threshold (₹90)"
"Pure Copper Coin with Hole for wearing & puja/vesikarn puja vastu puja ghar Shanti puja for Home & Office(Copper, 10 gm)","home-kitchen","Price below minimum retail threshold (₹90)"
"Rangoli Large Modern Art Wall Sticker Mullticolor Vinyl Sticker 40cm or 50 cm Pack of 1","home-kitchen","Price below minimum retail threshold (₹90)"
"Anikaa Kellen Engineered Wood Dressing Mirror with Single Door/ Dressing Cabinet for Bathroom/ Storage Cabinet (Walnut) D.I.Y","home-kitchen","Duplicate product title fingerprint"
"Wedding Backdrop Cloth for All Festivals/House Hold Functions/Haldi Function/Ceremonies Coconut Leaf Design 10Ft * 8Ft (Ko...","home-kitchen","Duplicate product title fingerprint"
"Saf 6MM Ganesha Set of 3 Panel Digital Reprint 12 Inch X 18 Inch Painting SANFJM1004","home-kitchen","Duplicate product title fingerprint"
"Essancia Peppermint Essential Oil For Hair Regrowth, Skin, Face, Cold, Congestion, Steam Inhaler, Insects, Rats Repellent,...","home-kitchen","Duplicate ASIN"
"Rangoli Design PVC Stickers Waterproof Laminated Wall Stickers Stylish Kitchen Art 70or50 cm Size Pack of 1","home-kitchen","Price below minimum retail threshold (₹90)"
"Rangoli Vinyl Modern Art Wall Sticker 1.96 x 20.86 x 1.96 Inches, Multicolour (Model Number: Modern Art472),","home-kitchen","Price below minimum retail threshold (₹90)"
"Rangoli Large Wall Sticker Multicolor Vinyl 50 or 70 CM Pack of 1","home-kitchen","Price below minimum retail threshold (₹90)"
"god & god's Large Wall Sticker JUST Peel & Stick Size 50 or 60 cm Pack of 1 (Code GS183","home-kitchen","Duplicate product title fingerprint"
"PUNZONE Self Adhesive Unbeakable Oval Shape Mirror Sticker For Décor Wall Kitchen, Bathroom, Bedroom, Living Room and Dini...","home-kitchen","Duplicate ASIN"
"Wallstick Buddha with Quotes wallstickers (Vinyl 110 cm x 100 cm)","home-kitchen","Duplicate ASIN"
"OVEERA Twin Bell Copper Table Alarm Clock with Night LED Light for Student for Kids Bedroom, Wall Mounte (Copper)","home-kitchen","Duplicate ASIN"
"Jaamso Royals Large Elegant Flower Graceful Peach Blossom Birds PVC Vinyl Home Decor Wall Stickers Wall Sticker (90 CM X 6...","home-kitchen","Duplicate ASIN"
"MANSAA® USB String Lights for Decoration 5 MTR 50 LED USB Operated, Yellow Rice Light, Lights for Diwali Decoration, Diwal...","home-kitchen","Duplicate ASIN"
"Indianara Set of 3 Deers Art MDF Art Painting (4064FL) without glass 4.5 X 12, 9 X 12, 4.5 X 12 INCH(Multicolor4064FL)","home-kitchen","Duplicate ASIN"
"DS ENTERPRISE Kapur Dani Electrical Camphor Diffuser. Glass Kapoor Dani & Essential Oil Diffuser with On Off Switch to Tog...","home-kitchen","Duplicate ASIN"
"TIED RIBBONS Resin Krishna Idol, Standard, Multicolour, 1 Piece","home-kitchen","Duplicate ASIN"
"SAF Ram Darbar Framed Acrylic Glass Painting 14 inch x 11 inch SANFR12(Multicolor)","home-kitchen","Duplicate ASIN"
"PUNZONE Self Adhesive Unbeakable Oval Shape Mirror Sticker For Décor Wall Kitchen, Bathroom, Bedroom, Living Room and Dini...","home-kitchen","Duplicate ASIN"
"Genson Novelty Enterprises Artificial Rose Orchid Flowers Bunch For Home Wall Hanging (Pink, 1)(1.)","home-kitchen","Duplicate ASIN"
"Chalk My Theme Bless This Kitchen Quote Chop Board Wooden Wall Art for Kitchen, Cafe, Restaurant, Dining Table | Kitchen D...","home-kitchen","Duplicate ASIN"
"Airwick Automatic Air Freshener with Refill 250ml White Flowers","home-kitchen","Duplicate ASIN"
"PAPER PLANE DESIGN Quote and Motivational Posters 12X18 (Poster-A)","home-kitchen","Duplicate ASIN"
"Decals Creation Vinyl Flowers Switch Board Fridge Wall Sticker, 23.62 x 29.92 x 0.39 Inches, Multicolour, Botanical","home-kitchen","Duplicate ASIN"
"Collectible India Tealight Candle Holder Metal Wall Hanging Wall Art Sconce for Home Living Room Décor /Christmas Decorati...","home-kitchen","Duplicate ASIN"
"Apka Mart The Online Shop Lord Ganesh Dancing Pose Metal Wall Hanging, Bronze color, 18 Inch Height - for Wall Decor, Home...","home-kitchen","Duplicate ASIN"
"Home Genie Unscented, Smokeless, Dripless, Long Burn Time, Paraffin Wax Tealight Candles for Home Décor, Diwali Diya, Birt...","home-kitchen","Duplicate ASIN"
"Expleasia Ganesha Idol with Wooden Temple for Home mandir, Temple, car Dashboard Temple, Gift Items (Ganesha Temple 2)","home-kitchen","Duplicate ASIN"
"Ajanta Wall Clock 14 Inches Vintage Sweep Wall Clock(No TIK TIK)","home-kitchen","Duplicate ASIN"
"Decals Design 5785 StickersKart PVC Vinyl Wall Stickers Hanging Lamp and Vines Black, 70cm x 50cm (Multicolour)","home-kitchen","Duplicate ASIN"
"natureCRAFTS Natural Wood Agarbatti Incense Holder and Ash Catcher for Home ,Wooden Incense Tray for Sticks, Mango Wood St...","home-kitchen","Duplicate ASIN"
"Diya Shape Flower Decorative Urli Bowl for Home Handcrafted Bowl for Floating Flowers and Tea Light Candles Home ,Office a...","home-kitchen","Duplicate ASIN"
"Kajal Dream Cool Multicolor Printed 32 inches LED TV Cover (PVC) fit For All Brands Every Models P-04","home-kitchen","Duplicate ASIN"
"HOKIPO® Eco-Friendly Bamboo Wooden Coasters for Home Pan Pot Holder for Dining Table Heat Pad for Kitchen - Pack of 4 (AR2...","home-kitchen","Duplicate product title fingerprint"
"Rangoli Vinyl Modern Art Wall Sticker 1.96 x 20.86 x 1.96 Inches, Multicolour, Standard (Modern Art421),","home-kitchen","Price below minimum retail threshold (₹90)"
"Rangoli Large Modern Art Wall Sticker Mullticolor Vinyl Sticker 40cm or 50 cm Pack of 1","home-kitchen","Price below minimum retail threshold (₹90)"
"Rangoli Large Modern Art Wall Sticker Mullticolor Vinyl Sticker 40cm or 50 cm Pack of 1","home-kitchen","Price below minimum retail threshold (₹90)"
"Nirmalaya 100% Natural Dhoop - Jasmine Fragrance Dhoop Sticks (Bamboo Less - 20 Dhoop Sticks)","home-kitchen","Duplicate ASIN"
"PUFF SMART Al-Maliki VIP-35mm Magic Coal 5 Stick Quick Light Charcoal ( 50 Coals )","home-kitchen","Duplicate ASIN"
"Curiofact Wooden Decorative Bowl with Brass Legs, Sheesham Pot Pouri Bowl, Fruit Bowl, Snack Bowl , Serving Bowl, Key Bowl...","home-kitchen","Duplicate ASIN"
"L.K. RAM Premium Incense Sticks (Agarbatti) /Incense Sticks Loose Packed Lightly Scented Bamboo Agarbatti 1KG (MOGRA)","home-kitchen","Duplicate ASIN"
"YAJNA Natural Dhoop Sticks - Healthy Incense Stick - Disinfects Air, Repells Mosquitoes - Agarbatti with Camphor, Guggal, ...","home-kitchen","Duplicate ASIN"
"Rangoli Large Modern Art Wall Sticker Mullticolor Vinyl Sticker 40cm or 50 cm Pack of 1","home-kitchen","Price below minimum retail threshold (₹90)"
"MF HANDICRAFTS Handmade Marble Gold Leaf Unique Shapes Paper Weight for Student Desktop Study Table Accessories Positive E...","home-kitchen","Duplicate ASIN"
"UI Intros Moving Sand Art Picture Round Glass 3D Deep Sea Sandscape in Motion Display Flowing Sand Frame Relaxing Desktop ...","home-kitchen","Duplicate ASIN"
"god & god's Large Wall Sticker JUST Peel & Stick Size 50 or 60 cm Pack of 1 (Code GS96","home-kitchen","Duplicate product title fingerprint"
"TINITALO Frameless Decorative Mirror Glass for Wall Mirror Bathrooms Home Mirror Decor Size : 18 x 18 Inch QG 136 (Unframe...","home-kitchen","Duplicate product title fingerprint"
"Rangoli Large Modern Art Wall Sticker Mullticolor Vinyl Sticker 40cm or 50 cm Pack of 1","home-kitchen","Price below minimum retail threshold (₹90)"
"Rangoli Vinyl Religious Wall Sticker Multicolour Vinyl Medium Size 40cm or 50 cm Pack of 1 Sticker, Multicolor, Standard","home-kitchen","Price below minimum retail threshold (₹90)"
"RIZIK STORE™ Metal Abstract Figures handcrafted Wall Sculpture wall art multicolor for Home Decoration, Living room, drwai...","home-kitchen","Duplicate product title fingerprint"
"Kuber Industries Table Cloth|Center Table Cover|Round Table Cover|Table Cover 4 Seater|Gold","home-kitchen","Duplicate product title fingerprint"
"Wolpin Anti-Slip Kitchen Cabinet Drawer Shelf Mat Liner Sheets (45 cm x 3 m Roll) Waterproof Strong Table Mat for Bathroo...","home-kitchen","Duplicate product title fingerprint"
"BSB HOME Premium Cotton Elastic Fitted Bedsheets with 2 QueenSize Pillow Covers | Double Bed with All Around Elastic 180 T...","home-kitchen","Duplicate product title fingerprint"
"BSB HOME Premium Cotton Elastic Fitted Bedsheets with 2 King Size Pillow Covers | Double Bed with All Around Elastic 180 T...","home-kitchen","Duplicate product title fingerprint"
"Kuber Industries Kitchen Drawer/ Cabinet Shelf Mat|Flower Design With PVC Material|Adjustable Size 5 MTR Roll (Cream)-KUBM...","home-kitchen","Duplicate product title fingerprint"
"Kuber Industries Cotton Oval Door Mat for Porch/Kitchen/Bathroom/Laundry Room,(Black) 54KM3948","home-kitchen","Price below minimum retail threshold (₹90)"
"Kuber Industries Kitchen Drawer/Cabinet Shelf Mat|Flower Design with PVC Material|Adjustable Size 5 MTR Roll (Cream)-CTKTC...","home-kitchen","Duplicate product title fingerprint"
"Voltonix Bathroom Mat,Door mat Door Mat Quick Drying Water Soak Bathroom Mats Anti Slip Big Size Water Absorbing Floor Was...","home-kitchen","Duplicate ASIN"
"Huesland by Ahmedabad Cotton 144 TC Cotton Bedsheet for Double Bed with 2 Pillow Covers - Beige & Green","home-kitchen","Duplicate product title fingerprint"
"Sakoraware Water Absorbent kitchen mat for wet utensils Microfiber Dish Drying Mat for Kitchen Utensils |dish splash proof...","home-kitchen","Duplicate ASIN"
"Kuber Industries Horse Design PVC 6 Piece Dining Table Placemat Set with Tea Coasters (Brown-CTKTC032183, Standard, Polyvi...","home-kitchen","Duplicate ASIN"
"Kuber Industries Multipurpose Textured Super Strong Anti-Slip Mat Liner|1.5 MTR Roll & Easy To Cut|Size 150 x 45 CM (Brow...","home-kitchen","Duplicate ASIN"
"Amazon Brand - Solimo Premium Anti-Slip Microfibre Bathmat - 60cm x 40cm, Light Taupe and Steel Grey, Pack of 2","home-kitchen","Duplicate product title fingerprint"
"RANGBHAR Handloom Cotton Double Bedsheet Without Pillow Covers, Woven Striped Bedcover, 90 x 100 inch, Blue","home-kitchen","Duplicate product title fingerprint"
"RANGBHAR Handloom Cotton Single Bedsheet Without Pillow Covers, Woven Striped Bedcover, 60 x 90 inch, Orange","home-kitchen","Duplicate product title fingerprint"
"Amazon Brand - Solimo Premium Anti-Slip Microfibre Bathmat - 80cm x 50cm, Dusty Turquoise","home-kitchen","Duplicate product title fingerprint"
"Kuber Industries Dining Table cover 6 Seater|Table Cloth|Table Cover For Home, Restaurant|Bamboo Design (Brown)","home-kitchen","Duplicate product title fingerprint"
"Wolpin Anti-Slip Kitchen Cabinet Drawer Shelf Mat Liner Sheets (45 cm x 3 m Roll) Waterproof Strong Table Mat for Bathroo...","home-kitchen","Duplicate product title fingerprint"
"Kuber Industries Traditional Carpet/Pooja Mat|Square Shape & Soft Velvet Material|Maditation Prayer Mat|Size 60 x 60 CM,Pa...","home-kitchen","Duplicate product title fingerprint"
"la' amour Prime Collection Offered 180TC Single Bedsheet Size, 60X90 with 1 Matching Pillow Covers Size, 17X27 Color-Pink ...","home-kitchen","Duplicate product title fingerprint"
"PINK PARROT Dupion Silk 150TC Cushion Cover, 16x16 Inches, Set of 5","home-kitchen","Duplicate product title fingerprint"
"First Kick Baby Blankets Newborn Combo Pack of Hooded Soft Wrapper Cum Towel for Baby Boys and Baby Girls Pack of 3","home-kitchen","Duplicate product title fingerprint"
"Kuber Industries Microfiber Square Chair Pad Seat Cushion for Car Pad, Office Chair, Indoor/Outdoor, Dining Living Room, K...","home-kitchen","Duplicate product title fingerprint"
"Kuber Industries Dining Table Cover 6 Seater|Table Cloth|Table Cover for Home, Restaurant|White Lace","home-kitchen","Duplicate product title fingerprint"
"Amazon Brand - Solimo 120 TC 100% Cotton Double Bedsheet with 2 Pillow Covers, Blossom Bliss (Pink)","home-kitchen","Duplicate product title fingerprint"
"RANGBHAR Handloom Cotton Single Bedsheet Without Pillow Covers, Woven Striped Bedcover, 60 x 90 inch, Blue","home-kitchen","Duplicate product title fingerprint"
"BSB HOME Premium Cotton Elastic Fitted Bedsheets with 2 King Size Pillow Covers | Double Bed with All Around Elastic 180 T...","home-kitchen","Duplicate product title fingerprint"
"Kuber Industries Table cloth|Center Table cover|Round Table Cover|Table Cover 4 Seater|Wooden Design (Light Brown)","home-kitchen","Duplicate product title fingerprint"
"Amazon Brand - Solimo PVC - Polyvinyl Chloride Fridge Multipurpose Mat, Diamonds, Set of 6, Multi","home-kitchen","Duplicate product title fingerprint"
"Roseate Luxury Super Soft (40x60 cm) Microfibre Striped 2000 GSM Bath Mat Super Absorbent Anti Skid Mats for Bathroom/ Bed...","home-kitchen","Duplicate ASIN"
"Kuber Industries Chair Pad|Chair Cushion Pad|Chair Cushion |Quilted Microfiber Fabric & Solid Color|Soft & Comfortable Sit...","home-kitchen","Duplicate product title fingerprint"
"Amazon Brand - Solimo 120 TC 100% Cotton Double Bedsheet with 2 Pillow Covers, Modern Bricks (Brown)","home-kitchen","Duplicate product title fingerprint"
"Wolpin Anti-Slip Kitchen Cabinet Drawer Shelf Mat Liner Sheets (45 cm x 3 m Roll) Waterproof Strong Table Mat EVA for Bath...","home-kitchen","Duplicate product title fingerprint"
"Kuber Industries Table Cloth|Center Table Cover|Round Table Cover|Table Cover 4 Seater|(Pink & White)","home-kitchen","Duplicate product title fingerprint"
"BSB HOME Prime Collections 100% Cotton Feel Double/Queen Size Bedsheets with 2 Pillow Covers Cotton, 180tc Bold Striped Ye...","home-kitchen","Duplicate product title fingerprint"
"Amazon Brand - Solimo PVC Wardrobe and Kitchen Cupboard cum Shelf Mat Liner, Circles, 10 Meters, Brown, Polyvinyl Chloride","home-kitchen","Duplicate product title fingerprint"
"ATMAH Tropical Paradise (Size 120cm x 40cm)","home-kitchen","Duplicate ASIN"
"Yes Cart Home® Non Slip Rubber Doormat | Floor Covering Mat for Home | Waterproof Indoor Outdoor Floormat | Bathroom Mat |...","home-kitchen","Duplicate ASIN"
"Kuber Industries Dining Table Cover 6 Seater|Table Cloth|Table Cover for Home, Restaurant|Blue","home-kitchen","Duplicate product title fingerprint"
"Kuber Industries Microfiber Square Chair Pad Seat Cushion for Car Pad, Office Chair, Indoor/Outdoor, Dining Living Room, K...","home-kitchen","Duplicate product title fingerprint"
"amazelo cart Anti Skid PVC Rubber Mat for Floor Large Size Home Entrance Commercial Doormat Waterproof Mud Dirt Trapper In...","home-kitchen","Duplicate ASIN"
"ishro home 3D Jet Printed Anti-Slip/Washable Rubber Mat for Kitchen Floor(Black Crystals)","home-kitchen","Duplicate ASIN"
"Gifts Island® Set of 5 Cream & Beige Polyester Silk Gold-Tone Striped Square Cushion Covers 16 inch x 16 inch (40.64 x 40....","home-kitchen","Duplicate product title fingerprint"
"Huesland by Ahmedabad Cotton 144 TC Cotton King Size Bedsheet with 2 Pillow Covers - Orange, Green & Brown(9ft x 9ft)","home-kitchen","Duplicate product title fingerprint"
"Huesland by Ahmedabad Cotton 144 TC Cotton Bedsheet for Double Bed with 2 Pillow Covers - Blue, White & Green","home-kitchen","Duplicate product title fingerprint"
"BSB HOME Premium Forever Modern Style Glace Cotton Floral Luxurious Beautiful Soft Comfort Designer Floral Pattern 1 Singl...","home-kitchen","Duplicate product title fingerprint"
"RANGBHAR Handloom Cotton Striped Bedsheet for Double Bed, Organic Woven Bedsheet with 2 Pillow Covers, Red, 90 x 100 inch","home-kitchen","Duplicate product title fingerprint"
"Roseate Luxury Super Soft (40x60 cm) Microfibre Striped 2000 GSM Bath Mat Super Absorbent Anti Skid Mats for Bathroom/ Bed...","home-kitchen","Duplicate product title fingerprint"
"Sleepwell Synthetic Pillow, Single, White, 2 Pieces","home-kitchen","Missing both actual and discount prices"
"Lexton 20 Piece Photo Clips String Light Battery Powered (Battery Not Included) for Home Decoration (Warm White)","home-kitchen","Duplicate ASIN"
"Groeien 15W Rectangular LED Mirror Bathroom Picture Wall Light(White) (1)","home-kitchen","Duplicate product title fingerprint"
"Rebcass Sunset Lamp Projector Rainbow Light 16 Color in 1 Sunset Projection Lamps Remote Control Photography/Selfie/Home/L...","home-kitchen","Duplicate ASIN"
"PHILIPS 0.5W B22D Led Bulb (White, Deco Mini) - Pack Of 2","home-kitchen","Duplicate ASIN"
"StarAndDaisy Smart Kids Study Table for 3 to 10 Years with an Option of Led Lamp - Blue (with Led Lamp)(Engineered Wood)","home-kitchen","Missing both actual and discount prices"
"wipro Re-Chargeable Led Table Lamp, White, Standard (E10013) - Pack of 1(Acrylonitrile Butadiene Styrene)","home-kitchen","Missing both actual and discount prices"
"Mufasa 220V AC LED Neon Light, 8MM Thick Pipe Neon Rope Light Waterproof ,Decoration Light Flexible Light With Connector, ...","home-kitchen","Duplicate product title fingerprint"
"Mahganya Industries Designer Home Decorative Modern Wall lamp for Living Room, Bedside, Bedroom, Decorative Light for Indo...","home-kitchen","Duplicate product title fingerprint"
"Gesto 5 Meter RGB LED Strip Light with Remote and Adaptor,16 Colors Changing LED Lights-Pack of 1,polypropylene(5M Multico...","home-kitchen","Duplicate ASIN"
"Mahganya Industries Designer Home Decorative Modern Glass Wall lamp for Living Room, Bedside, Bedroom, Decorative Light fo...","home-kitchen","Duplicate product title fingerprint"
"Desidiya® Lens Flood Light Super Bright 50W 5000 lm LED Flood Outdoor Light White Waterproof Pack of 2","home-kitchen","Duplicate product title fingerprint"
"UNIVERSAL HUB® Combo of 20 Multicolour led (Red,Blue,White,Green,Yellow) 4 Pieces Each Color Input 3v-3.2v High Brightness...","home-kitchen","Price below minimum retail threshold (₹90)"
"Electronic Spices 12V DC Solar LED High Brightness Bulb with clips (Crystal White) Light Bulbs","home-kitchen","Price below minimum retail threshold (₹90)"
"wipro Polycarbonate Garnet Base E27 5-Watt Led Bulb (Pack Of 6, Warm White)","home-kitchen","Duplicate ASIN"
"Echo Dot (3rd Gen, Black) gift twin pack with Wipro 9W LED smart Bulb","home-kitchen","Duplicate ASIN"
"CINEFX DP-7045B Rechargeablel Bright Led Torch Light Laser Long Range Distance High Power Search Light Kisan Emergency Lig...","home-kitchen","Duplicate ASIN"
"PHILIPS Hue Gen 3 Smart Light E27 Color Ambiance 9W Bulb, Bluetooth & Zigbee Compatible Hue Bridge Optional, Compatible wi...","home-kitchen","Duplicate ASIN"
"GreyWings Pendant Lamp Shade Hanging Light (Black and Inside Gold) - Pack of 4","home-kitchen","Duplicate ASIN"
"GLACIAL Mini USB Lights - Night Plug-in Mini LED Bulb Portable Compact Night Light for Bedroom Bathroom Nursery Hallway Ki...","home-kitchen","Duplicate ASIN"
"The Bright Storey ® A4 Large Cinema Light Box with 90 Letters and Symbols - DIY Cinematic LED Light Box, Free Combination...","home-kitchen","Duplicate ASIN"
"Hopdezyo Antique Nautical Wooden Corner Floor Lamp for Living Room, Home Decoration, Pack of Lamp in Jute Shade","home-kitchen","Duplicate ASIN"
"D'Mak LED Round Ceiling Surface Panel Light Color-White (Pack of 10, 15 Watt)","home-kitchen","Duplicate ASIN"
"Electronic Spices 12V DC Solar LED High Brightness Bulb with clips (Crystal White) Light Bulbs","home-kitchen","Price below minimum retail threshold (₹90)"
"GOR Sun Zoomable 4 Modes Rechargeable LED Flashlight Torch (500 m, 6.3-inch, Black)","home-kitchen","Duplicate ASIN"
"D'Mak 8 Watt LED Round Ceiling Surface Panel Light (Warm White, Yellow) - Pack of 2","home-kitchen","Duplicate ASIN"
"Discount4product Raindrop Crystal Modern Chandelier/ Lighting Led Ceiling Light Pendant Bulb Light Fixture, Flush Mount fo...","home-kitchen","Duplicate ASIN"
"CINEFX Portable Rechargeable High Brightness Flashlight LED Torch Light, Brightness Adjustment Led Torch Light (Medium)","home-kitchen","Duplicate ASIN"
"DASYA ENTERPRISES ® E27 Bulb Holder Screw Type Lamp Shade Holder Comes in Pack of 2","home-kitchen","Duplicate ASIN"
"HASTHIP® DJ Light Party Disco Light for Home Party 10M Remote Control RGB Led Disco Ball 7 Colors Pattern & 4 Modes Dancin...","home-kitchen","Duplicate ASIN"
"Wipro Garnet 5 Watts LED Batten (Pack of 2, Warm White and Golden Yellow)","home-kitchen","Duplicate ASIN"
"ENJOY the celebration people LED Marquee Letter Lights Light Up Marquee Alphabet for Decoration, Wedding Decoration Item, ...","home-kitchen","Duplicate ASIN"
"Desidiya ® Pent Rope Ceiling Hanging Lights (Bulb Not Included) - Pack of 4","home-kitchen","Duplicate ASIN"
"Mahganya Industries Designer Home Decorative Modern Wall lamp for Living Room, Decorative Light for Indoor Application Wit...","home-kitchen","Duplicate product title fingerprint"
"Universal Hub (Pack of 5 9 Watts B22d MCPCB LED Bulb Raw Material (White)","home-kitchen","Price below minimum retail threshold (₹90)"
"ENJOY the celebration people LED Marquee Letter Lights Light Up Marquee Alphabet for Decoration, Wedding Decoration Item, ...","home-kitchen","Duplicate product title fingerprint"
"Mufasa 220V AC LED Neon Light, 8MM Thick Pipe Neon Rope Light Waterproof Indoor Outdoor Decoration Light Flexible Light Wi...","home-kitchen","Duplicate product title fingerprint"
"FRESTYQUE Star Master Rotating 360 Degree Moon Night Light Lamp Projector with Colors and USB Cable,Lamp for Kids Room Nig...","home-kitchen","Duplicate product title fingerprint"
"RFS USB Light - Portable Compact Night Plug-in Mini LED Bulb Night Light Ideal for Bedroom Bathroom Nursery Hallway Kitche...","home-kitchen","Price below minimum retail threshold (₹90)"
"Electronicspices High Power LED Chip Warm White Super Bright Intensity COB Light Emitter Components Diode 3W Bulb Lamp Bea...","home-kitchen","Price below minimum retail threshold (₹90)"
"Kavi The Poetry-Art Project Kavi Cork Copper Wire led String Lights for Any Bottle, 2M/7.2FT Battery Powered, Ideal for Ga...","home-kitchen","Price below minimum retail threshold (₹90)"
"Mahganya Industries Designer Home Decorative Modern Wall lamp for Living Room, Decorative Light for Indoor Lamp (White) 01...","home-kitchen","Duplicate product title fingerprint"
"Kiyaan Crystal Hanging Pendant Beautiful Jhumar Ceiling Lamp with s4 Crystal - (Golden , 160mm)-AC","home-kitchen","Missing both actual and discount prices"
"Halonix 1W and 2W Add-on Minilite Rechargeable Emergency Light Cum Pocket Flashlight Torch, with USB Charging, Smooth Slid...","home-kitchen","Missing both actual and discount prices"
"gradians LED Oval Shape Outdoor Indoor Bulkhead Waterproof IP54 Wall Lamp 9 Watts Garden Outdoor Light ||16 X 6.5 X 4.5 c...","home-kitchen","Duplicate product title fingerprint"
"Foziq Traditional Terracotta Table Lamp for Home Decoration Items, Bed Side Table Lamp for Bedroom Decoration Items, Night...","home-kitchen","Duplicate product title fingerprint"
"OVERSEAS MART Nautical Spotlight Floor Lamp Tripod Stand Hollywood Floor Lamp for Living Room Bedroom Conner Lamp Nautical...","home-kitchen","Duplicate ASIN"
"SVH® Sunset Lamp with Remote Control - 16 Colors/4 Modes UFO Shape Rainbow Projection Night Light, 180 Degree Rotation USB...","home-kitchen","Duplicate ASIN"
"DHVANTH™ LED Lights Outdoor Waterproof 50 W Wall Mount Street Light with IP65 Driver, Metal Body (Sm) (Light Color: White)","home-kitchen","Duplicate ASIN"
"Scriptronics 5 Colour LED Diodes Lights 5mm Light Emitting Diode LED Lamp Assorted Kit / 2pin Diffused LED Electronic Part...","home-kitchen","Duplicate ASIN"
"MDROKUN COB Mini Flashlights, 800Lumens Bright Rechargeable Keychain Light with Collapsible Bracket and Magnet, 4 Light Mo...","home-kitchen","Duplicate ASIN"
"@home By Nilkamal Venus Mango Wood 14 inch Table Lamp for Home Decoration Without Bulb -Beige, Brown, Medium, (15 cm x 15 ...","home-kitchen","Duplicate ASIN"
"gradians LED Oval Shape Outdoor Indoor Bulkhead Waterproof IP54 Wall Lamp 9 Watts Garden Outdoor Light ||16 X 6.5 X 4.5 c...","home-kitchen","Duplicate product title fingerprint"
"Care 4 Zoom able 5 Mode led-XML-T 650 Torch  (Black : Rechargeable) t-650","home-kitchen","Missing both actual and discount prices"
"Philips 12V 50W 7027 G6.35 Low Voltage Halogen / OT Projection Lamp / Microscope Lamp / Mirchi Lamp / Bi Pin Halogen Non-R...","home-kitchen","Duplicate product title fingerprint"
"kinis 6 Light Tree Cutting Design Jhoomer/Chandelier/Jhoomer Hanging Light/Jhoomer Ceiling Light to Décor Home/Living Roo...","home-kitchen","Duplicate ASIN"
"Sampton Best Super Bright Rechargeable Head Torch Hands Free Flashlight LED Lamp Water Resistant Drop Resistant Head Lamp ...","home-kitchen","Suspicious image reuse across different departments"
"JUBILEE TRADERS S4 20-Watts Crystal Round Ceiling Lamp, Gold.(Ac)","home-kitchen","Duplicate ASIN"
"Top Selling Product Happy Birthday neon Sign/Happy Birthday Light/Happy Birthday led neon Light","home-kitchen","Duplicate ASIN"
"Halonix Glitter 1W Rechargeable led Emergency Cum Pocket Flashlight Torch, with USB Charging, high Brightness","home-kitchen","Duplicate ASIN"
"PINDIA Automatic Night Sensor Mushroom LAMP with Free 1PC Cable Winding Fish (Random Color)","home-kitchen","Duplicate ASIN"
"D'Mak 15W LED Panel Light (Warm White/Yellow) -Pack of 10","home-kitchen","Duplicate ASIN"
"ATHASU DECOR Gate Light Design Aluminium Casting Water Proof Gate lamp E27 Holder Type for Home and Garden-Electricity","home-kitchen","Duplicate ASIN"
"GreyWings Vintage Hanging Triangle Pendant Ceiling Light Lamp with Filament Bulb - Pack of 2 (Black,Metal)","home-kitchen","Duplicate ASIN"
"VENEKETY Metal LED Torch Flashlight XML T6 Water Resistance 5 Modes Adjustable Focus Rechargeable Torch Handheld Light Zoo...","home-kitchen","Duplicate ASIN"
"Philips Astra Glow 10-watt Round LED Downlighter | Recessed LED Downlight for False Ceiling | LED Ceiling Light for Home a...","home-kitchen","Duplicate ASIN"
"ONECYA ROYAL FANCY Decoration New Fancy Ceiling Lamp with Fixtures and Fitting Set of 2","home-kitchen","Duplicate ASIN"
"Lyse Decor Unbreakable PVC & Water Proof Outdoor/Exterior Gate Light, Pole Light, Pillar Lamp, Garden Light_Pack of 1","home-kitchen","Duplicate ASIN"
"wipro Polycarbonate Garnet Base B22 9-Watt LED Bulb (Warm White)","home-kitchen","Duplicate ASIN"
"ak Royal Craft Light Jute Shade for Floor Lamp (12X12X8) for Living Room Red Shade","home-kitchen","Duplicate ASIN"
"Kuber Industries Mattress Protector Sheet|Water Resistant & DustProof|Breathable Fabric, Size 198 x 198 cm (Pink, Plastic)","home-kitchen","Duplicate ASIN"
"Huesland by Ahmedabad Cotton 144 TC Cotton Bedsheet for Double Bed with 2 Pillow Covers - Beige & Green","home-kitchen","Duplicate product title fingerprint"
"Toddylon Baby Bedding Set for New Born Play Gym Bed (0-6 Months) Blue","home-kitchen","Duplicate ASIN"
"la' amour Prime Collection Offered 180TC Single Bedsheet Size, 60X90 with 1 Matching Pillow Covers Size, 17X27 Color-Coffe...","home-kitchen","Duplicate product title fingerprint"
"Soniasaa Prime Collection Combo Pack of 2 Double Bedsheet with 4 Pillow Covers | 225 TC Soft Brushed Cotton-Blend -Long La...","home-kitchen","Duplicate product title fingerprint"
"BSB HOME Premium Double Bedsheet with 2 Pillow Covers - 160 TC Supersoft Glace Cotton - Breathable & Wrinkle Free - 3 Pcs ...","home-kitchen","Duplicate product title fingerprint"
"BSB HOME Kingston Collection Ultra King Size Bedsheets with 2 King Size Pillow Covers| Luxury Soft Sheets, Breathable, Shr...","home-kitchen","Duplicate product title fingerprint"
"Novo Baby Monthly Milestone Blanket |1 to 12 Months | Best for Newborn Boy & Girl| green| Linen| skinfriendly","home-kitchen","Duplicate product title fingerprint"
"RANGBHAR Handloom Cotton Double Bedsheet Without Pillow Covers, Woven Striped Bedcover, 90 x 100 inch, Red","home-kitchen","Duplicate product title fingerprint"
"BSB HOME Premium Cotton Elastic Fitted Bedsheets with 2 King Size Pillow Covers | Double Bed with All Around Elastic 180 T...","home-kitchen","Duplicate product title fingerprint"
"Amazon Brand - Solimo 120 TC 100% Cotton Double Bedsheet with 2 Pillow Covers, Lattice Leisure (Mauve)","home-kitchen","Duplicate product title fingerprint"
"Huesland by Ahmedabad Cotton 144 TC Cotton Bedsheet for Double Bed with 2 Pillow Covers - White & Blue","home-kitchen","Duplicate product title fingerprint"
"BeyBee Waterproof Quick Dry Sheet for Baby| Bed Pad Anti-Piling Fleece Extra Absorbent Washable Matress Protector| Baby Be...","home-kitchen","Duplicate product title fingerprint"
"BSB HOME® 2nd Gen 220 GSM Microfiber Reversible AC Comforter/Blanket for Winter/Quilt/Duvets for King Size Double Bed (230...","home-kitchen","Duplicate product title fingerprint"
"Amazon Brand - Solimo Microfibre Reversible Comforter, Single (Mellow Mauve & Royal Violet, 200 GSM)","home-kitchen","Duplicate product title fingerprint"
"BSB HOME Premium Cotton Elastic Fitted Bedsheets with 2 King Size Pillow Covers | Double Bed with All Around Elastic 180 T...","home-kitchen","Duplicate product title fingerprint"
"OYO BABY Baby Blankets New Born Combo Pack of Super Soft Baby Wrapper Baby Sleeping Bag for Baby Boys, Baby Girls, Babies...","home-kitchen","Duplicate product title fingerprint"
"Kradyl Kroft New Born Baby Pillow for Preventing Flat Head | Head Shaping Pillow with 100% Cotton Removable Cover (Cool)","home-kitchen","Duplicate ASIN"
"BSB HOME Premium Cotton Elastic Fitted Bedsheets with 2 King Size Pillow Covers | Double Bed with All Around Elastic 180 T...","home-kitchen","Duplicate product title fingerprint"
"Huesland by Ahmedabad Cotton 144 TC Cotton Bedsheet for Double Bed with 2 Pillow Covers - Grey, Blue & White","home-kitchen","Duplicate product title fingerprint"
"Mamaearth Anti Mosquito Fabric Anti mosquito roll on, 8ml and Mamaearth Natural Repellent Mosquito Patches for Babies, Whi...","home-kitchen","Duplicate ASIN"
"BSB HOME Premium Cotton Elastic Fitted Bedsheets with 2 King Size Pillow Covers | Double Bed with All Around Elastic 180 T...","home-kitchen","Duplicate product title fingerprint"
"Amazon Brand - Solimo 120 TC 100% Cotton Double Bedsheet with 2 Pillow Covers, Balmy Bricks (Blue)","home-kitchen","Duplicate product title fingerprint"
"RajasthaniKart Comfort Rajasthani Jaipuri Traditional Sanganeri Print 144 TC Cotton 2 Pillow Covers (Blue, Standard Size)","home-kitchen","Duplicate product title fingerprint"
"la' amour Prime Collection Offered 180TC Single Bedsheet Size, 60X90 with 1 Matching Pillow Covers Size, 17X27 Color-Dark ...","home-kitchen","Duplicate product title fingerprint"
"BSB HOME Premium Double Bedsheet with 2 Pillow Covers - 160 TC Supersoft Glace Cotton - Breathable & Wrinkle Free - 3 Pcs ...","home-kitchen","Duplicate product title fingerprint"
"BeyBee Waterproof Quick Dry Sheet for Baby| Bed Pad Anti-Piling Fleece Extra Absorbent Washable Matress Protector| Baby Be...","home-kitchen","Duplicate product title fingerprint"
"BSB HOME 100% Cotton Feel Flat Double Bedsheets with 2 King Size Pillow Covers | Double Bed Breathable | Wrinklefree | Ult...","home-kitchen","Duplicate product title fingerprint"
"BSB HOME Premium Forever Modern Style Glace Cotton Floral Luxurious Beautiful Soft Comfort Designer Floral Pattern 1 Singl...","home-kitchen","Duplicate product title fingerprint"
"RajasthaniKart Cotton 144TC Pillow Cover (Standard_Red)","home-kitchen","Duplicate ASIN"
"BSB HOME Premium 100% Microfiber Elastic Fitted Bedsheets with 2 Pillow Covers | Double Bed with All Around Elastic 180 TC...","home-kitchen","Duplicate product title fingerprint"
"BSB HOME Premium Forever Modern Style Glace Cotton Floral Luxurious Beautiful Soft Comfort Designer Floral Pattern 1 Singl...","home-kitchen","Duplicate product title fingerprint"
"Bombay Dyeing 104 GSM Microfiber Blue Double Bedsheet with 2 Pillow Covers","home-kitchen","Duplicate product title fingerprint"
"BSB HOME Premium Double Bedsheet with 2 Pillow Covers - 160 TC Supersoft Glace Cotton - Breathable & Wrinkle Free - 3 Pcs ...","home-kitchen","Duplicate product title fingerprint"
"BSB HOME Premium Double Bedsheet with 2 Pillow Covers - 160 TC Supersoft Glace Cotton - Breathable & Wrinkle Free - 3 Pcs ...","home-kitchen","Duplicate product title fingerprint"
"RD TREND King Size Glace Cotton All Over Elastic Fitted Double Bedsheet with 2 Pillow Covers - Beige","home-kitchen","Duplicate product title fingerprint"
"BSB HOME Premium Cotton Elastic Fitted Bedsheets with 2 King Size Pillow Covers | Double Bed with All Around Elastic 180 T...","home-kitchen","Duplicate product title fingerprint"
"Soniasaa Prime Collection Combo Pack of 2 Double Bedsheet with 4 Pillow Covers | 186 TC Soft Brushed Glace Cotton -Long La...","home-kitchen","Duplicate product title fingerprint"
"Craftino Premium Export Print Single Bed Reversible AC Blanket/Dohar Set of 1Pc (Blue)","home-kitchen","Missing both actual and discount prices"
"RD TREND Presents Glace Cotton 180TC Single Bedsheets(Size-90 X 60 Inch) with 1 Pillow Covers(Size-18 X 28) (Beige)","home-kitchen","Duplicate product title fingerprint"
"TYNOR Travel Pillow, Grey, Universal Size, 1 Unit","home-kitchen","Duplicate ASIN"
"Trident Comfort Living 120 Thread Count 100% Cotton Bedsheet, Single Size, Tim Brown","home-kitchen","Duplicate product title fingerprint"
"haus & kinder Pastel Colors Warmth Microfibre Reversible Comforter for Winter, Single Bed Size, Pink Stripe","home-kitchen","Duplicate ASIN"
"BSB HOME® 100% Cotton Ultrasonic 280 Tc Solid King Size Quilted Bed Cover/Bedsheet with 2 Pillow Case, (Luxurious, Pink, 9...","home-kitchen","Duplicate product title fingerprint"
"Rulit 220 TC Microfiber Glace Cotton Double Bedsheet with 2 Pillow Covers Queen Size Black Smile Yellow Pattern Bedsheet","home-kitchen","Duplicate ASIN"
"Amazon Brand – Umi Super Soft Brushed Microfiber Cotton 72X78(Inches) 6X6.5(Feet) Fitted Bedsheet with 2 Pillow Covers,All...","home-kitchen","Duplicate product title fingerprint"
"Huesland by Ahmedabad Cotton 144 TC Cotton Single Bedsheet with 1 Pillow Cover - Blue","home-kitchen","Duplicate product title fingerprint"
"MOM'S HOME Organic Cotton Baby Muslin Swaddle - 0-12 Months - Pack of 3 - Fruits","home-kitchen","Duplicate product title fingerprint"
"Trident Comfort Living 120 Thread Count 100% Cotton Bedsheet, Queen Size, Butta Brown","home-kitchen","Duplicate product title fingerprint"
"BSB HOME® 2nd Gen 220 GSM Microfiber Reversible AC Comforter/Blanket for Winter/Quilt/Duvets for King Size Double Bed (230...","home-kitchen","Duplicate product title fingerprint"
"BSB HOME Premium Cotton Elastic Fitted Bedsheets with 2 King Size Pillow Covers | Double Bed with All Around Elastic 180 T...","home-kitchen","Duplicate product title fingerprint"
"BSB HOME Premium 100% Microfiber Elastic Fitted Bedsheets with 2 Pillow Covers | Double Bed with All Around Elastic 180 TC...","home-kitchen","Duplicate product title fingerprint"
"Riyashree Organic Cotton Silky Soft 3D Bhagalpuri Dull chadar Designer Blanket & Duvet (52 * 94 in) Combo (Pack of 2) RIDu...","home-kitchen","Duplicate product title fingerprint"
"Sofrito Micro Cotton Fitted Bedsheet - (42""x78"" - inches) with 1 Pillow Cover - All Around Elasticized - Shrinkage and Fad...","home-kitchen","Duplicate ASIN"
"Coca-Cola Zero Sugar, No Calories Soft Drink Can, 300 ml","grocery","Price below minimum retail threshold (₹90)"
"B Natural Guava Juice, Goodness of Fiber, 1 Litre","grocery","Price below minimum retail threshold (₹90)"
"Dabur Hommade Lemoneez- Goodness of 33 lemons - 250 ml","grocery","Price below minimum retail threshold (₹90)"
"Thums Up Soft Drink PET Bottle, 2.25 L","grocery","Price below minimum retail threshold (₹90)"
"Brooke Bond, Red Label, 100g","grocery","Price below minimum retail threshold (₹90)"
"FANTA®️ Orange Flavored Cold Drink | Soft Drink with Added Orange Flavour | Delicious Orangey Flavor| Recyclable PET Bottl...","grocery","Price below minimum retail threshold (₹90)"
"Paper Boat Swing Zesty Pomegranate Juice, Enriched with Vitamin D, No Gmos, 600 ml","grocery","Price below minimum retail threshold (₹90)"
"Paper Boat Swing Lush Lychee Juice, Litchi Drink Enriched with Vitamin D, No Gmos, 600 ml","grocery","Price below minimum retail threshold (₹90)"
"7 Up Soft Drink - 2.25L Bottle","grocery","Price below minimum retail threshold (₹90)"
"Fresh Tender Coconut large 1 piece (approx.1.6 kg)","grocery","Price below minimum retail threshold (₹90)"
"Paper Boat Swing Slurpy Mango Juice, Enriched with Vitamin D, No Gmos, 600 ml","grocery","Price below minimum retail threshold (₹90)"
"Pepsi Mountain Dew Soft Drink Bottle, 750 ml","grocery","Price below minimum retail threshold (₹90)"
"Tata Tea Premium | Desh Ki Chai | Unique Blend Crafted For Chai Lovers Across India | Black Tea | 500g","grocery","Duplicate product title fingerprint"
"Pepsi Soft Drink, 750 ml","grocery","Price below minimum retail threshold (₹90)"
"Tata Tea Agni | Strong chai With 10% Extra Strong Leaves | Black Tea | 250g","grocery","Price below minimum retail threshold (₹90)"
"Pepsi Black, 250ml Slim Can","grocery","Price below minimum retail threshold (₹90)"
"Paper Boat Chocolate Milkshake, Enriched with Vitamin D, No Added Preservatives and Colours (180 ml)","grocery","Price below minimum retail threshold (₹90)"
"Amulya Dairy Whitener 200g Refill","grocery","Price below minimum retail threshold (₹90)"
"GO DESi Popz Real Aam - 10 Pieces","grocery","Price below minimum retail threshold (₹90)"
"So Good Soy Beverage Essential, 200 ml","grocery","Price below minimum retail threshold (₹90)"
"Tropicana Litchi Delight Tetra Fruit Juice, 200ml","grocery","Price below minimum retail threshold (₹90)"
"Aquafina Drinking Water - 1L Bottle","grocery","Price below minimum retail threshold (₹90)"
"FRESH & HONEST Awake Filter Coffee Powder 70: 30 Blend, 200g","grocery","Price below minimum retail threshold (₹90)"
"Raw Pressery Coconut Water Aloe Vera Lemon, 200 ml","grocery","Missing both actual and discount prices"
"Patanjali Giloy Juice, 500ml","grocery","Price below minimum retail threshold (₹90)"
"Storia 100% Fruit Juice- Mango- No Added Sugar & No Preservatives- 200 ml PET Bottle, Yellow","grocery","Price below minimum retail threshold (₹90)"
"Tata Agni Leaf Tea, 100g","grocery","Price below minimum retail threshold (₹90)"
"Sri Sri Tattva Karela Jamun Juice - Ayurvedic Juice to Help Maintain Healthy Sugar Levels - 100% Natural - No Added Sugar...","grocery","Duplicate product title fingerprint"
"Girnar Masaledar Limbooz 180g","grocery","Price below minimum retail threshold (₹90)"
"Mogu Mogu Strawberry Juice 25% with NATA De Coco, 300ml","grocery","Price below minimum retail threshold (₹90)"
"137 Degrees Almond Drink Unsweetened 1 Litre - Non Dairy , Vegan, Lactose Free, Gluten Free (Pack of 2), Pale Brown","grocery","Missing both actual and discount prices"
"Premium Stinging Nettle Leaves Tea-Medium -Direct from Uttarakhand Farms 100gm","grocery","Missing both actual and discount prices"
"SAARA Orithal Thamarai Powder No Added flavor, 25g ( Pack Of 25g X 1 )","grocery","Price below minimum retail threshold (₹90)"
"Octavius Ginger/Adrak Chai Premix Tea | On the Go Instant Premix Tea | Ready to use Milk Tea | Ready Tea | 1 Min Tea |Inst...","grocery","Duplicate product title fingerprint"
"Chetran’s Soy Milk Strawberry 200 ML  | Gluten Free | Cholesterol Free | High Protein","grocery","Price below minimum retail threshold (₹90)"
"Taster's Choice House Blend Nescafe Instant Coffee (7 oz)","grocery","Missing both actual and discount prices"
"Auric Skin Hair Weight Combo Kit (Beauty Combo - Pack Of 24 Bottles)","grocery","Duplicate ASIN"
"Laven Noni Gold Juice 800ml","grocery","Duplicate ASIN"
"Chetran’s Soy Milk Strawberry 200 ML  | Gluten Free | Cholesterol Free | High Protein","grocery","Price below minimum retail threshold (₹90)"
"Truedreamall Real & Fresh Cranberry Juice (Concentrate Juice)750ml","grocery","Duplicate ASIN"
"Coca Cola Zero Sugar IMPORTED 330ml, pack of 24","grocery","Duplicate ASIN"
"BASIC AYURVEDA Lauki Juice (Bottle Gourd Juice) With Basil (Tulsi) & Mint (Pudina) 1000ml | First Press Virgin Juice | Nat...","grocery","Duplicate ASIN"
"Nourish Noni Kokum Juice 1 Ltr","grocery","Duplicate ASIN"
"KOPIKO CAFE BLEND CAPPUCCINO All IN 1 Premix Instant Coffee - 125 gm(Pack of 3) |5 Sachets in Each|","grocery","Duplicate ASIN"
"AL MASNOON Arabic Emarati Qahwa | Emarati Coffee Dark raosted | a Perfect Blend of Emirates Blend Rich with Saffron & Card...","grocery","Duplicate ASIN"
"Royal Regime Tea Herbs Weight Loss Diet 25 Tea Bags By Regime Tea","grocery","Duplicate ASIN"
"Mala's Fruit Crush Strawberry, 750ml","grocery","Duplicate ASIN"
"San Pellegrino Sparkling Natural Mineral Water, 750 ml","grocery","Duplicate ASIN"
"Nescafé Ipoh White Coffee ""Oh So Creamy"" Premix Instant Coffee for Deliciously Milky, Creamy and Aromatic Coffee with a Ri...","grocery","Duplicate ASIN"
"Saint Ayurveda® Sugar Control Herbal Tea for Diabetics - Ayurvedic Herbs only (100gm)","grocery","Duplicate ASIN"
"SHREEJI Elaichi Kesar Syrup Mix with Milk PET Bottle, 500 ml","grocery","Duplicate ASIN"
"Mala's Fruit Mocktail Syrup, Blue Curacao Mocktail, 750ml & Whole Crush 750ml, Pineapple, 1 count","grocery","Duplicate product title fingerprint"
"Atlantis 3 in 1 Instant Kadak Cardamom Tea and Coffee Premix Powder Combo (Contains Tea, Coffee, Milk and Sugar) 2 Kg each...","grocery","Duplicate product title fingerprint"
"Minnitz Fresh and Delicious Watermelon Juice Powder | Instant Mix | High Protien | |No Added Preservatives | No Chemical 1...","grocery","Duplicate ASIN"
"Chaizup Instant Premix Ginger Tea | Karak Chai with Adrak & Low Sugar | Ginger Flavor | 10 Sachets | Adrak Chai | Masala G...","grocery","Duplicate product title fingerprint"
"Illy Intenseo Bold Roast Espresso 100% Arabica Coffee Capsules - Compatible with Nespresso - 10 Capsules","grocery","Duplicate ASIN"
"Colombian Brew Hazelnut Café Latte, Instant Coffee Powder Pre-mix (3 in 1) 1kg","grocery","Duplicate ASIN"
"Guru Ji Herbal Lemon Tea","grocery","Missing both actual and discount prices"
"Kashmiri Kahwa 100 Gm | Natures Organica Kashmiri Kahwa Green Tea with Pure with Pure Saffron, Cardamom, Cinnamon and Rose...","grocery","Missing both actual and discount prices"
"Best Assam Tea,Golaghat Supreme Tea 250 gram","grocery","Price below minimum retail threshold (₹90)"
"Limca, 750ml","grocery","Price below minimum retail threshold (₹90)"
"Woodi Peck’s Bag 100% Pure Coffee Powder ""Plush"" 250Gms.","grocery","Duplicate ASIN"
"&Stirred Cocktail Mix - Assorted Vodka Cocktail Mixer, Combo Pack of 6","grocery","Missing both actual and discount prices"
"Nescafe Classic - Coffee, 25g Jar","grocery","Duplicate ASIN"
"Zenzi Sparkling Water - Watermelon Mint Pack of 4 (350ml Each) | 100% Natural Unsweetened Soda Water | Zero Sugar & Zero C...","grocery","Duplicate ASIN"
"Sprite, 250ml","grocery","Price below minimum retail threshold (₹90)"
"BRU Instant Coffee Sachet,Ground, 8g","grocery","Price below minimum retail threshold (₹90)"
"Coffee People Premium Authentic 100% ‘A’ grade Arabica Blend Filter coffee decoction Liquid from Chikkamagaluru |No Robust...","grocery","Duplicate ASIN"
"Roasted Coffee Beans 750 Gram (Peaberry Medium Roast)","grocery","Missing both actual and discount prices"
"&Stirred Cocktail Mix - Bloody Mary Cocktail Mixer for Vodka, Combo Pack of 6","grocery","Missing both actual and discount prices"
"Coca-Cola Zero Sugar, No Calories Soft Drink Can, 300 ml (Pack of 6)","grocery","Duplicate product title fingerprint"
"Thums Up 250ml","grocery","Price below minimum retail threshold (₹90)"
"AZOIC Instant Tea Premix - Ginger (Adrak) Flavour | Instant Tea | Tea Premix | Masala Tea | Masala Chai | Flavored Tea (1 ...","grocery","Missing both actual and discount prices"
"SAARA Avarampoo Powder Senna Auriculata - Herbal Tea - Rose Tea - No Added Flavor,51 Grams (Pack 0f 51g X 1)","grocery","Price below minimum retail threshold (₹90)"
"Mala's Fruit Mocktail Syrup, Blue Curacao Mocktail, 750ml & Blueberry Crush, 750 ml","grocery","Duplicate product title fingerprint"
"Britannia Pineapple Plunge Cake, 50g","grocery","Price below minimum retail threshold (₹90)"
"Cadbury Chocobakes Choc Filled Cookies, 150 g","grocery","Price below minimum retail threshold (₹90)"
"Britannia Marie Gold Marie Gold Biscuits Pouch, 468g +117g extra or 480g+120g (Weight May Vary)","grocery","Price below minimum retail threshold (₹90)"
"Parle Rusk Premium Elaichi Flavour, 400g","grocery","Price below minimum retail threshold (₹90)"
"Britannia Toastea Premium Bake Rusk 250g","grocery","Price below minimum retail threshold (₹90)"
"Cadbury Bournvita Biscuits, 250g Tiffin Pack","grocery","Price below minimum retail threshold (₹90)"
"Britannia 50-50 Maska Chaska, 40.5g","grocery","Price below minimum retail threshold (₹90)"
"Britannia Good Day Butter Cookies, 60g or (53g+15g)","grocery","Price below minimum retail threshold (₹90)"
"Kurkure Yummy Cheese Puffcorn Namkeen, 28g","grocery","Price below minimum retail threshold (₹90)"
"Lay's Potato Chips 24g/27g, West Indies Hot 'n' Sweet Chilli flavour, Crunchy Chips & Snacks (weight may vary )","grocery","Price below minimum retail threshold (₹90)"
"Cadbury Oreo Chocolate flavour Cookie Sandwich Cream Biscuit Family pack (288.75g, Pack of 3 x 96.25g / 300g , Pack of 3 x...","grocery","Price below minimum retail threshold (₹90)"
"MTR 3 Mins Breakfast Poha Pouch 60g","grocery","Price below minimum retail threshold (₹90)"
"Kurkure Namkeen Chips, Chilli Chatka Flavour, Crispy Spicy Chips & Snacks, 75g","grocery","Price below minimum retail threshold (₹90)"
"Haldiram's Nagpur Aloo Bhujia, 350g+50g Extra","grocery","Price below minimum retail threshold (₹90)"
"Dark Fantasy Sandwich Sunfeast Dark Fantasy Choco Creme Dark Crunch with Smooth Creme Pouch, 300 g","grocery","Price below minimum retail threshold (₹90)"
"Cadbury Oreo Chocolate flavour Cookie Sandwich Cream Biscuit (43.75g / 46.3g grammage may vary)","grocery","Price below minimum retail threshold (₹90)"
"Haldiram's Nagpur Khari Boondhi, 200g","grocery","Price below minimum retail threshold (₹90)"
"Dukes Waffy - Chocolate flavoured creamy & crunchy Wafers (60g)","grocery","Price below minimum retail threshold (₹90)"
"Sunfeast Farmlite 5 Seed Digestive Biscuit | High fibre | Goodness of 5 Power Seeds and Wheat Fibre, 250g","grocery","Price below minimum retail threshold (₹90)"
"Lay’s Gourmet Kettle Chips 55g, Vintage Cheese & Paprika flavour, Premium Slow-Cooked Potato Chips, Chips and Snacks","grocery","Price below minimum retail threshold (₹90)"
"Haldiram's Namkeen - Khatta Meetha, 220g","grocery","Price below minimum retail threshold (₹90)"
"Haldirams Namkeem - Punjabi Tadka, 200g Pack","grocery","Price below minimum retail threshold (₹90)"
"Sunfeast Dark Fantasy Choco Crème, 100g Pack | Dark crunch with Smooth crème","grocery","Price below minimum retail threshold (₹90)"
"Lijjat Papad - Udad, 200g","grocery","Price below minimum retail threshold (₹90)"
"Mother's Recipe Chana Masala Papad (7"") Pouch, 180 g","grocery","Price below minimum retail threshold (₹90)"
"Unibic Sugar Free Cashew , 75g","grocery","Price below minimum retail threshold (₹90)"
"Lion Deseeded Dates - 100% Natural, 200g Pouch","grocery","Price below minimum retail threshold (₹90)"
"Nutzy Premium Raisins (Black Raisins/ Kali Darakh, 250g)","grocery","Price below minimum retail threshold (₹90)"
"Mothers Recipe Sabudana Papad Pouch, 70 g","grocery","Price below minimum retail threshold (₹90)"
"Dukes Crème 4 Fun Strawberry flavoured Sandwich Biscuits (150gm)","grocery","Price below minimum retail threshold (₹90)"
"Too Yumm! Rings Tomato Twist 75/70 gm(Weight May Vary)","grocery","Price below minimum retail threshold (₹90)"
"Kurkure Snacks, Solid Masti Masti, 90g Pouch","grocery","Price below minimum retail threshold (₹90)"
"Happilo Premium Super Snack Makhana Cream & Onion 60g, Roasted Foxnut Healthy Snack Low Calorie Gluten Free and Vegan","grocery","Price below minimum retail threshold (₹90)"
"Nature Prime Afghani Anjeer - 500 gram | Dried Figs | Dry Fruit for Good Immunity - Fig/Afghanistan Anjir Dry Fruit","grocery","Duplicate product title fingerprint"
"FULSOME - Raw Flax Seeds (100G - Sprinkler Jar) - 2 Units","grocery","Price below minimum retail threshold (₹90)"
"Jabsons sabudana mix 180g","grocery","Price below minimum retail threshold (₹90)"
"Lay’s Gourmet Kettle Chips 80g, Vintage Cheese & Paprika flavour, Premium Slow-Cooked Potato Chips, Chips and Snacks","grocery","Price below minimum retail threshold (₹90)"
"McVitie's Wholewheat Marie biscuits with Goodness of Calcium, 195g","grocery","Price below minimum retail threshold (₹90)"
"Monsoon Harvest Crunchy granola Bars Cranberry & Orange, 40 g","grocery","Price below minimum retail threshold (₹90)"
"Cornitos Peri Nachos and Salsa Dip Tray, 70 g","grocery","Price below minimum retail threshold (₹90)"
"Organic Box Pistachios Nut (Salted Pista) Roasted 100% Pure Natural Irani Pista (500 Gram)","grocery","Duplicate ASIN"
"Daadi's Khakhra, Chilli Kothmir, 50g","grocery","Price below minimum retail threshold (₹90)"
"EXOTES, Green Raisins Vacuum Packed Popular Pouch g, 250 gram","grocery","Price below minimum retail threshold (₹90)"
"TRYSOME SORGUM MILLET (JAWAR CHIWDA) WITH BEETROOT MIX.","grocery","Missing both actual and discount prices"
"Trysome Roasted Multi Millets Murmura Mix, Gluten free Millets Murmura (Mixture of Murmura made up of Pearl Millet, Sorgum...","grocery","Missing both actual and discount prices"
"Cadbury Oreo Original Vanilla Creme Biscuit, 46.3g","grocery","Price below minimum retail threshold (₹90)"
"TRYSOME MAKHANA CHIWDA VEGETABLE MIX.","grocery","Missing both actual and discount prices"
"Masala Bhelpuri Bambaiya (325 g)","grocery","Missing both actual and discount prices"
"Nourish Organics Oats Cranberry Cookies, 130g","grocery","Missing both actual and discount prices"
"PRAGYA DRY FRUITS Tutti Frutti for Cake 400gm | Tuti Fruti | Cherries | Cherry","grocery","Price below minimum retail threshold (₹90)"
"Dilbahar's Yummy Digestive Jeera Goli 220g & Anardana Goli 210g Combo Pack of 2)","grocery","Duplicate ASIN"
"Prolicious 2X Protein Methi Flavour Khakra | NO Palm Oil | Crispy | Ready to Eat | Flavourful | High Protein Healthy Eveni...","grocery","Duplicate ASIN"
"Sunfeast Bounce Cream Tangy Orange, 82g Pack of 20","grocery","Duplicate ASIN"
"Nourish Organics Oats Cranberry Cookies, 130g","grocery","Missing both actual and discount prices"
"SAHU GAJAK BHANDAR Crispy Gajjak 400g | Chikki | Gazak | Gachak | Gazzak | Tilkut | Sesame Bar | Jaggery Sweets & Snacks |...","grocery","Duplicate ASIN"
"Yogabar Variety Combo Pack - (Protein Bar Variety Box - 6 x 60 g and Snack Bar Variety Pack - 10 x 38 g and Breakfast Vari...","grocery","Duplicate ASIN"
"BOLA Jumbo Sized Cashew W180 1Kg (2x500g)","grocery","Duplicate ASIN"
"Nutribee 100% Multigrain Millet Rusk - Chilli Garlic | Refined Sugar-Free | Healthy Diet Toast | No Maida and Sugar | No P...","grocery","Duplicate ASIN"
"Nutraj Premium Dry Fruits Combo Pack of Cashews & Raisins 250g Each | Kaju | Kishmish | Combo Pack | Nutritious & Deliciou...","grocery","Duplicate ASIN"
"Dhampure Speciality Gur Jaggery Atta Cookies Biscuit, 400grams (2 x 200g) | Pure Gur Gud Bakery Whole Wheat Flour Baked Co...","grocery","Duplicate ASIN"
"Nxtgen Ayurveda Niger Seeds Raw 200g- Pack of 2 (400 gm)","grocery","Duplicate ASIN"
"Nutzy Premium Dried Fruits (Green Raisins/ Kishmish, 200)","grocery","Price below minimum retail threshold (₹90)"
"Flax Seed (Alsi) Powder 200g (Plain)","grocery","Price below minimum retail threshold (₹90)"
"Nutri Desire Dry Figs Anjeer 1kg","grocery","Duplicate ASIN"
"NRIP Golden Shaheen Zahidi Dates (Khajur) 200 Gm","grocery","Price below minimum retail threshold (₹90)"
"Bikaji SOYA Sticks - Masala Munch, 200g Pouch","grocery","Price below minimum retail threshold (₹90)"
"Kanwarji Dalbijiwala Aloo Lachha Lal-Medium Spicy (500 G)","grocery","Missing both actual and discount prices"
"JABSONS SOYA STICKS MAGIC MASALA 180GM","grocery","Price below minimum retail threshold (₹90)"
"Sunfeast Marie Light, 300 g","grocery","Price below minimum retail threshold (₹90)"
"Dried Treats Premium Almonds (Kagzi Almonds, 250g)","grocery","Price below minimum retail threshold (₹90)"
"Happilo Premium Dried Super Mix Berries 35g | Tasty & Healthy Berries | Rich in Antioxidant | Dried Strawberries, Cranberr...","grocery","Price below minimum retail threshold (₹90)"
"Monsoon Harvest Crunchy granola Bars Dark Chocolate & Espresso, 40 g","grocery","Price below minimum retail threshold (₹90)"
"Gladful Try Them All Choco-chip, Cashew & Coconut Protein Cookies - Biscuits Pack for kids and families (80g , Pack of 8)","grocery","Duplicate product title fingerprint"
"Vimal Elaichi Saffron Blended | Premium | Elaichi Dana | Fresh Breath | Silver Cardamom| Mouthfreshner | Pure Cardamom | (...","grocery","Missing both actual and discount prices"
"SAARA : Sabja Seeds l Basil Seeds,100 gm","grocery","Price below minimum retail threshold (₹90)"
"SAARA Chia Seed / Raw Chia Seed / Diet Food / Healthy Snack 50g","grocery","Price below minimum retail threshold (₹90)"
"GET FRESH Peanuts Roasted Salted Peanuts Seed Bharuch Gujrat Special Mungfali Dana Namkeen Skin Removed (1800 Gram)","grocery","Duplicate product title fingerprint"
"Nourish Organics Active Flax Seeds 180Gr","grocery","Missing both actual and discount prices"
"Happilo Premium International Chilean Inshell Walnuts 500g | With Shell | Extra White Walnut | Resealable Package | All Na...","grocery","Duplicate ASIN"
"ketosy Premium and fresh Brazil Nuts, 200g","grocery","Duplicate ASIN"
"Jabsons Gujarati Namkeen Bhavnagari Ganthiya -120g| Rispy Namkeen | Ready to Eat | Chai Time Snacks","grocery","Price below minimum retail threshold (₹90)"
"Mr. Makhana Roasted Makhana & Foxnuts : Himalayan Salt & Pepper, Piri Piri Paradise, Butter Tomato (3x75 gm) | Gluten Free...","grocery","Duplicate product title fingerprint"
"Atipriya Home Made Sweet Winter Special Peanut and Jaggery Chikki | Punjabi Gud Moongfali Patti | Gur Mungfali Chiki (Crun...","grocery","Missing both actual and discount prices"
"Patanjali Digestive Whole Wheat Biscuits, 250g","grocery","Price below minimum retail threshold (₹90)"
"Milan Special Supari - 1 Bottle | Small and Soft Pieces | Burst of Flavours | Fine Quality Since 1962 | Mouth freshener | ...","grocery","Missing both actual and discount prices"
"Immunit No Maida Almond Barnyard Millet Cookies | Sweetened with Palm Jaggery, Vegan, No Refined Sugar, No Preservatives, ...","grocery","Price below minimum retail threshold (₹90)"
"Lays Potato Chips- American Style Cream & Onion Flavour| 90 GMS| Chips and Snacks","grocery","Price below minimum retail threshold (₹90)"
"Aazol Jumbo Black Raisins: Nashik's Famed Seedless Kismis - 250g | Premium Seedless Dryfuit | Pantry Essential Improves Sk...","grocery","Non-food product in Grocery"
"Immunit Gluten Free, Low Fat Roasted Moong Jor | Healthy & tasty office/party snack, No Preservatives, 150 Grams","grocery","Price below minimum retail threshold (₹90)"
"Unjunk by Kesar Sweets| Chaat Papdi / Sev Puri / Chaat Puri / Chat Papdi / Chat Puri / Bhalla Puri / Sev Poori / Dahi Papr...","grocery","Missing both actual and discount prices"
"GreenFinity Fresh Whole Roasted Salted Pistachios | Salted Pista With Shell - 250gm","grocery","Duplicate product title fingerprint"
"Raams' Fox Nuts (Phool Makhana) 250g | Makhana Healthy Snacks | Lotus Seeds and Fox Nuts | Diet Food | Gluten Free | Organ...","grocery","Duplicate product title fingerprint"
"Pipo Butter Lovers 150 Gm Popcorn Pouch(Pack of 1)","grocery","Price below minimum retail threshold (₹90)"
"Jabsons Namkeen Gujarati Mix -200 g| Crunchy Mix| Namkeen | Chai Time Namkeen","grocery","Price below minimum retail threshold (₹90)"
"Cadbury Chocobakes Choco Chip Cookies, 83g","grocery","Price below minimum retail threshold (₹90)"
"Happilo Premium Walnuts Healthy Dry Fruit Energy Bar 35g, Healthy Snack, High in Protein Nuts, No Added Sugar, better than...","grocery","Price below minimum retail threshold (₹90)"
"Svasti Roasted Bhakhri (Methi) - Pack of 4, 200 gms. each","grocery","Duplicate ASIN"
"Lay's Potato Chips India's Magic Masala Party Pack, 167g Pack","grocery","Price below minimum retail threshold (₹90)"
"Organic Tattva, Organic Wheat Dalia / Daliya, 500g","grocery","Price below minimum retail threshold (₹90)"
"Kellogg's Chocos Variety Pack 168g | Breakfast Cereal for Kids","grocery","Price below minimum retail threshold (₹90)"
"Catch Red Chilli Powder, 100g","grocery","Price below minimum retail threshold (₹90)"
"Fresh Baby Orange Nagpur, 1kg","grocery","Missing both actual and discount prices"
"Britannia Milk Bikis Biscuits, 170.5g or 190.5g","grocery","Price below minimum retail threshold (₹90)"
"Cadbury Dairy Milk Crispello Chocolate Bar, 35 g","grocery","Price below minimum retail threshold (₹90)"
"TE-A-ME Purify Green Tea, 100 Tea Bags | Green tea bags 100 pcs | Green Tea | Green Tea 100 Tea Bag Pack","grocery","Duplicate ASIN"
"Parle Monaco Classic, 400g","grocery","Price below minimum retail threshold (₹90)"
"Tata Tea Premium Teaveda | Premium Assam Tea Leaves | With Goodness of Time-tested Indian Ingredients -Tulsi, Elaichi, Gin...","grocery","Duplicate ASIN"
"Dabur Hommade Lemoneez- Goodness of 33 lemons - 250 ml","grocery","Price below minimum retail threshold (₹90)"
"Fresh Organic Ginger, 100g","grocery","Price below minimum retail threshold (₹90)"
"Herbalife Nutrition Natural Tulsi Afresh Energy Drink Mix","grocery","Duplicate ASIN"
"Thums Up Soft Drink PET Bottle, 2.25 L","grocery","Price below minimum retail threshold (₹90)"
"Tata Sampann Chaat Masala with Natural Oils, Crafted by Chef Sanjeev Kapoor, 100g","grocery","Price below minimum retail threshold (₹90)"
"Brooke Bond, Red Label, 100g","grocery","Price below minimum retail threshold (₹90)"
"Goodricke Roasted Darjeeling Tea - 250 gm | Whole Leaf Tea | 100% Pure & Original Darjeeling Long Leaf Tea | Flavoury Gold...","grocery","Duplicate ASIN"
"Glucon-D Instant Energy Health Drink Tangy Orange - 450Gm Refill","grocery","Duplicate ASIN"
"Sunfeast Dark Fantasy Bourbon Classic With Real Chocolate, 100g","grocery","Price below minimum retail threshold (₹90)"
"Sunfeast Dark Fantasy Choco Nut Fills, 75g | Original Filled Cookies with Nuts","grocery","Price below minimum retail threshold (₹90)"
"UPF Healthy Brown Eggs, 6 Pieces| Veg Fed| Non-Fertile Eggs","grocery","Price below minimum retail threshold (₹90)"
"Cup Noodles Mazedaar Masala, 70g","grocery","Price below minimum retail threshold (₹90)"
"veeba pasta pizza sauce 280g","grocery","Price below minimum retail threshold (₹90)"
"24 Mantra Organic Bajra Flour/Pearl Millet Flour/Sajjalu - 500gms | Pack of 1 | Chemical Free & Pesticides Free | Naturall...","grocery","Price below minimum retail threshold (₹90)"
"Cup Noodles Veggi Manchow, 70g","grocery","Price below minimum retail threshold (₹90)"
"Parle Krackjack, 400g","grocery","Price below minimum retail threshold (₹90)"
"Cadbury Dairy Milk Bites Hazelnut, 40 g","grocery","Price below minimum retail threshold (₹90)"
"Patanjali Saundarya Aloe Vera Gel, 150ml","grocery","Price below minimum retail threshold (₹90)"
"Aashirvaad Sugar Release Control Atta, 1kg Pack, Low GI (Glycemic Index) Atta for Diabetics, A Blend of Whole Wheat, Pulse...","grocery","Price below minimum retail threshold (₹90)"
"Himalaya Wellness Pure Herbs Shatavari Women's Wellness | Promotes lactation | - 60 Tablets","grocery","Duplicate ASIN"
"Tata Sampann 6 Grain Khichdi Mix, Instant Ready to Cook Mix, 180g","grocery","Price below minimum retail threshold (₹90)"
"Sunfeast YiPPee! Pasta Treat | Cheesy and Soft Suji, Rawa Pasta | Tomato Cheese | 65g Pack","grocery","Price below minimum retail threshold (₹90)"
"Fresh Groundnut, 500g","grocery","Price below minimum retail threshold (₹90)"
"Cavin's Vanilla Milkshake 200 ml","grocery","Price below minimum retail threshold (₹90)"
"Fresh Papaya Small, 1pc","grocery","Price below minimum retail threshold (₹90)"
"Amul Delicious, 500 g","grocery","Price below minimum retail threshold (₹90)"
"Haldiram's Nagpur Ratlami Sev, 200g","grocery","Price below minimum retail threshold (₹90)"
"Haldiram's Nagpur Bhujia Sev, 200g","grocery","Price below minimum retail threshold (₹90)"
"Britannia Toastea Premium Bake Rusk, 150g or 167g (Weight May Vary)","grocery","Price below minimum retail threshold (₹90)"
"Haldiram's Nagpur All in One, 200g","grocery","Price below minimum retail threshold (₹90)"
"Goodricke Roasted Organic Darjeeling Tea - 250gm | 100% Organic Whole Leaf Tea | Darjeeling Long Leaf Tea | Flavoury Golde...","grocery","Duplicate ASIN"
"Weikfield Baking Powder, 100g","grocery","Price below minimum retail threshold (₹90)"
"Mother Dairy UHT Milk, 1 Ltr","grocery","Price below minimum retail threshold (₹90)"
"Wagh Bakri Ginger Instant Tea Premix, 140g","grocery","Duplicate ASIN"
"KLF Coconad Instant Coconut Milk Powder, 1kg","grocery","Duplicate ASIN"
"MTR Upma Mix 160g","grocery","Price below minimum retail threshold (₹90)"
"Parle Rol-a-Cola, 100g","grocery","Price below minimum retail threshold (₹90)"
"UNIBIC Fruit and Nut Cookies, 75g","grocery","Price below minimum retail threshold (₹90)"
"Thums Up Soft Drink PET Bottle, 1.25 L","grocery","Price below minimum retail threshold (₹90)"
"Colgate Kids Strawberry 40g Toothpaste, Cavity Protection","grocery","Price below minimum retail threshold (₹90)"
"Parle Melody Chocolate, 195g","grocery","Price below minimum retail threshold (₹90)"
"Knorr Instant Tomato Chatpata soup 14.5g/14g/13.5g(weight may vary)| Cup a soup","grocery","Missing both actual and discount prices"
"Parle Candy Kissme Bar, 15 gm","grocery","Missing both actual and discount prices"
"Catch Meat Masala, 100g","grocery","Price below minimum retail threshold (₹90)"
"More Rawa Loose, 500g","grocery","Missing both actual and discount prices"
"Haldiram's Nagpur Bhel Puri, 150g","grocery","Price below minimum retail threshold (₹90)"
"Saffola Masala Oats, Classic Masala, 39g","grocery","Price below minimum retail threshold (₹90)"
"Mother Dairy Lassi Sweet, 200 ml","grocery","Price below minimum retail threshold (₹90)"
"Amazon Brand - Vedaka SOYA Chunks, 500 g","grocery","Price below minimum retail threshold (₹90)"
"Taj Mahal Brooke Bond, 25 Tea Bags","grocery","Price below minimum retail threshold (₹90)"
"Lay’s Gourmet Kettle Chips 55g, Thai Sweet Chilli flavour, Premium Slow-Cooked Potato Chips, Chips and Snacks","grocery","Price below minimum retail threshold (₹90)"
"Organic Tattva 'Black Mustard', Quality Rai, Naturally Processed, from Farm Picked Fresh Seeds (100 G, Pouch)","grocery","Price below minimum retail threshold (₹90)"
"Chetran's Fresh Tofu, 250 g | Dairy Paneer Alternative | High Protein","grocery","Price below minimum retail threshold (₹90)"
"SSKR Alum Phitkari Stone Fitkari Crystals - 450 Gms","grocery","Price below minimum retail threshold (₹90)"
"Molsi's Deseeded Black dates 500g","grocery","Duplicate ASIN"
"Sunfeast Dark Fantasy Choco Crème, 100g Pack | Dark crunch with Smooth crème","grocery","Price below minimum retail threshold (₹90)"
"Happilo Premium International Salted Partymix 200g | Healthy Dry Fruits Snack | Contains Kaju, Kishmish, Badam & Pista | O...","grocery","Duplicate ASIN"
"MAGGI Magic Cubes Chicken Masala, 40g | Ready Masala for Rice Dishes, Biryani, Curries & More","grocery","Price below minimum retail threshold (₹90)"
"Nature Purify Dry Fruits Festival Gift Pack - 1 Kg (Almond, Cashew, Raisins, Apricot - 250g Each)","grocery","Duplicate ASIN"
"Lijjat Papad - Udad, 200g","grocery","Price below minimum retail threshold (₹90)"
"Kissan Knorr Schezwan Sauce, 200 g","grocery","Price below minimum retail threshold (₹90)"
"Parle Platina Hide & Seek Chocolate Chip Cookies 350g / 400g (Weight May Vary)","grocery","Duplicate ASIN"
"MTR Minute Pepper Rasam Pouch, 60 g","grocery","Price below minimum retail threshold (₹90)"
"Knorr Classic Thick Tomato Soup, 51g / 53g (Weight May Vary)","grocery","Price below minimum retail threshold (₹90)"
"Naturally Grown Brinjal Varikatri, 500 g","grocery","Price below minimum retail threshold (₹90)"
"Phalada Pure & Sure Organic Cinnamon Powder 50Gms","grocery","Price below minimum retail threshold (₹90)"
"Haldiram's Delhi Khatta Meetha, 400g+40g extra","grocery","Price below minimum retail threshold (₹90)"
"MTR 3 Mins Breakfast Magic Masala Upma Pouch 60g","grocery","Price below minimum retail threshold (₹90)"
"Gits Instant Rabdi Dessert Mix, 100g","grocery","Price below minimum retail threshold (₹90)"
"Everest Masala - Pav Bhaji, 100g Carton","grocery","Price below minimum retail threshold (₹90)"
"Ching's Dark Soy Sauce, 90g","grocery","Price below minimum retail threshold (₹90)"
"Parle Platina Hide & Seek Black Bourbon Vanilla 300g","grocery","Price below minimum retail threshold (₹90)"
"Wingreens Farms Thousand Island Nozzle Pack, 200 g","grocery","Price below minimum retail threshold (₹90)"
"Fresh Chrysanthemum/Shevanti Flower Yellow, 250 g","grocery","Price below minimum retail threshold (₹90)"
"ITC Master Chef Classic Aloo Tikki, 320 g| Veg Frozen Snack| Ready to Cook","grocery","Price below minimum retail threshold (₹90)"
"Dukes Bourbon Premium chocolate flavoured sandwich biscuit (135g)","grocery","Price below minimum retail threshold (₹90)"
"Weikfield Green Chilli Sauce, 200g","grocery","Price below minimum retail threshold (₹90)"
"Fresh Gulchadi/Tuberose, 100 g","grocery","Price below minimum retail threshold (₹90)"
"Eastern Biriyani Masala Powder, 100 g","grocery","Price below minimum retail threshold (₹90)"
"Alpenliebe Pop, 64g","grocery","Price below minimum retail threshold (₹90)"
"Paper Boat Sparkling Coffee, 600ml | Dark Roast Coffee I Caffeinated Drink | Zero Sugar, Zero Calories I Sugar Free","grocery","Price below minimum retail threshold (₹90)"
"Bambino Roasted Vermicelli 425 gm","grocery","Price below minimum retail threshold (₹90)"
"Parle Marie Biscuit , 250g / 300g (Weight May Vary)","grocery","Price below minimum retail threshold (₹90)"
"Open Secret Premium Roasted & Salted Pistachios 500g| Pista Dry Fruit| Tasty & Healthy| High in Protein & Dietary Fiber| G...","grocery","Missing both actual and discount prices"
"Fortune Superfood Punjabi Khichdi , 200g","grocery","Price below minimum retail threshold (₹90)"
"Weikfield Cocoa Powder, 50g","grocery","Price below minimum retail threshold (₹90)"
"Parle Hide and Seek Black Bourbon, Chocolate, 100g","grocery","Price below minimum retail threshold (₹90)"
"Britannia Vita Marie Gold Biscuits, 150g","grocery","Price below minimum retail threshold (₹90)"
"Nestle A+ Nourish Dahi, 400 g","grocery","Price below minimum retail threshold (₹90)"
"Rajdhani Poha Mota, 500g","grocery","Price below minimum retail threshold (₹90)"
"Britannia Good Day Pista Badam Cookies, 200g","grocery","Price below minimum retail threshold (₹90)"
"Sunfeast YiPPee! Magic Masala, Instant Noodles 240g / 270g / 280g (Pack of 4) (Weight May vary )","grocery","Price below minimum retail threshold (₹90)"
"APLUS Super Saver Roasted Sooji 500 g","grocery","Price below minimum retail threshold (₹90)"
"Ching's Hot and Sour Cook Up Soup 55g","grocery","Price below minimum retail threshold (₹90)"
"Early Foods - (Trial Pack) Dry Fruits & Seeds Powder - Blend of 7 Indian Super Foods 50g| Dry Fruit Powder for Kids|Dry Fr...","grocery","Duplicate ASIN"
"MTR Macaroni Elbow 400g","grocery","Price below minimum retail threshold (₹90)"
"Mothers Recipe Panipuri Chutney Pouch, 200 g","grocery","Price below minimum retail threshold (₹90)"
"Kwality Wall's Cornetto Oreo, 110 ml","grocery","Price below minimum retail threshold (₹90)"
"Mother's Recipe Chana Masala Papad (7"") Pouch, 180 g","grocery","Price below minimum retail threshold (₹90)"
"Unibic Sugar Free Cashew , 75g","grocery","Price below minimum retail threshold (₹90)"
"Epigamia Greek Yogurt Smoothies Blueberry Bottle, 200 ml","grocery","Price below minimum retail threshold (₹90)"
"PRIME CULTIVATOR: Premium Dried Anjeer (Figs) (250g)","grocery","Duplicate ASIN"
"Britannia NutriChoice Digestive High Fibre Biscuits, 200g","grocery","Duplicate ASIN"
"Berries And Nuts Premium Whole Dried Cranberries | Antioxidant Rich, Immunity Booster | 1 Kg","grocery","Duplicate ASIN"
"Lion Deseeded Dates - 100% Natural, 200g Pouch","grocery","Price below minimum retail threshold (₹90)"
"Nutzy Premium Raisins (Black Raisins/ Kali Darakh, 250g)","grocery","Price below minimum retail threshold (₹90)"
"Everest Cumin Powder, Carton, 100g","grocery","Price below minimum retail threshold (₹90)"
"Mindful EAT Anytime Mindful Millet Energy Bars - Variety Box (Ragi, Bajra, Quinoa and Jowar) - 25 g x 12 Bars","grocery","Duplicate ASIN"
"Mothers Recipe Sabudana Papad Pouch, 70 g","grocery","Price below minimum retail threshold (₹90)"
"Amul Cheese Sauce Mexican, 200 g","grocery","Price below minimum retail threshold (₹90)"
"ATLANTIS 3 in 1 Nukkad Instant Coffee Premix Dry Powder 1 Kg for Vending Machine","grocery","Duplicate product title fingerprint"
"Prabhat Regular Home Taste Cup Dahi, 400 g","grocery","Price below minimum retail threshold (₹90)"
"Pro Nature 100% Organic Channa Sattu, 250g","grocery","Price below minimum retail threshold (₹90)"
"Amulya Dairy Whitener 200g Refill","grocery","Price below minimum retail threshold (₹90)"
"Mamie Yova French Yogurt Strawberry, 90 g","grocery","Price below minimum retail threshold (₹90)"
"Curry leaves Powder 100g | Karuveppilai Powder | Kadi Patta Powder | Karibevu Powder for Hair & Eating","grocery","Price below minimum retail threshold (₹90)"
"Mapro Lemon Ginger Squash, 750ml","grocery","Duplicate ASIN"
"Fearless Green Tea Original & Pure | 200g | Natural Loose Leaves | Non Bitter Assam Tea | Silver Tips | Exported Worldwid...","grocery","Duplicate ASIN"
"Krishna's Night Jasmine Parijat Harshringar Leaf Juice - 500 ml","grocery","Duplicate ASIN"
"Cornitos Nachos Crisps, Sizzlin Jalapeno, Corn Chip 60g","grocery","Price below minimum retail threshold (₹90)"
"ATLANTIS Kadak Cardamom Premix Tea for Vending Machine - 1kg","grocery","Duplicate ASIN"
"TEACURRY Thyroid Support Tea Bags - 30 Tea Bags, 1 Month Pack (Spearmint Flavoured) - Helps with Thyroid Support (TSH T3 T...","grocery","Duplicate ASIN"
"Tata Tea Gold Darjeeling | Fine Long Leaf Authentic Darjeeling Tea | Black Tea | 75g","grocery","Duplicate product title fingerprint"
"Pro Nature Channa Dal, 500g","grocery","Price below minimum retail threshold (₹90)"
"Organic Soul - Organic Kashmiri Red Chilli Spices Whole, 100g | Guntur / Byadgi / Sabut Lal Mirch in Fresh 100GM","grocery","Price below minimum retail threshold (₹90)"
"Gavyamart Ghee in Pantry, 100% Pure Kankrej A2 Cow Desi Ghee - Made Using Traditional Bilona Method Ghee - Glass Ghee jar ...","grocery","Non-food product in Grocery"
"More Pulav Rice Loose 1Kg","grocery","Price below minimum retail threshold (₹90)"
"MDH Kashmiri Mirch, 100g","grocery","Price below minimum retail threshold (₹90)"
"Del Monte Tomato Ketchup, Classic Blend, 200g","grocery","Price below minimum retail threshold (₹90)"
"Zenith Nutrition Pantothenic Acid (Vitamin B5) 5000mcg, Energy & Metabolism - 100 Veg capsules","grocery","Non-food product in Grocery"
"Organic Tattva 'Fenugreek Powder' | Indian Spice, Fresh Natural Methi Powder (100G, Pouch)","grocery","Price below minimum retail threshold (₹90)"
"Tropicana Mango Delight Fruit Juice - 200ml","grocery","Price below minimum retail threshold (₹90)"
"Too Yumm! Multigrain Chips, Dahi Papdi Chaat, 54g","grocery","Price below minimum retail threshold (₹90)"
"Dr. Oetker Funfoods Dr. Oetker Mayo Veg Original, 250g","grocery","Price below minimum retail threshold (₹90)"
"Boost Health, Energy and Sports Nutrition Chocolate drink - 1 kg Refill Pack, Fortified with 17 Essential Vitamins and Min...","grocery","Duplicate ASIN"
"Amul Kool Koko Can, 200ml","grocery","Price below minimum retail threshold (₹90)"
"Nestle Nescafe Signature Blend Hot Coffee Premix (1 kg)","grocery","Duplicate ASIN"
"FRESH & HONEST Awake Filter Coffee Powder 70: 30 Blend, 200g","grocery","Price below minimum retail threshold (₹90)"
"Octavius Classic Assam Black Tea - 100 Teabag pack of 1","grocery","Duplicate ASIN"
"Wingreens Farms Peri Peri Ketchup Nozzle Pack, 200 g","grocery","Price below minimum retail threshold (₹90)"
"Colombian Brew 3 in 1 Cappuccino Café Latte, Instant Coffee Powder Premix, 10 Sachets Box pack of 2","grocery","Duplicate ASIN"
"Third Wave Coffee French Roast 100% Arabica Coffee, 250 gram (Cold Brew/French Press)","grocery","Duplicate ASIN"
"Organic Tattva, Organic Dried Red Chilli Powder, 100 Gram | Quality Mirchi Powder, Naturally Processed, from Farm Picked F...","grocery","Price below minimum retail threshold (₹90)"
"Limca Bottle, 600ml","grocery","Price below minimum retail threshold (₹90)"
"Centre Fresh Mint, Chewy Mints, Spearmint Flavour Candy Pocket Bottle, 33 g","grocery","Price below minimum retail threshold (₹90)"
"Knorr Soup Hot and Sour Chicken Pouch, 36g","grocery","Price below minimum retail threshold (₹90)"
"Tata Agni Tea, Dust, 250g","grocery","Price below minimum retail threshold (₹90)"
"Kwality Walls Trixy Cheesecake Cup, 110 ml","grocery","Price below minimum retail threshold (₹90)"
"Tata Sampann Multi Dal Chilla Mix, 180g","grocery","Price below minimum retail threshold (₹90)"
"Coco Mama Coconut Water Tetrapak, 250 ml","grocery","Price below minimum retail threshold (₹90)"
"Top Ramen Cup Noodles Italiano, 70g","grocery","Price below minimum retail threshold (₹90)"
"24 Mantra Millet Dosa Mix - 216gms | Pack of 1 | 100% Organic | Chemical Free & Pesticides Free","grocery","Price below minimum retail threshold (₹90)"
"Gatorade Sports Drink - Orange Flavor, 500ml Bottle","grocery","Price below minimum retail threshold (₹90)"
"Veeba Garlic Mayonnaise, 250g","grocery","Price below minimum retail threshold (₹90)"
"Wingreens Farms Pizza & Pasta Sauce, 180g| Nozzle Pack","grocery","Price below minimum retail threshold (₹90)"
"Cadbury Oreo Vanilla Flavour Cookie Sandwich Cream Biscuit (113.75g / 120g grammage May Vary)","grocery","Price below minimum retail threshold (₹90)"
"EAT BETTER CO - Better Laddoos - Peanut & Chocolate - Delicious Sugar-Free Laddoos | Energy-Bar Replacement | Dry-Fruit La...","grocery","Duplicate ASIN"
"Carbamide Forte 100% Pure Extra Virgin Cold Pressed Coconut Oil for Skin, Hair Growth & Cooking – 200ml","grocery","Duplicate ASIN"
"Cadbury Oreo Vanilla Flavour Cookie Sandwich Cream Biscuit (113.75g / 120g grammage May Vary)","grocery","Price below minimum retail threshold (₹90)"
"Add me Punjabi Mix Pickle 500gm Mango Chilli Lemon Carrot ker Ginger karonda lasoda Fruit Mix Achar Pickles Glass Pack, 50...","grocery","Duplicate ASIN"
"Patanjali Pushtahar Dalia, 500g","grocery","Price below minimum retail threshold (₹90)"
"Nutella Chocolate Hazelnut Spread, 350 g","grocery","Duplicate product title fingerprint"
"Chetran’s Herbal Tofu 200G | Masala Flavor | Fresh Paneer Alternative | High Protein","grocery","Price below minimum retail threshold (₹90)"
"Rasna Fruit Fun MSP (32Gl+32GL+ 32GL) monocarton, Alphonso Mango Pack of 2","grocery","Duplicate ASIN"
"Govind Milk & Milk Products Skimmed Milk Powder 200 gm (Buy 1 Get 1 Free)","grocery","Duplicate ASIN"
"Mothers Recipe Punjabi Pachranga Pickle Pouch, 200 g","grocery","Price below minimum retail threshold (₹90)"
"Unived KSM-66 Ashwagandha | 600mg Vegan Full Spectrum Root Extract Standardized to 5% Withanolides | for Stress, Anxiety, ...","grocery","Duplicate ASIN"
"Bingo! Tedhe Medhe Masala Tadka, 50g, Spindle Shaped Crunchy Snack with Indian Masala Flavour Perfect for Snacking","grocery","Price below minimum retail threshold (₹90)"
"Nescafé Original Black Roast Coffee Powder, 200 g Jar","grocery","Duplicate ASIN"
"Frooti Tetra 125ml (Pack of 40)","grocery","Duplicate ASIN"
"Typhoo Cleansing Organic Root Remedy Tea Bag (20 Tea Bags)","grocery","Duplicate ASIN"
"Soyfit SOYA Paneer Garlic/Pepper, 200 g","grocery","Price below minimum retail threshold (₹90)"
"Navvayd Lopchu Golden Orange Pekoe Darjeeling Tea (100 Gm, 50 Cups) I With Real Musk Flavor & Smoky Taste | Loose Leaf - E...","grocery","Duplicate ASIN"
"Orbit Mixed Fruit Chewing Gum Tube, 22 g","grocery","Price below minimum retail threshold (₹90)"
"Davidoff Rich Aroma Coffee Bottle, 6 x 100 g","grocery","Duplicate ASIN"
"Tea Valley Royal 1kg | CTC Tea | Premium Blend of Assam and Dooars Tea | Unique Blend Crafted for Chai Lovers| Strong, Mal...","grocery","Duplicate ASIN"
"TEA AND INDIA Slimming detox tea for weight loss (100g loose tea) helps loose weight | reduce belly fat | good for digestion","grocery","Duplicate ASIN"
"NESTEA Instant Iced Tea, Green Tea Mint Flavour – 400g","grocery","Duplicate ASIN"
"Seven Beans - URUBAGE South Indian Filter Coffee Powder - Coffee: 80%, Chicory: 20% ,500 g (Medium Roast) (Pack of 2)","grocery","Duplicate ASIN"
"MTR Vermicelli Payasam 100g","grocery","Price below minimum retail threshold (₹90)"
"Bevzilla Premium Gift box of 4 Coffee Powder Jars (25 gms each), Coffee Travel Mug & Electric Frother | Strong Coffee| 100...","grocery","Duplicate ASIN"
"Knorr Chinese Manchurian Gravy Mix, Serves 6, 55 g","grocery","Price below minimum retail threshold (₹90)"
"AVG Giloy, Tulsi, Amla & Ashwagandha Premium Herbal Juice, Immunity Booster, 1l","grocery","Duplicate ASIN"
"Mala's, Fruit Crush Kiwi 750ml, Green, Medium","grocery","Duplicate ASIN"
"Grannys Foods Instnat Ginger Coffee/Chukku Kappi/Sukku Kappi(150g Pack Of 1)/Traditional Flavor & Taste Of Kerala","grocery","Duplicate ASIN"
"Ching's Secret Instant Noodles - Manchurian, Vegetarian 60 Gram","grocery","Missing both actual and discount prices"
"KALFREE Detox Tea","grocery","Duplicate ASIN"
"Act II Instant Popcorn - Golden Sizzle, 60g (Pack of 3)","grocery","Price below minimum retail threshold (₹90)"
"Dry Fruit Wala Sabudana Papad Plain 250gms (Gluten-Free & Upwas-Friendly Tapioca Papads)","grocery","Price below minimum retail threshold (₹90)"
"Taj Mahal Spicy Ginger Tea Bags, 25 Pieces","grocery","Duplicate product title fingerprint"
"Too Yumm Karare Noodle Masala, 75g","grocery","Price below minimum retail threshold (₹90)"
"Nestle A+ Greek Yoghurt Strawberry, 90 g","grocery","Price below minimum retail threshold (₹90)"
"tizum HDMI to VGA Adapter/ Connector/ Converter Cable 1080P (Male to Female) for Media Players, Xbox, Projector, Computer,...","gaming","Generic cable in Gaming"
"TP-Link TL-WA850RE Single_Band 300Mbps RJ45 Wireless Range Extender, Broadband/Wi-Fi Extender, Wi-Fi Booster/Hotspot with ...","gaming","Generic cable in Gaming"
"Amazon Basics High-Speed HDMI Cable - 10 Feet (Latest Standard) - Supports Ethernet, 3D, 4K video,Black","gaming","Generic cable in Gaming"
"FEDUS Cat6 Ethernet Cable, 10 Meter High Speed 550MHZ / 10 Gigabit Speed UTP LAN Cable, Network Cable Internet Cable RJ45 ...","gaming","Generic cable in Gaming"
"Tizum High Speed HDMI Cable with Ethernet | Supports 3D 4K | for All HDMI Devices Laptop Computer Gaming Console TV Set To...","gaming","Generic cable in Gaming"
"Amazon Basics Flexible Premium HDMI Cable (Black, 4K@60Hz, 18Gbps), 3-Foot","gaming","Generic cable in Gaming"
"Amazon Basics High-Speed Braided HDMI Cable - 6 Feet - Supports Ethernet, 3D, 4K and Audio Return - Single Pack (Black)","gaming","Generic cable in Gaming"
"POSH Male to Male VGA Cable 1.5 Meter, Support PC/Monitor/LCD/LED, Plasma, Projector, TFT. VGA to VGA Converter Adapter Cable","gaming","Generic cable in Gaming"
"Sounce Ethernet Adapter USB to RJ45 LAN Wired Adapter Compatible for Nintendo Switch Wii Wii U MacBook Chromebook Windows ...","gaming","Generic cable in Gaming"
"Amazon Basics High-Speed HDMI Cable, 6 Feet - Supports Ethernet, 3D, 4K video,Black","gaming","Generic cable in Gaming"
"ZEBRONICS Zeb-HAA3020 (3 Meter/9 feet) HDMI Cable Supports 3D, ARC & CEC Extension, Compatible with HDMI-Enabled TV, Blu-r...","gaming","Generic cable in Gaming"
"Amazon Basics RJ45 Cat-5e Network Ethernet Patch/LAN Cable for Router - 50 Feet (15.2 Meters, White)","gaming","Generic cable in Gaming"
"FEDUS Cat6 Ethernet Cable, 30 Meter High Speed 550MHZ / 10 Gigabit Speed UTP LAN Cable, Network Cable Internet Cable RJ45 ...","gaming","Generic cable in Gaming"
"TP-Link UE300C USB Type-C to RJ45 Gigabit Ethernet Network Adapter/RJ45 LAN Wired Adapter for Ultrabook, Chromebook, Lapto...","gaming","Generic cable in Gaming"
"Amazon Basics HL-007347 HDMI Input to DVI Output (Not VGA) Adapter Cable, 6 Feet, Black","gaming","Generic cable in Gaming"
"TP-Link UE300 USB 3.0 to RJ45 Gigabit Ethernet Network Adapter - Plug and Play","gaming","Generic cable in Gaming"
"EGate i9 Pro-Max 1080p Native Full HD Projector 4k Support | 4500 L (420 ANSI) | 210"" (533 cm) Large Screen | VGA, AV, HDM...","gaming","Generic cable in Gaming"
"Quantum RJ45 Ethernet Patch Cable/LAN Router Cable with Heavy Duty Gold Plated Connectors Supports Hi-Speed Gigabit Upto 1...","gaming","Generic cable in Gaming"
"ZEBRONICS AC32FHD LED Curved 75Hz 80Cm (32"") (81.28 Cm) 1920x1080 Pixels FHD Resolution Monitor with HDMI + VGA Dual Inpu...","gaming","Generic cable in Gaming"
"FEDUS Cat6 Ethernet Cable, 15 Meter High Speed 550MHZ / 10 Gigabit Speed UTP LAN Cable, Network Cable Internet Cable RJ45 ...","gaming","Generic cable in Gaming"
"ZEBRONICS 24 Inch (60.4 Cm) Widescreen 1920 X 1080 Pixels LED Monitor, IPS, Ultra Slim, FHD 1920x1080, HDMI, VGA, 250nits,...","gaming","Generic cable in Gaming"
"BlueRigger High Speed HDMI Cable with Ethernet - Supports 3D, 4K 60Hz, Audio Return - Latest Version (6.6 Feet / 2 Meters)","gaming","Generic cable in Gaming"
"Amazon Basics Mini Display Port to HDMI Cable - 6 Feet (Full HD - 1080P), Gold","gaming","Generic cable in Gaming"
"Lapster rj45 connector Coupler Cat7/Cat6/Cat5e Ethernet Network lan connector","gaming","Generic cable in Gaming"
"Verilux® 7 in 1 USB C Hub,Type C to 4K HDMI Output,PD Charging Port,RJ45 Ethernet, SD/TF Card, USB 3.0,USB 2.0 USB C Hub f...","gaming","Generic cable in Gaming"
"Amazon Basics 6-Feet DisplayPort (not USB port) to HDMI Cable Black","gaming","Generic cable in Gaming"
"Sounce HDMI Cable 4K High-Speed HDMI Cord 18Gbps with Ethernet Support 4K 60Hz Compatible with UHD TV, Monitor, Computer, ...","gaming","Generic cable in Gaming"
"ZEBRONICS Zeb-V19Hd 18.5 Inch (46.99 Cm) Led Monitor with Supporting Hdmi, Vga Input, Hd 1366 X 768 Pixels, 16.7M Colors, ...","gaming","Generic cable in Gaming"
"BlueRigger High Speed HDMI Cable with Ethernet - Supports 3D, 4K 60Hz and Audio Return - Latest Version (3 Feet / 0.9 Meter)","gaming","Generic cable in Gaming"
"Tuarso 8K HDMI 2.1 Cable 48Gbps,1.5 Meter High-Speed Braided HDMI Cable(8K@60HZ,4K@120HZ,2K@240HZ) HDMI 2.1 Cable Compatib...","gaming","Generic cable in Gaming"
"FEDUS Cat6 Ethernet Cable, 20 Meter High Speed 550MHZ / 10 Gigabit Speed UTP LAN Cable, Network Cable Internet Cable RJ45 ...","gaming","Generic cable in Gaming"
"Tenda N301 RJ45 Wireless-N300 Mbps Single_Band Easy Setup Router (White, Not a Modem)","gaming","Generic cable in Gaming"
"Amazon Basics High-Speed HDMI Cable, 6 Feet (2-Pack),Black","gaming","Generic cable in Gaming"
"AmazonBasics 6 Feet DisplayPort to DisplayPort Cable - (Not HDMI Cable) (Gold)","gaming","Generic cable in Gaming"
"LG 60 cm/24 inches Full HD IPS 1920 x 1080 Pixels LCD Monitor, Inbuilt Speaker, HDMI x 2, VGA Port, 75 Hz Refresh Rate, AM...","gaming","Generic cable in Gaming"
"AmazonBasics RJ45 Cat-6 Ethernet Patch/LAN Cable for Personal Computer - 5Feet (1.5Meters), Black","gaming","Generic cable in Gaming"
"Sounce Type C to RJ45 Ethernet LAN Adapter, Up to 1000 Mbps, for Windows/Mac/Linux (Black)","gaming","Generic cable in Gaming"
"Amazon Basics High-Speed Braided HDMI Cable - 3 Feet - Supports Ethernet, 3D, 4K and Audio Return (Black)","gaming","Generic cable in Gaming"
"TP-Link USB to Ethernet Adapter (UE306), Foldable USB 3.0 to Gigabit Ethernet LAN Network Adapter, Supports Nintendo Switc...","gaming","Generic cable in Gaming"
"LG 22Mp68Vq 22 Inch (55 Cm) LCD 1920 X 1080 Pixels IPS Monitor - Full Hd, with Vga, Hdmi, Dvi, Audio Out Ports (Black)","gaming","Generic cable in Gaming"
"Quantum RJ45 Ethernet Patch/LAN Cable with Gold Plated Connectors Supports Upto 1000Mbps - (3 Meters) - (White)","gaming","Generic cable in Gaming"
"AmazonBasics RJ45 Cat 7 High-Speed Gigabit Ethernet Patch Internet Cable for Printer, Server (10Gbps, 600MHz - Black, 3-Feet)","gaming","Generic cable in Gaming"
"Acer EK240YC 23.8 Inch (60.4cm) Full HD (1920x1080) Pixels VA Panel LCD Monitor with LED Back Light I 250 Nits I HDMI, VGA...","gaming","Generic cable in Gaming"
"Quantum QHM8106 USB to RJ45 Ethernet LAN Adapter (White)","gaming","Generic cable in Gaming"
"Quantum RJ45 Ethernet Patch/LAN/Router Cable with Gold Plated Connectors Supports Upto 1000Mbps -16.4Feet (5 Meters), White","gaming","Generic cable in Gaming"
"Sounce VGA to HDMI 1080P Full HD Mini VGA to HDMI Audio Video Converter Adapter Box with USB Cable and 3.5mm Audio Port Ca...","gaming","Generic cable in Gaming"
"POSH VGA to HDMI, Mini HD 1080P 3.5mm Audio VGA to HDMI HD HDTV Video Converter Box Adapter VGA2HDMI for PC Laptop Dispaly...","gaming","Generic cable in Gaming"
"FEDUS Cat6 Ethernet Cable, 50 Meter High Speed 550MHZ / 10 Gigabit Speed UTP LAN Cable, Network Cable Internet Cable RJ45 ...","gaming","Generic cable in Gaming"
"ZEBRONICS Zeb-HAA1520 (1.5 Meter) HDMI Cable Supports 3D, 4K, ARC & CEC Extension, Compatible with HDMI-Enabled TV, Blu-ra...","gaming","Generic cable in Gaming"
"tizum HDMI to VGA/AV Adapter Cable 1080P for Projector, Computer, Laptop, TV, Projectors & TV","gaming","Generic cable in Gaming"
"Zebronics Zeb-UTE101 USB to RJ45 Ethernet LAN Adapter, Up to 1000 Mbps, for Windows/Mac/Linux (Black)","gaming","Generic cable in Gaming"
"AmazonBasics RJ45 Cat 7 High-Speed Gigabit Ethernet Patch Internet Cable For Printer, Server 10Gbps, 600MHz - White, 3-Foot","gaming","Generic cable in Gaming"
"ZEBRONICS 68.5cms 27inch Widescreen Monitor, IPS, Ultra Slim, FHD 1920x1080 Pixels, HDMI, VGA, 250nits, Built in Speaker, ...","gaming","Generic cable in Gaming"
"Amazon Basics 6-Feet VGA to VGA Cable for Monitor, Personal Computer (Black)","gaming","Generic cable in Gaming"
"AmazonBasics High-Speed Mini-HDMI (NOT MICRO USB/MICRO HDMI) to HDMI Cable - 3 Feet (Latest Standard)- NOT COMPATIBLE WITH...","gaming","Generic cable in Gaming"
"AmazonBasics HDMI to VGA Adapter","gaming","Generic cable in Gaming"
"Ubluker 10k 8k 4k HDMI Cable,Certified 48Gbps 1ms Ultra High Speed HDMI 2.1 Cable 120Hz 144Hz 2k 165Hz 8k 60Hz Dynamic HDR...","gaming","Generic cable in Gaming"
"LG - 19M38HB, 19 Inch (47cm) 1366 X 768 Pixels, Led HD Ready Monitor, TN Panel with VGA, Hdmi Ports (Black)","gaming","Generic cable in Gaming"
"MICROWARE VGA to HDMI Adapter VGA to HDMI Converter VGA Male to HDMI Female with 3.5MM Audio Jack Full HD 1080P for Connec...","gaming","Generic cable in Gaming"
"FEDUS LAN Cable cat6 Cable, cat6 LAN Cable, ethernet Cable, Network Cable Internet Cable rj45 Cable LAN Wire High Speed Pa...","gaming","Generic cable in Gaming"
"LG 27Ml600 Full Hd 27 Inch (69 Cm) LCD 1920 X 1080 Pixels IPS Monitor 3 Side Borderless Design - Dual Hdmi & Vga Port - Re...","gaming","Generic cable in Gaming"
"Amazon Basics High Speed HDMI Cable (Gold-Plated, A Male to A Male) - Supports 4K @60Hz and Audio Return (6 Feet)","gaming","Generic cable in Gaming"
"Amazon Basics High Speed HDMI Cable (Gold-Plated, A Male to A Male) - Supports 4K @60Hz and Audio Return (3 Feet)","gaming","Generic cable in Gaming"
"BlueRigger High Speed HDMI Cable with Ethernet - Supports 3D, 4K 60Hz, Audio Return - Latest Version (10 Feet / 3 Meters)","gaming","Generic cable in Gaming"
"Sounce HDMI Cable 4K High-Speed HDMI Cord 18Gbps with Ethernet Support 4K 60Hz Compatible with UHD TV, Monitor, Computer, ...","gaming","Generic cable in Gaming"
"USB C Hub Multiport Adapter, Dockteck 7-in-1 USB C Hub Metal Shell with 4K 60Hz HDMI, 1Gbps RJ45 Ethernet, 100W Power Deli...","gaming","Generic cable in Gaming"
"ZEBRONICS A22FHD LED (21.5"") (54.61 cm) LED 1920x1080 Pixels FHD Resolution Monitor with HDMI + VGA Dual Input, Built-in S...","gaming","Generic cable in Gaming"
"Frontech 15.4-inch LED Backlit Computer Monitor with HDMI and VGA Port FT-1978 (Black)","gaming","Generic cable in Gaming"
"AmazonBasics HAMA299068 RJ45 Cat-5e Ethernet Patch/LAN Cable for Router (14 Feet/4.26 Meters, White)","gaming","Generic cable in Gaming"
"Portronics Mport 60 4-in-1 Multiport Type C/USB Hub with LAN Adapter RJ45 Port, 3 USB2.0 Port, Type C OTG Support, Plug & ...","gaming","Generic cable in Gaming"
"PiBOX India , USB C to HDMI VGA USB Adapter, Aluminium Type C USB hub 3.1 to HDMI 4K/VGA /USB 3.0/USB C Converter Cable Ch...","gaming","Generic cable in Gaming"
"AmazonBasics RJ45 Cat 7 High-Speed Gigabit Ethernet Patch Internet Cable for Printer, Server - 10Gbps, 600MHz - White, 10-...","gaming","Generic cable in Gaming"
"Quantum CAT6 RJ45 Ethernet Patch Cable/LAN/Router Cable Ultra Hi-Speed Gigabit Upto 1000Mbps with Heavy Duty Gold Plated C...","gaming","Generic cable in Gaming"
"Itel MagicX Pro 4G (Wi-Fi Hotspot Tethering, 2500mAh Big Battery, 2.4inch QVGA 3D Curved Display, 1.3 MP Rear Camera with ...","gaming","Generic cable in Gaming"
"MICROWARE HDMI to VGA Adapter Converter with 3.5mm Stereo Audio, Active Female HDMI to VGA Male 1080p Video Dongle Adaptor...","gaming","Generic cable in Gaming"
"FEDUS Cat6 Ethernet Cable, 3 Meter High Speed 550MHZ / 10 Gigabit Speed UTP LAN Cable, Network Cable Internet Cable RJ45 C...","gaming","Generic cable in Gaming"
"Moelissa MS-LT02 RJ45 and RJ11 Network Cable Tester","gaming","Generic cable in Gaming"
"LS LAPSTER Quality Assured HDMI to VGA Adapter Cable 1080P for Projector, Computer, Laptop, TV, Projectors & TV","gaming","Generic cable in Gaming"
"Microware VGA to HDMI with Audio Adapter for Connecting Traditional VGA Interface Laptop, PC to HDMI Monitor or Projector,...","gaming","Generic cable in Gaming"
"CableCreation USB C to HDMI Cable 4k 6FT HDR, USB Type C to HDMI Cord, Black","gaming","Generic cable in Gaming"
"JGD PRODUCTS Male to Male VGA Cable 1 Meter, Support PC/Monitor/LCD/LED, Plasma, Projector, TFT","gaming","Generic cable in Gaming"
"AmazonBasics High-Speed Braided HDMI Cable - 10 Feet - Supports Ethernet, 3D, 4K and Audio Return (Black)","gaming","Generic cable in Gaming"
"TP-Link LS105G 5-Port Desktop/Wallmount Gigabit Ethernet Switch, Ethernet Splitter, Plug & Play, 10/100/1000 Mbps RJ45, St...","gaming","Generic cable in Gaming"
"Lapster lan splitter / rj45 splitter/ethernet splitter 1 to 2 Female 8P8C Network Plug Lan Coupler For Laptop, Router, Per...","gaming","Generic cable in Gaming"
"ETZIN Mini AV2VGA to Video Converter, Composite AV to VGA Adapter, TV Set-Top Box Audio Video Converter (White)","gaming","Generic cable in Gaming"
"Zebronics H61 Motherboard ATX Intel LGA 1155 Socket | 6USB,1VGA,1LAN,1Audio,1HDMI Port, DDR3","gaming","Generic cable in Gaming"
"Terabyte 4k (DP) Display Port Male to HDMI Cable Male Port 1080P 1.8 m HDMI Cable (Compatible with HDTV, Smart-TV, Project...","gaming","Generic cable in Gaming"
"Itel MagicX Pro 4G (Wi-Fi Hotspot Tethering, High Speed Internet with 4G Network, 2500mAh Big Battery, 2.4inch QVGA 3D Cur...","gaming","Generic cable in Gaming"
"QZ USB 3.1 Type C Hub, USB C Hub, USB Type C to Ethernet Adapter, Type C to LAN RJ45, USB C to Ethernet Adapter [Thunderbo...","gaming","Generic cable in Gaming"
"TERABYTE HDMI to VGA 1080P HDMI Male to VGA Female Video Converter Adapter Cable for PC Laptop HDTV Projectors and More De...","gaming","Generic cable in Gaming"
"Amazon Basics RJ45 Cat-6 Ethernet Patch Internet Cable For Personal Computer - 50 Feet (15.2 Meters) (Black)","gaming","Generic cable in Gaming"
"PiBOX India, Micro HDMI to HDMI Cable, 4K 60Hz , 1.5 Meter 5 feet, Adapter Ethernet Audio Return Compatible for Raspberry ...","gaming","Generic cable in Gaming"
"BlueRigger in-Wall High Speed 18Gbps HDMI Cable - CL3 Rated - Supports 4K 60Hz, Ultra HD, 3D, 1080p, Ethernet and Audio Re...","gaming","Generic cable in Gaming"
"Acer EB192Q 18.5 inch (46.99 Cm) 1366 x 768 Pixels HD LCD Monitor with LED Back Light Technology with HDMI, VGA Ports Inbo...","gaming","Generic cable in Gaming"
"HDMI Extender,HDMI to RJ45 Network Cable Extender Converter Repeater Over cat 5e / 6 1080p up to 30m Extender for HDTV PS4...","gaming","Generic cable in Gaming"
"Tukzer 4-in-1 Type-C Hub to HDMI 4K@30Hz, VGA 1080P@60Hz, USB 3.0 Data, 100W PD, MultiPort Adapter Compatible with MacBook...","gaming","Generic cable in Gaming"
"Amazon Basics High Speed HDMI Cable (Gold-Plated, A Male to A Male) - Supports 4K @60Hz and Audio Return (10 Feet)","gaming","Generic cable in Gaming"
"Cablecreation USB C to HDMI Cable for Home Office 6Feet, USB Type C to HDMI 4K@30Hz, Thunderbolt 3/4 Compatible With Galax...","gaming","Generic cable in Gaming"
"EGate i9 Pro 1080p HD 720p Native 2400 Lumens 210 ANSI Portable Projector, 120"" max Screen (3.04 m) 1280 x 720 | VGA, AV, ...","gaming","Generic cable in Gaming"
"TP-LINK TG-3468 Gigabit PCI Express Network Adapter - Green, 32-bit 10/100/1000 Mbps RJ45 Port, IEEE 802.3X Flow Control, ...","gaming","Generic cable in Gaming"
"FENTICO DisplayPort (DP) to VGA Adapter, Gold-Plated Display Port to VGA Adapter (Male to Female) Compatible with Compute...","gaming","Generic cable in Gaming"
"QZ USB 3.1 Ethernet Adapter, USB to LAN Converter, Ethernet to USB, RJ45 USB 3.1","gaming","Generic cable in Gaming"
"Tukzer 5-in-1 Type-C Hub to HDMI 4K@30Hz, Type C 2.0, USB 2.0, USB 3.0 Data, 100W PD with 1000M Ethernet RJ45, MultiPort A...","gaming","Generic cable in Gaming"
"CableCreation USB C to HDMI Cable for Home Office, USB Type C to HDMI 4K 30Hz, Thunderbolt 3/4 Compatible with Galaxy S23 ...","gaming","Generic cable in Gaming"
"Posh HDMI to VGA Gold Plated High-Speed 1080P Active HDTV HDMI to VGA Adapter Converter Male to Female with Audio and Micr...","gaming","Generic cable in Gaming"
"Amazon Basics RJ45 Cat-6 Ethernet Patch/LAN Cable for Personal Computer - 10 Feet/3 Meters (Black)","gaming","Generic cable in Gaming"
"Csecurity RJ45 Inline Coupler Cat7/Cat6/Cat5e Ethernet Network Router Cable Extender Connector - Black","gaming","Generic cable in Gaming"
"AmazonBasics RJ45 Cat 7 High-Speed Gigabit Ethernet Patch Printer, Server Internet Cable, 10Gbps, 600MHz - (Black, 5-Foot)","gaming","Generic cable in Gaming"
"CableCreation USB C to HDMI Cable,Type C to HDMI Cable HDR 4K@60Hz,2K@144Hz,USB Type C to Hdmi Adapter Thunderbolt 3 Compa...","gaming","Generic cable in Gaming"
"AmazonBasics USB 3.1 Type-C to 3 Port USB Hub with Ethernet Adapter - White","gaming","Generic cable in Gaming"
"AmazonBasics Premium Flexible HDMI Cable and Mini HDMI Adapter, 6-Feet, Black, NOT Compatible with Mobile Phones and Laptops","gaming","Generic cable in Gaming"
"Enter Black HD LED Backlit 15.4"" inch Monitor with HDMI and VGA (E-MO-A06(N))","gaming","Generic cable in Gaming"
"Quantum RJ45 Ethernet Patch/LAN Cable with Gold Plated Connectors Supports Upto 1000Mbps -5.9Feet (1.8 Meters) - (White)","gaming","Generic cable in Gaming"
"AmazonBasics RJ45 Cat-6 Ethernet Patch/LAN Cable for Smartphone, Router, Printer - 25Feet (7.6Meters)-Black","gaming","Generic cable in Gaming"
"Fedus Cat6 Ethernet Cable, 1 Meter High Speed 550Mhz 10 Gigabit Speed Utp Lan Cable, Network Cable Internet Cable Rj45 Cab...","gaming","Generic cable in Gaming"
"Belkin F3Y021bt2M High Speed HDMI Cable with Ethernet - 2 Meter (Black)","gaming","Generic cable in Gaming"
"Amazon Basics HL-007289 RJ45 Cat7 Network Ethernet Patch/LAN Cable for Security Camera - 15 Feet (White)","gaming","Generic cable in Gaming"
"CableCreation USB C to HDMI Cable, Type C to HDMI Cable HDR 4K@60Hz, 2K@144Hz, USB Type C to HDMI Adapter Thunderbolt 3 Co...","gaming","Generic cable in Gaming"
"SHIVGAN Aluminum Swag Body Badminton Racket and 3 Feather Shuttles with Attractive Full Size Cover - Multicolour - Set of 2","gaming","Generic cable in Gaming"
"tizum HDMI to VGA Adapter/ Connector/ Converter Cable 1080P (Male to Female) for Media Players, Xbox, Projector, Computer,...","gaming","Generic cable in Gaming"
"Amazon Basics High-Speed HDMI Cable - 10 Feet (Latest Standard) - Supports Ethernet, 3D, 4K video,Black","gaming","Generic cable in Gaming"
"Tizum High Speed HDMI Cable with Ethernet | Supports 3D 4K | for All HDMI Devices Laptop Computer Gaming Console TV Set To...","gaming","Generic cable in Gaming"
"Amazon Basics Flexible Premium HDMI Cable (Black, 4K@60Hz, 18Gbps), 3-Foot","gaming","Generic cable in Gaming"
"Amazon Basics High-Speed Braided HDMI Cable - 6 Feet - Supports Ethernet, 3D, 4K and Audio Return - Single Pack (Black)","gaming","Generic cable in Gaming"
"ZEBRONICS Zeb-HAA3020 (3 Meter/9 feet) HDMI Cable Supports 3D, ARC & CEC Extension, Compatible with HDMI-Enabled TV, Blu-r...","gaming","Generic cable in Gaming"
"Amazon Basics High-Speed HDMI Cable, 6 Feet - Supports Ethernet, 3D, 4K video,Black","gaming","Generic cable in Gaming"
"BlueRigger High Speed HDMI Cable with Ethernet - Supports 3D, 4K 60Hz, Audio Return - Latest Version (6.6 Feet / 2 Meters)","gaming","Generic cable in Gaming"
"Amazon Basics 6-Feet DisplayPort (not USB port) to HDMI Cable Black","gaming","Generic cable in Gaming"
"Sounce HDMI Cable 4K High-Speed HDMI Cord 18Gbps with Ethernet Support 4K 60Hz Compatible with UHD TV, Monitor, Computer, ...","gaming","Generic cable in Gaming"
"BlueRigger High Speed HDMI Cable with Ethernet - Supports 3D, 4K 60Hz and Audio Return - Latest Version (3 Feet / 0.9 Meter)","gaming","Generic cable in Gaming"
"Tuarso 8K HDMI 2.1 Cable 48Gbps,1.5 Meter High-Speed Braided HDMI Cable(8K@60HZ,4K@120HZ,2K@240HZ) HDMI 2.1 Cable Compatib...","gaming","Generic cable in Gaming"
"Amazon Basics High-Speed HDMI Cable, 6 Feet (2-Pack),Black","gaming","Generic cable in Gaming"
"Amazon Basics High-Speed Braided HDMI Cable - 3 Feet - Supports Ethernet, 3D, 4K and Audio Return (Black)","gaming","Generic cable in Gaming"
"Sounce VGA to HDMI 1080P Full HD Mini VGA to HDMI Audio Video Converter Adapter Box with USB Cable and 3.5mm Audio Port Ca...","gaming","Generic cable in Gaming"
"POSH VGA to HDMI, Mini HD 1080P 3.5mm Audio VGA to HDMI HD HDTV Video Converter Box Adapter VGA2HDMI for PC Laptop Dispaly...","gaming","Generic cable in Gaming"
"ZEBRONICS Zeb-HAA1520 (1.5 Meter) HDMI Cable Supports 3D, 4K, ARC & CEC Extension, Compatible with HDMI-Enabled TV, Blu-ra...","gaming","Generic cable in Gaming"
"tizum HDMI to VGA/AV Adapter Cable 1080P for Projector, Computer, Laptop, TV, Projectors & TV","gaming","Generic cable in Gaming"
"AmazonBasics High-Speed Mini-HDMI (NOT MICRO USB/MICRO HDMI) to HDMI Cable - 3 Feet (Latest Standard)- NOT COMPATIBLE WITH...","gaming","Generic cable in Gaming"
"Ubluker 10k 8k 4k HDMI Cable,Certified 48Gbps 1ms Ultra High Speed HDMI 2.1 Cable 120Hz 144Hz 2k 165Hz 8k 60Hz Dynamic HDR...","gaming","Generic cable in Gaming"
"Amazon Basics High Speed HDMI Cable (Gold-Plated, A Male to A Male) - Supports 4K @60Hz and Audio Return (3 Feet)","gaming","Generic cable in Gaming"
"Amazon Basics High Speed HDMI Cable (Gold-Plated, A Male to A Male) - Supports 4K @60Hz and Audio Return (6 Feet)","gaming","Generic cable in Gaming"
"BlueRigger High Speed HDMI Cable with Ethernet - Supports 3D, 4K 60Hz, Audio Return - Latest Version (10 Feet / 3 Meters)","gaming","Generic cable in Gaming"
"Sounce HDMI Cable 4K High-Speed HDMI Cord 18Gbps with Ethernet Support 4K 60Hz Compatible with UHD TV, Monitor, Computer, ...","gaming","Generic cable in Gaming"
"MICROWARE HDMI to VGA Adapter Converter with 3.5mm Stereo Audio, Active Female HDMI to VGA Male 1080p Video Dongle Adaptor...","gaming","Generic cable in Gaming"
"LS LAPSTER Quality Assured HDMI to VGA Adapter Cable 1080P for Projector, Computer, Laptop, TV, Projectors & TV","gaming","Generic cable in Gaming"
"Microware VGA to HDMI with Audio Adapter for Connecting Traditional VGA Interface Laptop, PC to HDMI Monitor or Projector,...","gaming","Generic cable in Gaming"
"CableCreation USB C to HDMI Cable 4k 6FT HDR, USB Type C to HDMI Cord, Black","gaming","Generic cable in Gaming"
"AmazonBasics High-Speed Braided HDMI Cable - 10 Feet - Supports Ethernet, 3D, 4K and Audio Return (Black)","gaming","Generic cable in Gaming"
"Terabyte 4k (DP) Display Port Male to HDMI Cable Male Port 1080P 1.8 m HDMI Cable (Compatible with HDTV, Smart-TV, Project...","gaming","Generic cable in Gaming"
"Amazon Basics High Speed HDMI Cable (Gold-Plated, A Male to A Male) - Supports 4K @60Hz and Audio Return (10 Feet)","gaming","Generic cable in Gaming"
"TERABYTE HDMI to VGA 1080P HDMI Male to VGA Female Video Converter Adapter Cable for PC Laptop HDTV Projectors and More De...","gaming","Generic cable in Gaming"
"BlueRigger in-Wall High Speed 18Gbps HDMI Cable - CL3 Rated - Supports 4K 60Hz, Ultra HD, 3D, 1080p, Ethernet and Audio Re...","gaming","Generic cable in Gaming"
"HDMI Extender,HDMI to RJ45 Network Cable Extender Converter Repeater Over cat 5e / 6 1080p up to 30m Extender for HDTV PS4...","gaming","Generic cable in Gaming"
"Cablecreation USB C to HDMI Cable for Home Office 6Feet, USB Type C to HDMI 4K@30Hz, Thunderbolt 3/4 Compatible With Galax...","gaming","Generic cable in Gaming"
"Posh HDMI to VGA Gold Plated High-Speed 1080P Active HDTV HDMI to VGA Adapter Converter Male to Female with Audio and Micr...","gaming","Generic cable in Gaming"
"Belkin F3Y021bt2M High Speed HDMI Cable with Ethernet - 2 Meter (Black)","gaming","Generic cable in Gaming"
"AmazonBasics Premium Flexible HDMI Cable and Mini HDMI Adapter, 6-Feet, Black, NOT Compatible with Mobile Phones and Laptops","gaming","Generic cable in Gaming"
"Amazon Basics High Speed HDMI Cable (Gold-Plated, A Male to A Male) - Supports 4K @60Hz and Audio Return (15 Feet)","gaming","Generic cable in Gaming"
"Lukzer 1PC HDMI to VGA Adapter with 3.5mm Audio Cable for Projector, Computer, Laptop (Male to Female Convertor) Gold-Plat...","gaming","Generic cable in Gaming"
"HDMI to VGA Cable 6FT, Unidirectional HDMI to VGA 6' Video Adapter (Male to Male) Compatible for Raspberry Pi, Roku,Comput...","gaming","Generic cable in Gaming"
"Techline HDMI to VGA Adapter Cable 1080P for Projector, Computer, Laptop, TV, Projectors & TV.","gaming","Generic cable in Gaming"
"AmazonBasics HL-007343 High-Speed Mini-HDMI (Not Micro USB/Micro HDMI) to HDMI Cable - 10 Feet (Latest Standard) - Not com...","gaming","Generic cable in Gaming"
"TERABYTE 10 Meter HDMI Male to HDMI Male Cable TV Lead 1.4V High Speed Ethernet 3D Full HD 1080p HDMI Cable (Black For Com...","gaming","Generic cable in Gaming"
"BlueRigger High Speed Mini HDMI(NOT Micro) to HDMI cable with Ethernet (6 Feet / 1.8 Meters)","gaming","Generic cable in Gaming"
"CableCreation USB C to HDMI Cable 4K 6FT for Home Office, Braided USB Type C to HDMI Cable Thunderbolt 3 Compatible with M...","gaming","Generic cable in Gaming"
"Belkin F3Y021bt5M High Speed HDMI Cable with Ethernet - 5 Meter (Black)","gaming","Generic cable in Gaming"
"BlueRigger High Speed Mini HDMI(NOT Micro) to HDMI cable with Ethernet (10 Feet / 3 Meters)","gaming","Generic cable in Gaming"
"TERABYTE 15 Meter HDMI Male to HDMI Male Cable TV Lead 1.4V High Speed Ethernet 3D Full HD 1080p HDMI Cable (Black For Com...","gaming","Generic cable in Gaming"
"Amazon Basics High-Speed HDMI Cable - 10 Feet (2-Pack) -Latest Standard for Xbox, PlayStation, Television, Personal Comput...","gaming","Generic cable in Gaming"
"TERABYTE 5 Meter HDMI Male to HDMI Male Cable TV Lead 1.4V High Speed Ethernet 3D Full HD 1080p HDMI Cable (Black For Comp...","gaming","Generic cable in Gaming"
"RuhZa HDMI to VGA Cable Converter, 6ft 1.5M 1080P HDMI Male to VGA Male D-SUB 15 Pin M/Connector Adapter Cable Cord, Black","gaming","Generic cable in Gaming"
"UGREEN Micro HDMI to HDMI Cable, Type D Male to Type A Female Adapter, Supports 4K 3D for GoPro Hero 5 Raspberry Pi 4 (Not...","gaming","Generic cable in Gaming"
"BlueRigger in-Wall High Speed 18Gbps HDMI Cable - CL3 Rated - Supports 4K 60Hz, Ultra HD, 3D, 1080p, Ethernet and Audio Re...","gaming","Generic cable in Gaming"
"Live Tech HDMI to VGA with 1PC Audio Cable (Extra 1PC Free), Gold-Plated HDMI to VGA Adapter (Male to Female) for Compute...","gaming","Generic cable in Gaming"
"10k 8k 4k HDMI Cable, Certified 48Gbps 1ms Ultra High Speed HDMI 2.1 Cable 4k 120Hz 144Hz 2k 165Hz 8k 60Hz Dynamic HDR ARC...","gaming","Generic cable in Gaming"
"Amazon Basics High Speed HDMI Cable - Supports Ethernet, Full HD 3D, 4K HDR and ARC (4K@60Hz, 18Gbps) - 3 Feet, White","gaming","Generic cable in Gaming"
"BlueRigger HDMI Cable Extension Male to Female HDMI Extender Cord 4K Compatible for TV Stick, Roku Stick, Chromecast, Nint...","gaming","Generic cable in Gaming"
"Amazon Basics 10.2 Gbps High-Speed 4K HDMI Cable with Braided Cord (10-Foot, Dark Grey)","gaming","Generic cable in Gaming"
"BlueRigger High Speed Micro HDMI to HDMI cable (NOT Micro-USB) with Ethernet (6 feet / 1.8 Meters)","gaming","Generic cable in Gaming"
"BlueRigger in-Wall High Speed 10.2Gbps HDMI Cable - CL3 Rated - Supports 4K 30Hz, Ultra HD, 3D, 1080p, Ethernet and Audio ...","gaming","Generic cable in Gaming"
"ZEBRONICS Zeb-Juke BAR 9500WS PRO Dolby 5.1 soundbar with Wireless Satellites, Black & Zeb-HAA3020 HDMI Cable Supports 3D,...","gaming","Generic cable in Gaming"
"Amazon Basics High-Speed HDMI Cable, 3 Feet (Black, 2-Pack) - Supports Ethernet, 3D, 4K video","gaming","Generic cable in Gaming"
"Belkin High Speed HDMI Cable Supports Ethernet, 3D, 4K, 1080p, Audio Return for Television (2 Meters, Black)","gaming","Generic cable in Gaming"
"Sai Traders Hdmi to Vga Cable HDMI Male to VGA Female Video Converter Adapter Cable","gaming","Generic cable in Gaming"
"Priefy HDMI to Vga, Gold-Plated HDMI to VGA Adapter (Male to Female) for Computer, Desktop, Laptop, PC, Monitor, Projecto...","gaming","Generic cable in Gaming"
"ikis - HDMI to VGA Adapter Cable 1080P for Projector, Computer, Laptop, TV, Projectors & TV","gaming","Generic cable in Gaming"
"AmazonBasics 10.2 Gbps High-Speed 4K HDMI Cable with Braided Cord (3-Foot, Dark Grey)","gaming","Generic cable in Gaming"
"UPORT 5 Meter 4K HDMI Cable High Speed, Gold Connectors, 4K @ 60Hz, Ultra HD, 2K, 1080P, & ARC Compatible for Laptop, Moni...","gaming","Generic cable in Gaming"
"CableCreation USB C to HDMI Cable 3 FT 4K@60Hz, Type C to HDMI Cable, Thunderbolt 3 Cable Compatible with MacBook Pro/iMac...","gaming","Generic cable in Gaming"
"MICROWARE Mini HDMI to VGA RGB Video Converter Box Adapter with AV Audio Cable for PC PS3 for XBOX 360 HDTV 1080P","gaming","Generic cable in Gaming"
"Belkin High Speed HDMI Cable Supports Ethernet, 3D, 4K, 1080p, Audio Return for Television (5 Meters, Black)","gaming","Generic cable in Gaming"
"ETZIN HDMI to VGA 1080P HD Video with Audio Cable Converter Adapter Black EPL-451H","gaming","Generic cable in Gaming"
"Amazon Basics 10.2 Gbps High-Speed 4K HDMI Cable with Braided Cord, 1.8 Meter, Dark Grey","gaming","Generic cable in Gaming"
"Tobo VGA to HDMI Adapter/Converter with Audio Old PC to TV/Monitor with HDMI, Male VGA to HDMI Video Adapter for TV, Compu...","gaming","Generic cable in Gaming"
"AmazonBasics DisplayPort (not USB port) to HDMI Cable - 15 Feet, Black","gaming","Generic cable in Gaming"
"AGARO HDMI to HDMI Cable 2 Meters, HDMI 2.0, Premium High Speed, 18Gbps 4K@60Hz Support HDR, 3D, ARC, HDCP 2.2, Cotton Bra...","gaming","Generic cable in Gaming"
"Amazon Basics HL-007330 High-Speed Micro-HDMI to HDMI Cable - 3 Feet (Latest Standard), Black - (NOT Compatible with Mobil...","gaming","Generic cable in Gaming"
"UPORT 10 Meter 4K HDMI Cable High Speed, Gold Connectors, 4K @ 60Hz, Ultra HD, 2K, 1080P, & ARC Compatible for Laptop, Mon...","gaming","Generic cable in Gaming"
"Amazon Basics High-Speed 4K HDMI Cable with Braided Cord, 6 Feet, Light Grey","gaming","Generic cable in Gaming"
"1Goal® HDMI Male to VGA Male D-SUB 15 Pin M/M Adapter Converter Cable Convert Signal from HDMI Laptop,PC,TV Box to VGA Mon...","gaming","Generic cable in Gaming"
"Tizum “Fusion” Gold Plated 4K HDMI to HDMI Cable | HDMI 2.0 | High Speed Data Upto 18Gbps | 3D Compatible | HD Audio & Vid...","gaming","Generic cable in Gaming"
"CableCreation 8K HDMI Cable 10 Feet,CableCreation Ultra HD High Speed HDMI Cable 48Gbps,8K 60Hz,HDCP 2.2,4:4:4 HDR,eARC Co...","gaming","Generic cable in Gaming"
"Cablecreation Active Dp To Hdmi Cable, Displayport Male To Hdmi Male Cable, Fhd Gold-Plated Compatible With Projector, Lap...","gaming","Generic cable in Gaming"
"Priefy HDMI to Vga with 3.5 mm Audio, Gold-Plated HDMI to VGA Adapter (Male to Female) for Computer, Desktop, Laptop, PC, ...","gaming","Generic cable in Gaming"
"BlueRigger Ultra Series (Braided-Nylon) 4K HDMI Cable/HDMI Cord (6 feet / 1.8 Meters, HDMI to HDMI, TOP Series) supports (...","gaming","Generic cable in Gaming"
"AGARO HDMI to HDMI Cable 5 Meters, HDMI 2.0, Premium High Speed, 18Gbps 4K@60Hz Support HDR, 3D, ARC, HDCP 2.2, Cotton Bra...","gaming","Generic cable in Gaming"
"Tizum “Ultra” Gold Plated 4K HDMI to HDMI Cable | HDMI 2.0 | High Speed Data Upto 18Gbps | 3D Compatible | HD Audio & Vide...","gaming","Generic cable in Gaming"
"TIZUM High Speed HDMI Cable Aura -Gold Plated-High Speed Data 10.2Gbps, 3D, 4K, HD 1080P (16 Ft/ 5 M)","gaming","Generic cable in Gaming"
"USB Type C to HDMI Cable, Oxlaw USB Type-C to HDMI Cable 1080P HD HDTV Mirroring & Charging Cable, Digital AV Video Adapte...","gaming","Generic cable in Gaming"
"Belkin 3D, 4K, 1080p, Gold Plated Audio Return High Speed HDMI Cable Supports Ethernet for Television (3.3 Feet, Black)","gaming","Generic cable in Gaming"
"Tobo Micro HDMI to VGA Adapter, Active Micro HDMI to VGA Video Converter with 3.5mm Stereo Audio, Micro HDMI to VGA Cable...","gaming","Generic cable in Gaming"
"GANIX 4k (DP) Display Port Male to HDMI Cable Male Port 1080P 1.8 m HDMI Cable (Compatible with HDTV, Smart-TV, Projector,...","gaming","Generic cable in Gaming"
"MICROWARE HDMI cable HDMI 1 to 2 Split Double Signal Adapter Convert Cable for Video TV HDTV - Black","gaming","Generic cable in Gaming"
"BlueRigger in-Wall High Speed 10.2Gbps HDMI Cable - CL3 Rated - Supports 4K 30Hz, Ultra HD, 3D, 1080p, Ethernet and Audio ...","gaming","Generic cable in Gaming"
"GLink Gold-Plated Soft PVC High-Speed HDMI Cable (15M. / 46 FT.) | Supports Ethernet 1.4V, 3D, 4K video,1080P (Black) (GL-...","gaming","Generic cable in Gaming"
"CableCreation 8K HDMI Cable 3.2 Feet,Ultra High Speed HDMI to HDMI Cable 48Gbps,8K@60Hz 4K@120Hz,HDCP 2.2,eARC Compatible ...","gaming","Generic cable in Gaming"
"VGA to HDMI Adapter VGA to HDMI Converter VGA Male to HDMI Female with 3.5MM Audio Jack Full HD 1080P for Connecting Monit...","gaming","Generic cable in Gaming"
"HDMI to VGA Converter with Audio Cable Male to Female for PC Laptop Tablet Support HDTV Adapter (White)","gaming","Generic cable in Gaming"
"AmazonBasics 10.2 Gbps High-Speed 4K HDMI Cable with Braided Cord, 15-Foot, Dark Grey","gaming","Generic cable in Gaming"
"BlueRigger Ultra Series 8K HDMI to HDMI Cable with 48Gbps Speed, (3.3 Feet / 1 Meter) Supports 8K@60HZ, 4K@120HZ, 1080p Fu...","gaming","Generic cable in Gaming"
"TIZUM High Speed HDMI Cable Aura -Gold Plated-High Speed Data 10.2Gbps, 3D, 4K, HD 1080P (10 Ft/ 3 M)","gaming","Generic cable in Gaming"
"BlueRigger High Speed Micro HDMI to HDMI cable (NOT Micro-USB) with Ethernet (10 feet / 3 Meters)","gaming","Generic cable in Gaming"
"4K High-Speed HDMI Cable 20 Meters - 60 Feet for HD-TV, LED/LCD TV, PC/Laptop, Projector, CD/DVD Player, Home Theater, CCT...","gaming","Generic cable in Gaming"
"Belkin High Speed HDMI Cable Supports Ethernet, 3D, 4K, 1080p, Audio Return for Television (1 Meter, Black)","gaming","Generic cable in Gaming"
"8K HDMI Cable 6.6 Feet, CableCreation Ultra High Speed HDMI to HDMI Cable 48Gbps, 8K@60Hz 4K@120Hz, HDCP 2.2, eARC Compati...","gaming","Generic cable in Gaming"
"tizum Flat HDMI 1.8 M HDMI Cable - Cable for Television, DVD Player","gaming","Generic cable in Gaming"
"JAMUS High Speed HDMI Cable 10 Meter Supports Full HD 1080p (Black)","gaming","Generic cable in Gaming"
"CableCreation Type C to HDMI Cable, USB C to HDMI 4K@30Hz Cable Adapter for Home Office Laptop, Monitor, TV, Compatible wi...","gaming","Generic cable in Gaming"
"AmazonBasics High-Speed 4K HDMI Cable with Braided Cord, 3 Feet, Black","gaming","Generic cable in Gaming"
"BlueRigger Ultra Series 8K HDMI to HDMI Cable with 48Gbps Speed, (6.6 Feet / 2 Meters) Supports 8K@60HZ, 4K@120HZ, 1080p F...","gaming","Generic cable in Gaming"
"Etzin 60M HDMI Extender, HDMI to RJ45 Network Cable Extender Converter Repeater Compatible With 5e / 6 1080p up to 60m HDT...","gaming","Generic cable in Gaming"
"AmazonBasics High-Speed 4K HDMI Cable with Braided Cord, 6 Feet, Black","gaming","Generic cable in Gaming"
"JINCO HDMI to RJ45 Extender Adapter (Receiver & Transmitter) by Cat-5e/6 Cable, Transmission Distance: 30m (Blue)","gaming","Generic cable in Gaming"
"15 Meter HDMI Male to HDMI Male Cable TV Lead 1.4V High Speed Ethernet 3D Full HD 1080p HDMI Cable (Black for Computer, La...","gaming","Generic cable in Gaming"
"NP TECH 3.0 meter black HDMI cable 8.0 OD male to male, 2k ultra hd 4K super deluxe for computer, full copper high speed, ...","gaming","Generic cable in Gaming"
"BlueRigger High Speed Micro HDMI to HDMI cable (NOT Micro-USB) with Ethernet (3 Feet / 0.9 Meters)","gaming","Generic cable in Gaming"
"CableCreation 8K HDMI Cable 3.3 Feet, 48Gbps 4K 8K/60Hz HDMI Cable eARC HDR HDCP 2.2 2.3 Compatible with PS5, PS4, Xbox Se...","gaming","Generic cable in Gaming"
"STELA High Speed Mini HDMI (NOT Micro) to HDMI Cable - Black","gaming","Generic cable in Gaming"
"10k 8k 4k HDMI Cable, Certified 48Gbps 1ms Ultra High Speed HDMI 2.1 Cable 4k 120Hz 144Hz 2k 165Hz 8k 60Hz Dynamic HDR ARC...","gaming","Generic cable in Gaming"
"C&E CNE516844 (12 Feet/3.6 Meters) High Speed HDMI Cable Male to Female with Ethernet and Audio Return (Black)","gaming","Generic cable in Gaming"
"GLink PRO SERIES Gold-Plated SOFT-PVC High-Speed HDMI Cable with ARC (20M. / 62 FT.) | Supports Ethernet 1.4V, 3D, 4K vide...","gaming","Generic cable in Gaming"
"BlueRigger in-Wall High Speed 18Gbps HDMI Cable - CL3 Rated - Supports 4K 60Hz, Ultra HD, 3D, 1080p, Ethernet and Audio Re...","gaming","Generic cable in Gaming"
"Cable Connector Electroline HDMI to HDMI Cable 1.5 Meters, HDMI 2.0, Premium High Speed, 18Gbps 4K@60Hz Support HDR, 3D, A...","gaming","Generic cable in Gaming"
"CableCreation 8K HDMI Cable 6.6 Feet, 48Gbps 4K 8K/60Hz HDMI 2.1 Cable eARC HDR HDCP 2.2 2.3 Compatible with PS5, PS4, Xbo...","gaming","Generic cable in Gaming"
"RuhZa 4k (DP) Display Port Male to HDMI Cable Male Port 1080P 1.8 m HDMI Cable (Compatible with HDTV, Smart-TV, Projector,...","gaming","Generic cable in Gaming"
"BlueRigger High Speed Micro HDMI to HDMI cable (NOT Micro-USB) with Ethernet (15 feet / 4.5 Meters)","gaming","Generic cable in Gaming"
"Lightning to HDMI Digital AV Adapter, 1080P HDMI Cable Compatible with iPhone 12/11/X/8Plus/ iPad/iPod to HDMI","gaming","Generic cable in Gaming"
"WeTek hdmi Jointer, hdmi Connector, hdmi Female to Female Adapter, hdmi to hdmi Connector, hdmi Cable connecter, hdmi Adap...","gaming","Generic cable in Gaming"
"BlueRigger HDMI Cable Extension Male to Female HDMI Extender Cord 4K Compatible for TV Stick, Roku Stick, Chromecast, Nint...","gaming","Generic cable in Gaming"
"BlueRigger Ultra Series (Braided-Nylon) 4K HDMI Cable/HDMI Cord (3 feet / 0.9 Meters, HDMI to HDMI, TOP Series) supports (...","gaming","Generic cable in Gaming"
"4K High-Speed HDMI Cable 15 Meters (45 Feet) For HDTV, LED/LCD TV, PC, Laptop, Home Theater, Projector.","gaming","Generic cable in Gaming"
"GenuineXER® Certified 8K HDMI Cable Ultra High Speed HDMI To Cable 3D 8K@60Hz 4K@120Hz 48Gbps Nylon Braided Gold Plated Co...","gaming","Generic cable in Gaming"
"BlueRigger Ultra Series 8K HDMI to HDMI Cable with 48Gbps Speed, (10 Feet / 3 Meters) Supports 8K@60HZ, 4K@120HZ, 1080p Fu...","gaming","Generic cable in Gaming"
"Storite 15 Meter 4K HDMI to HDMI Cable | HDMI 2.0 | Ultra High Speed Data Upto 18Gbps | 3D Compatible | 4K 60Hz, HD Audio...","gaming","Generic cable in Gaming"
"CARE CASE® HDMI Male to VGA Female with Audio Cable Converter Adapter HDMI to VGA 1080P Gold-Plated Adapter Compatible wit...","gaming","Generic cable in Gaming"
"2.1 HDMI Cable 1 Meter With 48Gbps High Speed (GenuineXER® GX2.1M1) | 8K HDMI Cable 8K@60Hz 4K@120Hz 2K@144Hz Support With...","gaming","Generic cable in Gaming"
"Technotech HDMI Cable 20 Meter Male to Male 1.4v Gold Plated HD 1080p for LCD TV, PC and Laptop (Black)","gaming","Generic cable in Gaming"
"BlueRigger HDMI Cable Extension Male to Female HDMI Extender Cord 4K Compatible for TV Stick, Roku Stick, Chromecast, Nint...","gaming","Generic cable in Gaming"
"GLink PRO SERIES Gold-Plated SOFT-PVC High-Speed HDMI Cable with ARC (25M. / 79 FT.) | Supports Ethernet 1.4V, 3D, 4K vide...","gaming","Generic cable in Gaming"
"C&E High speed HDMI Cable 1.5 ft. 4K Resolution (0.5m) Supports Ethernet, HD, HDR Video, Bandwidth 18Gbps, Audio Return Ch...","gaming","Generic cable in Gaming"
"Sartyee Hdmi Extender Over Cat5E/6, Ethernet To Hdmi 2 Ports Rj45 Ethernet Network Adapter, Support 1080P Up To 30M/98Ft V...","gaming","Generic cable in Gaming"
"SIGNAMIO® X SERIES UHD Cable With Ethernet 4K Ultra High Speed HDMI to HDMI Cable,HDTV 2.0,24K Gold Plated Connector (5 me...","gaming","Generic cable in Gaming"
"HDMI to VGA Adapter, Audio Output Cable Computer Set-top Box Converter Connector Adapter for Laptop, PC, Monitor, Projecto...","gaming","Generic cable in Gaming"
"Vihaan 20 Meter 4K High-Speed HDMI Cable | HD-TV, LED/LCD TV, PC/Laptop, Projector |CD/DVD Player, Home Theater, CCTV DVR ...","gaming","Generic cable in Gaming"
"MICROWARE VGA Male & Audio to HDMI Female Converter Cable VGA + Audio in/HDMI Out","gaming","Generic cable in Gaming"
"Etzin HDMI Male to Dual HDMI Female HDMI Cable (Compatible with TV, Black)-(EPL-441H-01)","gaming","Generic cable in Gaming"
"BlueRigger Ultra Series 8K HDMI to HDMI Cable with 48Gbps Speed, (15 Feet / 4.5 Meter) Supports 8K@60HZ, 4K@120HZ, 1080p F...","gaming","Generic cable in Gaming"
"ikis - Micro HDMI to HDMI Cable, 4K 60Hz, 1.5 Meter 5 feet, Adapter Ethernet Audio Return Compatible for Raspberry Pi 4 RP...","gaming","Generic cable in Gaming"
"Ecomspace USB to HDMI Cable Male Charger Cable Splitter Adapter for HDTV DVD, 8 x 6 x 1 cm (PZIN68014344)","gaming","Generic cable in Gaming"
"rts High-Speed HDMI Cable – 20 Meter (Latest Version Standard) Supports Ethernet,1080p full HD, 3D, 4K 60Hz video, Audio R...","gaming","Generic cable in Gaming"
"CARE CASE® Portable VGA to HDMI Adapter/Converter with Audio (Old PC to TV/Monitor with HDMI), Male VGA to HDMI Video Adap...","gaming","Generic cable in Gaming"
"UPIX® Male to Male HDMI Cable 9.1 Meters (30 Feet) - Supports All HDMI Devices, High Speed 3D, 4K, Full HD 1080p","gaming","Generic cable in Gaming"
"Oxlaw USB C to HDMI Cable, USB Type-C to HDMI Cable 4k 6ft Thunderbolt 3 Compatible for Apple MacBook Pro 2020/2019/2018, ...","gaming","Generic cable in Gaming"
"TERABYTE 20 Meter HDMI Male to HDMI Male Cable TV Lead 1.4V High Speed Ethernet 3D Full HD 1080p HDMI Cable (Black For Com...","gaming","Generic cable in Gaming"
"Honeywell HDMI 1.4 Cable with Ethernet | High Speed HDMI Cable 10.2GBPS | Supports 3D /4Kx2K Ultra High Definition | 3D Ho...","gaming","Generic cable in Gaming"
"IVANKY USB C to HDMI Cable 4K@60Hz, 6ft Thunderbolt 3 Type C to HDMI Adapter Compatible with MacBook Pro, Surface Book, Sa...","gaming","Generic cable in Gaming"
"ETZIN HDMI Male to VGA Female Video Converter Adapter Compatible with Notebook, PC, Laptop, DVD Player, HDTV Projectors, C...","gaming","Generic cable in Gaming"
"Honeywell 3in1 HDMI to VGA, 3.5mm Audio Jack & Micro USB Port, 1080p@60Hz HDMI Resolution & 6.75GB Transfer Speed, VGA Res...","gaming","Generic cable in Gaming"
"CableCreation Mini HDMI to HDMI Cable, 0.5ft Mini-HDMI Male to HDMI Female Adapter, Support 4K 60Hz, 3D, for Camera, Camco...","gaming","Generic cable in Gaming"
"CableCreation 4K Micro HDMI to HDMI Cable Adapter, 4K 60Hz Ethernet 3D Audio Return, Compatible with GoPro Hero 8/7/6/5, R...","gaming","Generic cable in Gaming"
"GLink PRO SERIES Gold-Plated SOFT-PVC High-Speed HDMI Cable with ARC (30M. / 95 FT.) | Supports Ethernet 1.4V, 3D, 4K vide...","gaming","Generic cable in Gaming"
"VGA to HDMI Adapter VGA to HDMI Converter VGA Male to HDMI Female with 3.5MM Audio Jack Full HD 1080P for Connecting Monit...","gaming","Generic cable in Gaming"
"H-its Kabel : ( 1 Piece HDMI MAle to Male Cable 4K HDMI - Short Length High Speed HDMI Cable - HD 4K x 2K HDMI Cable - HDM...","gaming","Generic cable in Gaming"
"1Goal HDMI to VGA Adapter Converter with 3.5mm Stereo Audio, Active Female HDMI to VGA Male 1080p Video Dongle Adaptor for...","gaming","Generic cable in Gaming"
"Compogent INDIA, 1.5 MTR, 4K HDMI CABLE, HIGH PERFORMANCE HDMI CABLE FOR PC/TV/SETUP BOX","gaming","Generic cable in Gaming"
"Cablecreation Hdmi To Mini Hdmi Cable, High Speed 4K Hdmi Adapter, Compatible For Monitor, Tablet, Laptop, Television, Pro...","gaming","Generic cable in Gaming"
"Microware 1080P HDMI Male to VGA Analog Female HDTV Video Audio Output Converter Adapter","gaming","Generic cable in Gaming"
"TORAAC 4K High Speed HDMI 2.0 to HDMI Cable 18Gbps, 4K - 60Hz & 1080p - 240Hz, HDCP enabled, eARC Compatible for PS5, PS4,...","gaming","Generic cable in Gaming"
"UPORT 1.5 Meter 4K HDMI Cable High Speed, Gold Connectors, 4K @ 60Hz, Ultra HD, 2K, 1080P, & ARC Compatible for Laptop, Mo...","gaming","Generic cable in Gaming"
"JGD PRODUCTS High Speed HDMI Cable with Ethernet | Supports 3D 4K | for All HDMI Devices Laptop Computer Gaming Console TV...","gaming","Generic cable in Gaming"
"Rec Trade HDMI Female to VGA Male Converter with 3.5mm Audio, Stereo Audio & Video 1080p Connector for Laptop/ PC/ PS3/ X-...","gaming","Generic cable in Gaming"
"BlueRigger Ultra Series 8K HDMI to HDMI Cable with 48Gbps Speed, (20 Feet / 6 Meter) Supports 8K@60HZ, 4K@120HZ, 1080p Ful...","gaming","Generic cable in Gaming"
"TORAAC 4K nylon braided High Speed HDMI 2.0 to HDMI Cable 18Gbps, 4K 60Hz & 1080p 240Hz, HDCP enabled, eARC Compatible for...","gaming","Generic cable in Gaming"
"Kinsound 8K HDMI Cable, HDMI Cable 2.1 Ultra High Speed 48Gbps 8K/60Hz HDR eARC HDMI Cable for TV, Roku, Samsung, Sony, L...","gaming","Generic cable in Gaming"
"C&E Latest Technology 4K HD HDMI Cable 30 AWG (12ft) High Speed 3D Full HD 1080p Support (3.6 Meters) Compatible HD TV, Bl...","gaming","Generic cable in Gaming"
"ikis Portable VGA to HDMI Adapter/Converter with Audio (Old PC to TV/Monitor with HDMI), Male VGA to HDMI Video Adapter fo...","gaming","Generic cable in Gaming"
"INICIO USB-C to HDMI Cable 4K/60Hz Type C HDTV Adapter Thunderbolt 3 Compatible for MacBook Pro/Air iPad Pro XPS Spectre E...","gaming","Generic cable in Gaming"
"CableCreation 8K HDMI Cable 3.2 Feet, HDCP HDMI Cable 8K 60Hz Ultra High Speed 48Gbps eARC HDMI Cable Compatible with PS5 ...","gaming","Generic cable in Gaming"
"C&E High speed HDMI Cable 20 ft. 4K Resolution (6m) Supports Ethernet, HD, HDR Video, Bandwidth 18Gbps, Audio Return Chann...","gaming","Generic cable in Gaming"
"Storite 10 Meter 4K HDMI to HDMI Cable | HDMI 2.0 | Ultra High Speed Data Upto 18Gbps | 3D Compatible | 4K 60Hz, HD Audio...","gaming","Generic cable in Gaming"
"10k 8k 4k HDMI Cable, Certified 48Gbps 1ms Ultra High Speed HDMI 2.1 Cable 4k 120Hz 144Hz 2k 165Hz 8k 60Hz Dynamic HDR ARC...","gaming","Generic cable in Gaming"
"Tobo HDMI Extender Over Single Cat 5E/6 60M Support Full HD 1080P 3D HDCP EDID Ethernet LAN Cable Switch Network RJ45 to H...","gaming","Generic cable in Gaming"
"FEDUS 5 Meter Certified Premium 8K High-Speed HDMI Cable (8K@60Hz & 4K@120Hz Nylon Braided HDMI Cables Cord 2.1, 48Gbps HD...","gaming","Generic cable in Gaming"
"LS LAPSTER Quality Assured VGA Male to HDMI Output 1080P HD +Audio TV AV Video Cable Converter Adapter (LST-Mini-VGA(M) TO...","gaming","Generic cable in Gaming"
"BlueRigger Braided High Speed HDMI Cable with Ethernet - Supports 3D, 4K and Audio Return [Latest Version] - 10 Feet","gaming","Generic cable in Gaming"
"Terabyte LC0037 5m 3D HDMI Cable (Black)","gaming","Generic cable in Gaming"
"BlueRigger Ultra Series 8K HDMI to HDMI Cable with 48Gbps Speed, (25 Feet / 7.5 Meter) Supports 8K@60HZ, 4K@120HZ, 1080p F...","gaming","Generic cable in Gaming"
"CableCreation Micro HDMI to HDMI Cable Male to Female with Ethernet Support 4K 60Hz 3D Compatible with Raspberry Pi 4, GoP...","gaming","Generic cable in Gaming"
"CableCreation 8K HDMI Cable 10 Feet, 48Gbps HDMI 8K@60Hz Cable eARC HDR HDCP 2.2 2.3 Compatible with PS5, PS4, Xbox Series...","gaming","Generic cable in Gaming"
"QZ Displayport to HDMI Cable, DP to HDMI Cable, Unidirectional, DisplayPort 1.4, HDMI2.0, 4K 60Hz, Black, 1.8 Meter","gaming","Generic cable in Gaming"
"BlueRigger Ultra Series (Braided-Nylon) 4K HDMI Cable/HDMI Cord (25 feet / 7.5 Meters, HDMI to HDMI, TOP Series) supports...","gaming","Generic cable in Gaming"
"CableCreation 8K HDMI Cable 3.3 Feet,Cablecreation 48Gbps Ultra High Speed 8K/60Hz eARC HDR HDCP 2.2 2.3 HDMI Cable Compat...","gaming","Generic cable in Gaming"
"BlueRigger Ultra Series 8K HDMI to HDMI Cable with 48Gbps Speed, (35 Feet / 10.5 Meter) Supports 8K@60HZ, 4K@120HZ, 1080p ...","gaming","Generic cable in Gaming"
"ZODIAC COMPUTER SYSTEMS 1.5M High Speed HDMI Cable for Xbox 360, 3D Ps3, Blueray, HDTV, Plasma TV, LED and LCD (Black)","gaming","Generic cable in Gaming"
"AVCOM Hdmi Cable (1 Input 2 Output) Y Splitter Cable Adapter for Projector, Computer, Laptop, Pc-Monitor HDTV, Led/LCD Tv,...","gaming","Generic cable in Gaming"
"H-its Kabel : ( 2 Pieces HDMI Male to Male Cable/HDMI - Short Length + High Speed HDMI Cable - HD 4K x 2K HDMI Cable - HDM...","gaming","Generic cable in Gaming"
"eFix HDMI to VGA Converter Cable Audio Cable D-SUB Male Video Adapter Cable Lead D-SUB 15 Pin M/Connector Adapter Cable Co...","gaming","Generic cable in Gaming"
"BlueRigger Ultra Series (Braided-Nylon) 4K HDMI Cable/HDMI Cord (15 feet / 4.5 Meters, HDMI to HDMI, TOP Series) supports...","gaming","Generic cable in Gaming"
"Amazon Basics High-Speed 4K HDMI Cable with Braided Cord, 6 Feet, Red","gaming","Generic cable in Gaming"
"C&E 4K HDMI Cable 10ft, HDMI Cable Male to Female Support 4K@24Hz, 10.2 Gbps, Support ethernet, Dolby Vision, eARC Compati...","gaming","Generic cable in Gaming"
"ETZIN Micro HDMI to VGA HD Video Adapter Cable with 3.5mm Audio Jack Compatible with HDTV, Xbox, PS4, Tablet, PC, Projecto...","gaming","Generic cable in Gaming"
"CableCreation 8K HDMI Cable 6.6 Feet, 48Gbps HDMI 8K@60Hz Cable eARC HDR HDCP 2.2 2.3 Compatible with PS5, PS4, Xbox Serie...","gaming","Generic cable in Gaming"
"AGARO HDMI to HDMI Cable 3 Meters, HDMI 2.0, Premium High Speed, 18Gbps 4K@60Hz Support HDR, 3D, ARC, HDCP 2.2, Cotton Bra...","gaming","Generic cable in Gaming"
"AplinK® 10 Module Hydraulic Popup Box (Silver)Free 1 MT HDMI Cable","gaming","Generic cable in Gaming"
"TERABYTE 15 Meter HDMI Male to HDMI Male Cable High Speed 3D Full HD 1080p HDMI Cable (Black For Computer, Laptop)10","gaming","Generic cable in Gaming"
"SIGNAMIO® VGA to HDMI, Mini HD 1080P Audio VGA to HDMI HD HDTV Video Converter Box Adapter VGA2HDMI for PC Laptop Display ...","gaming","Generic cable in Gaming"
"Toraac 8K Ultra High Speed HDMI to HDMI Cable 48Gbps, 8K-60Hz 4K-120Hz, HDCP 2.2, eARC Compatible for PS5, PS4, Xbox Serie...","gaming","Generic cable in Gaming"
"CableCreation Type C to HDMI Cable, USB C to HDMI 4K@30Hz Cable Adapter for Home Office Laptop, Monitor, TV, Compatible wi...","gaming","Generic cable in Gaming"
"C & E 1.5 ft Ultra HDMI cable – 4K HDMI cord (HDMI to HDMI cable @60Hz High Speed with Ethernet 0.5 m HDMI Cable, Gold,Ult...","gaming","Generic cable in Gaming"
"World Shopper HDMI Extender,HDMI to RJ45 Network Cable Extender Converter Repeater Over cat 5e / 6 1080p up to 30m Extende...","gaming","Generic cable in Gaming"
"SMALLRIG Camera Cage and HDMI Cable Clamp Only for Sony Alpha 7S III / A7S III / A7SIII / A7S3-3007B","gaming","Generic cable in Gaming"
"Tobo 8K HDMI 2.1 Cable 2M, Certified 48Gbps Ultra High Speed HDMI Cable 4K 120Hz 8K 60Hz 10K eARC HDCP 2.2&2.3 Dynamic HDR...","gaming","Generic cable in Gaming"
"BlueRigger Braided High Speed HDMI cable with Ethernet - Supports 3D, 4K and Audio Return [Latest Version] (6 Feet / 1.8 M...","gaming","Generic cable in Gaming"
"Kinsound High Speed 4K Hdmi Cable With Ethernet Supports 3D, 4K, 1080P Compatible With Tv, Projector, Nintendo Switch, Ps,...","gaming","Generic cable in Gaming"
"HDMI to VGA, FENTICO Gold-Plated HDMI to VGA Adapter (Male to Female) with Audio Compatible for Computer, Desktop, Laptop,...","gaming","Generic cable in Gaming"
"UNIFREE HDMI to VGA 1080P HDMI Male to VGA Female Video Converter Adapter Cable (HDMI to VGA Convertor)","gaming","Generic cable in Gaming"
"FEDUS Certified 4K Long HDMI Cable 3M, Aluminium Shell Braided Ultra HD 2.0 Support 4K 60Hz (HDR10 8/10bit 18Gbps HDCP2.2 ...","gaming","Generic cable in Gaming"
"CARE CASE® VGA Male to HDMI Female Adapter with Audio 1080P HD + Audio TV AV Video Cable Converter Adapter Compatible with...","gaming","Generic cable in Gaming"
"AMS HDMI to VGA with Audio Adapter, HDMI Male to VGA Female Video Cable Converter with 3.5mm Audio Adapter ‎Plug HDMI Conn...","gaming","Generic cable in Gaming"
"TERABYTE 5 Meter HDMI Male to HDMI Male Cable TV Lead 1.4V High Speed Ethernet 3D Full HD 1080p HDMI Cable (Black For Comp...","gaming","Generic cable in Gaming"
"BlueRigger Ultra Series (Braided/Nylon) HDMI Cable Supports 4K@60HZ, FullHD, Ultra HD, 3D High Speed with Ethernet, ARC, P...","gaming","Generic cable in Gaming"
"Sony DLC-HX10 Premium High Speed HDMI Cable with Ethernet, Black, Compact (FDAEP19.SYH)","gaming","Generic cable in Gaming"
"Honeywell Type C to 2.0 HDMI Cable (Braided), Transmission Speed of 18GBPS, Supports UHD Resolution Upto 4Kx2K@60Hz, Male ...","gaming","Generic cable in Gaming"
"HiperAds HDMI to VGA Adapter/ Connector/ Converter Cable 1080P (Male to Female) for Media Players, Xbox, Projector, Comput...","gaming","Generic cable in Gaming"
"UGREEN 8K HDMI Cable Ultra HD High Speed 48Gbps HDMI 2.1 8K 60Hz Support Dynamic HDR, Dolby Vision, eARC, Compatible for X...","gaming","Generic cable in Gaming"
"CableCreation Ultra Thin HDMI Cable Male to Male, 3.3ft 4K HDMI High-Speed Slim Low Profile Cable, Support 3D, 4K@60Hz, Au...","gaming","Generic cable in Gaming"
"TERABYTE 30 Meter HDMI Male to HDMI Male Cable TV Lead 1.4V High Speed Ethernet 3D Full HD 1080p HDMI Cable (Black For Com...","gaming","Generic cable in Gaming"
"C&E High Speed Ultra HDMI Cable CL3 Rated (40 Feet / 12.1 Meter) with Ethernet, Supports (4K x 2K @ 60HZ), Video 4K UHD 21...","gaming","Generic cable in Gaming"
"CableCreation 8K HDMI Cable 6.6 Feet, High Definition HDMI Cord 48Gbps, 8K 60Hz, HDCP 2.2, 4:4:4 HDR, eARC Compatible with...","gaming","Generic cable in Gaming"
"AGARO HDMI to HDMI Cable 10 Meters, HDMI 2.0, Premium High Speed, 18Gbps 4K@60Hz Support HDR, 3D, ARC, HDCP 2.2, Cotton Br...","gaming","Generic cable in Gaming"
"BlueRigger Ultra Series 8K HDMI to HDMI Cable with 48Gbps Speed, (3.3 Feet / 1 Meter) Supports 8K@60HZ, 4K@120HZ, 1080p Fu...","gaming","Generic cable in Gaming"
"Terabyte HDMI to RJ45 Network Cable Extender, HDMI Extender by Ethernet LAN Cable TX(Input)/ RX(Output) Adapter HD Convert...","gaming","Generic cable in Gaming"
"Ganix Multimedia Wall Socket Face Plate for HDMI VGA 3RCA for Home Office","gaming","Generic cable in Gaming"
"GLink Gold-Plated Soft PVC High-Speed HDMI Cable (30M. / 95 FT.) | Supports Ethernet 1.4V, 3D, 4K video,1080P (Black) (GL-...","gaming","Generic cable in Gaming"
"MaK WOrLD® HDMI to HDMI Cable 1080P with Gold Plated Connectors 15 Meter","gaming","Generic cable in Gaming"
"7SEVEN® Hdmi Cable 5 meter Wire Extension Length Suitable for All Application Devices with 2.0 Version High Speed Pro Prem...","gaming","Generic cable in Gaming"
"MX HDMI Male to HDMI Male Cord 2.0 V (5 Meter) 19pin High Speed HDMI Cable Supports 4K@60MHz, 2160p, 1080p & 3D and Audio ...","gaming","Generic cable in Gaming"
"AmazonBasics HL-007331 High-Speed Micro-HDMI (NOT Micro-USB) to HDMI Cable - 3 Feet (2-Pack) (Latest Standard) (Black)","gaming","Generic cable in Gaming"
"Storite 20 Meter 4K HDMI to HDMI Cable | HDMI 2.0 | Ultra High Speed Data Upto 18Gbps | 3D Compatible | 4K 60Hz, HD Audio...","gaming","Generic cable in Gaming"
"1Goal® HD 1080P HDMI Female to VGA Female Converter Adapter Dongle with 3.5mm Audio for Laptop PC Xbox STB Blu-ray DVD","gaming","Generic cable in Gaming"
"MaK WOrLD® HDMI to HDMI Cable 1080P with Gold Plated Connectors 10 Meter","gaming","Generic cable in Gaming"
"Storite 90cm 19pin High Speed HDMI Cable, Male to Male HDMI Cord Supports 4K@30Hz, 2160p, 1080p & 3D and Audio Return for ...","gaming","Generic cable in Gaming"
"CableCreation 8K HDMI Cable 10 Feet, 48Gbps HDMI 8K@60Hz Cable eARC HDR HDCP 2.2 2.3 Compatible with PS5, PS4, Xbox Series...","gaming","Generic cable in Gaming"
"CableCreation 8K HDMI Cable 3.3 Feet, 48Gbps HDMI 8K@60Hz Cable eARC HDR HDCP 2.2 2.3 Compatible with PS5, PS4, Xbox Serie...","gaming","Generic cable in Gaming"
"RAYO Flexible High Speed HDMI Cable All HDMI Devices - 1.5 Meter","gaming","Generic cable in Gaming"
"Rec Trade HDMI to VGA Converter with Audio, VGA Male to HDMI Female with 3.5mm Stereo Audio & Video 1080p Connector for La...","gaming","Generic cable in Gaming"
"7SEVEN® hdmi Cable 5 meters Full hd 1080p Support Upto 120Hz and Suitable for tv Projector Laptop Computer pc Android Ampl...","gaming","Generic cable in Gaming"
"Amigo Flexible and Durable HDMI Cable 5ft / 1.5 mtr length - Supports Ethernet, 3D, 4K HDR and ARC (4K@60Hz, 10Gbps)","gaming","Generic cable in Gaming"
"MICROWARE 4K High Speed HDMI Cable “Ultra”- HDMI 2.0 -Gold Plated-High Speed Data 18Gbps, 3D, 4K, HD 2160p (4K HDMI 2.0-3 ...","gaming","Generic cable in Gaming"
"CABLESETC Micro HDMI to HDMI Cable Type D Male to Type A Female with Ethernet Support 4K 60Hz 3D Compatible with Raspberry...","gaming","Generic cable in Gaming"
"GLink PRO SERIES Gold-Plated SOFT-PVC High-Speed HDMI Cable with ARC (5M. / 16 FT.) | Supports Ethernet 1.4V, 3D, 4K vide...","gaming","Generic cable in Gaming"
"1Goal® 1080P HDMI Male to VGA Female Converter Box Adapter with 3.5mm Audio Port for PC HDTV - Black","gaming","Generic cable in Gaming"
"RuhZa HDMI to VGA Adapter, Seminer HDMI Male to VGA Female Adapter with 3.5mm Audio Jack Cable Compatible with Monitor/Lap...","gaming","Generic cable in Gaming"
"Tobo HDMI to VGA HDMI Adapter, Dual Display 4K HDMI to HDMI VGA Splitter Converter with Charging Cable and 3.5mm Audio Cab...","gaming","Generic cable in Gaming"
"Tobo HDMI to VGA Converter Gold-Plated 1080P Female to Female Adapte with 3.5mm Audio Compatible with Projector HDTV Monit...","gaming","Generic cable in Gaming"
"Techline HDMI to VGA Converter Cable, White | 1080 p HDMI Male to VGA Female Video Adapter | to Connect Incompatible Displ...","gaming","Generic cable in Gaming"
"C&E CNE515960 (6 Feet/1.8 Meters) High Speed HDMI Cable Male to Female with Ethernet and Audio Return (Black)","gaming","Generic cable in Gaming"
"CableCreation 8K HDMI Cable 6.6 Feet, 8K 60Hz eARC HDMI Cable Ultra High Speed 48Gbps HDR HDCP 2.2 & 2.3 Dolby Vision HDMI...","gaming","Generic cable in Gaming"
"iSOUL 4K HDMI Cable, High-Speed HDMI 2.0 Cable, Supports 3D Formats with Audio Return Compatible with Blu-ray PS4 PS5 Xbox...","gaming","Generic cable in Gaming"
"HDMI to VGA with 1PC Audio Cable/Adapter (Male to Female) for Computer-Laptop-HDTV-Xbox[NOT for VGA to HDMI] (White/Black)","gaming","Generic cable in Gaming"
"RAYO Flexible High Speed HDMI Cable All HDMI Devices - 3 Meter","gaming","Generic cable in Gaming"
"MX HDMI Male to HDMI Male Cord 2.0 V (10 Meter) 19pin High Speed HDMI Cable Supports 4K@60MHz, 2160p, 1080p & 3D and Audio...","gaming","Generic cable in Gaming"
"VOOCME HDMI to VGA Converter Cable Audio Cable D-SUB Male Video Adapter Cable Lead D-SUB 15 Pin M/Connector Adapter Cable ...","gaming","Generic cable in Gaming"
"Verilux® HDMI to VGA, Portable HDMI to VGA Converter/Adapter with Audio (Old PC to TV/Monitor with HDMI) for Computer, Des...","gaming","Generic cable in Gaming"
"TIZUM “Ultra” Gold Plated 4K HDMI to HDMI Cable | HDMI 2.0 | High Speed Data Upto 18Gbps | 3D Compatible | HD Audio & Vide...","gaming","Generic cable in Gaming"
"UGREEN 8K HDMI Cable Ultra HD High Speed 48Gbps HDMI 2.1 8K 60Hz Support Dynamic HDR, Dolby Vision, eARC, Compatible for X...","gaming","Generic cable in Gaming"
"CableCreation 8K HDMI Cable 3.3 Feet, 48Gbps HDMI 8K@60Hz Cable eARC HDR HDCP 2.2 2.3 Compatible with PS5, PS4, Xbox Serie...","gaming","Generic cable in Gaming"
"CARE CASE® Display Port to HDMI Cable Compatible Devices Projector, Laptop, TV, Monitor, PC","gaming","Generic cable in Gaming"
"Dhruvga HDMI Male to VGA Male Cable 3M, Unidirectional HDMI to VGA Video Converter Gold Platted Connector, Compatible with...","gaming","Generic cable in Gaming"
"AMS HDMI Splitter Cable 1m, HDMI Cable 1 in 2 Out 4K, HDMI Splitter for Dual Monitors Compatible with Projectors, PS3, DVD...","gaming","Generic cable in Gaming"
"LipiWorld® 4K Ultra HD 3D 3 Port HDMI AUTO Switch Splitter 1080P HD TV Adapter Cable 3 in 1 Out(3 Port Hdmi Cable)","gaming","Generic cable in Gaming"
"FEDUS Certified 4K Long HDMI Cable 3.2 FEET/1M, Aluminium Shell Braided Ultra HD 2.0 Support 4K 60Hz (HDR10 8/10bit 18Gbps...","gaming","Generic cable in Gaming"
"ieopon Villa HDMI Extender,HDMI to RJ45 Network Cable Extender Converter Repeater Over cat 5e / 6 1080p up to 30m Extender...","gaming","Generic cable in Gaming"
"FENTICO VGA to HDMI Adapter VGA to HDMI Converter VGA Male to HDMI Female with 3.5MM Audio Jack Full HD 1080P for Connecti...","gaming","Generic cable in Gaming"
"viboton HDMI to VGA, Gold-Plated HDMI to VGA Adapter (Male to Female) Projector, HDTV, Chromebook, Raspberry Pi, Roku, Xbo...","gaming","Generic cable in Gaming"
"Shri ram ji Enterprise & Traders ELECTROLINE 3Mtr 4K Ultra HD HDMI to HDMI Cable (Black)","gaming","Generic cable in Gaming"
"Techworld HDMI Extender,HDMI to RJ45 Network Cable Extender Converter Repeater Over cat 5e / 6 1080p up to 30m Extender fo...","gaming","Generic cable in Gaming"
"BlueRigger 4K Mini DisplayPort to HDMI 2.0 Cable, Thunderbolt 2 to HDMI Cable UHD, Mini DP to HDMI, Surface to HDMI, HDMI ...","gaming","Generic cable in Gaming"
"C&E High Speed HDMI Cable Male to Female with Ethernet Black (20 Feet/6.0 Meters)","gaming","Generic cable in Gaming"
"VGA to HDMI Converter","gaming","Generic cable in Gaming"
"ikis hdmi Jointer, hdmi Connector, hdmi Female to Female Adapter, hdmi to hdmi Connector, hdmi Cable connecter, hdmi Adapt...","gaming","Generic cable in Gaming"
"UGREEN 8K HDMI Cable Ultra HD High Speed 48Gbps HDMI 2.1 8K 60Hz Support Dynamic HDR, Dolby Vision, eARC, Compatible for X...","gaming","Generic cable in Gaming"
"DigiReach® HDMI Cable 3 Meter FullHD 1080P - HDMI 1.4 - ARC - HDCP 1.4- Gold Plated Connector - Premium HDMI for TV - Proj...","gaming","Generic cable in Gaming"
"C&E High Speed Ultra HDMI Cable CL3 Rated (15 Feet / 4.5 Meter) with Ethernet, Supports (4K x 2K @ 60HZ), Video 4K UHD 216...","gaming","Generic cable in Gaming"
"C&E CNE507897 (25 Feet/7.6 Meters) High Speed HDMI Cable Male to Female with Ethernet and Audio Return (Black)","gaming","Generic cable in Gaming"
"TERABYTE 20 Meter HDMI Male to HDMI Male Cable TV Lead 1.4V High Speed Ethernet 3D Full HD 1080p HDMI Cable (Black for Com...","gaming","Generic cable in Gaming"
"HiperAds HDMI Male to Dual HDMI Female HDMI Cable 1 to 2 Way Splitter Adapter Cable 1080P Converter (Compatible with TV, B...","gaming","Generic cable in Gaming"
"1080P HDMI Male to VGA Female Converter Box Adapter 3.5mm Port for PC HDTV","gaming","Generic cable in Gaming"
"BlueRigger Braided High Speed HDMI cable with Ethernet - Supports 3D, 4K and Audio Return [Latest Version] - 3 Feet HDMI C...","gaming","Generic cable in Gaming"
"Terabyte HDMI Male to VGA Female Video Converter Adapter Cable with Sound Aux Cable (Black) 6","gaming","Generic cable in Gaming"
"C&E 4K HDMI Cable 20ft, HDMI Cable Support 4K@24Hz, 10.2 Gbps, Support ethernet, Dolby Vision, eARC Compatible with Apple ...","gaming","Generic cable in Gaming"
"GLink PRO SERIES Gold-Plated SOFT-PVC High-Speed HDMI Cable with ARC (10M. / 30 FT.) | Supports Ethernet 1.4V, 3D, 4K vide...","gaming","Generic cable in Gaming"
"Galaxy Retail 15meter HDMI Cable 4K Ultra HD HDMI Male to Male Cable (15m, Black)","gaming","Generic cable in Gaming"
"UGREEN 8K HDMI Cable 6 FT HDMI 2.1 Support 8K 60Hz Ultra HD, Dynamic HDR, High Speed 48Gbps, Dolby Vision, eARC, Compatibl...","gaming","Generic cable in Gaming"
"High Speed HDMI Braided Cable - HDMI 2.1 Cable 1.5m,8K hdmi Cable Snowkids Ultra HD hdmi 48Gbps High Speed 8K@60Hz,4K@120H...","gaming","Generic cable in Gaming"
"CableCreation HDMI Cable 4K@60Hz, HDMI 4K Cable, High-Speed 18Gbps, 4K HDR, 3D, 2160P, 1080P, Ethernet Support, Compatible...","gaming","Generic cable in Gaming"
"BlueRigger Ultra Series (Braided/Nylon) HDMI Cable Supports 4K@60HZ, FullHD, Ultra HD, 3D High Speed with Ethernet, ARC, P...","gaming","Generic cable in Gaming"
"AGARO HDMI to HDMI Cable 5 Meters, HDMI 2.1, Premium High Speed, Supports up to 48Gbps 8K@60Hz Support Dynamic HDR, 3D, eA...","gaming","Generic cable in Gaming"
"C & E 50 FT Ultra 4K HDMI Cable 60Hz HDR, High Speed 18 Gbps 2.0 15.24 m HDMI Cable (Compatible with HDTV, Red)","gaming","Generic cable in Gaming"
"MX HDMI Male to HDMI Male Cord 2.0 V (1.5 Meter) 19pin High Speed HDMI Cable Supports 4K@60MHz, 2160p, 1080p & 3D and Audi...","gaming","Generic cable in Gaming"
"coconut Ultra High Speed HDMI Cable 2.0 version (2 Meter/6.6 feet) Braided - Supports Ethernet Full HD 3D 4K ARC for Lapto...","gaming","Generic cable in Gaming"
"Belkin USB-C to HDMI Adapter + Charge (Supports 4K UHD Video, Pass-Through Power & High Speed HDMI Cable Supports Etherne...","gaming","Generic cable in Gaming"
"UPORT 25 cm VGA to HDMI 4K Converter Cable with Audio 1080p, Active Male VGA-HDMI Male Out Lead Video Converter Cord for C...","gaming","Generic cable in Gaming"
"Ugreen High Speed HDMI Cable with Ethernet 90 Degree Right Angle Supports 3D and Audio Return Compatible for Blu Ray Playe...","gaming","Generic cable in Gaming"
"DigiReach® HDMI Cable 1.5 Meter FullHD 1080P - HDMI 1.4 - ARC - HDCP 1.4 - Gold Plated Connector - Premium HDMI for TV - P...","gaming","Generic cable in Gaming"
"BlueRigger Ultra Series 8K HDMI to HDMI Cable with 48Gbps Speed, (35 Feet / 10.5 Meter) Supports 8K@60HZ, 4K@120HZ, 1080p ...","gaming","Generic cable in Gaming"
"BigPlayer HDMI Male to VGA Female Video Converter Adapter Cable (Black)","gaming","Generic cable in Gaming"
"TERABYTE 15 Meter HDMI Male to HDMI Male Cable High Speed 3D Full HD 1080p HDMI Cable (Black For Computer, Laptop)08","gaming","Generic cable in Gaming"
"World Shopper hdmi to vga Adapter Audio Cable (Black)","gaming","Generic cable in Gaming"
"Terabyte HDMI to VGA with Aux Adapter, HDMI Male to VGA Female Full HD 720/1080P Aux Converter (Black) + 1.5 Mtr 15 Pin Ma...","gaming","Generic cable in Gaming"
"C&E 50 FT(15.2M) High Speed Ultra 4K HDMI Cable with Ethernet Blue (50 Feet/15.2 Meters) Supports 4Kx2K@60HZ, 18 Gbps - 24...","gaming","Generic cable in Gaming"
"BlueRigger Ultra Series 8K HDMI to HDMI Cable with 48Gbps Speed, (15 Feet / 4.5 Meter) Supports 8K@60HZ, 4K@120HZ, 1080p F...","gaming","Generic cable in Gaming"
"TIZUM High Speed HDMI Cable Aura- Gold Plated-High Speed Data 10.2Gbps, 3D, 4K, HD 1080P (5 Ft/ 1.5 M)","gaming","Generic cable in Gaming"
"Toraac 4K High Speed HDMI 2.0 to HDMI Cable 18Gbps, 4K - 60Hz & 1080p - 240Hz, HDCP enabled, eARC Compatible for PS5, PS4,...","gaming","Generic cable in Gaming"
"AGARO HDMI to HDMI Cable 2 Meters, HDMI 2.1, Premium High Speed, Supports up to 48Gbps 8K@60Hz Support Dynamic HDR, 3D, eA...","gaming","Generic cable in Gaming"
"HDMI Extender 30m to RJ45 LAN Ethernet Port 4k HDMI Network Transmitter (TX) Receiver (RX) Adapter Dongle Converter Over C...","gaming","Generic cable in Gaming"
"MICROWARE New Universal VGA & Audio to HDMI Converter, Cable Version, VGA + Audio in/HDMI Out","gaming","Generic cable in Gaming"
"Vihaan 1.5 Meter 4K High-Speed HDMI Cable | HD-TV, LED/LCD TV, PC/Laptop, Projector |CD/DVD Player, Home Theater, CCTV DVR...","gaming","Generic cable in Gaming"
"C & E 4K HDMI cord HDMI to HDMI cable @60Hz with Ethernet 1.5 ft Ultra /0.5 Meter HDMI Cable, Gold","gaming","Generic cable in Gaming"
"C&E Latest Technology 4K HD HDMI Cable 28 AWG (30ft) High Speed 3D Full HD 1080p Support (9.1 Meters) Compatible HD TV, Bl...","gaming","Generic cable in Gaming"
"DigiReach® HDMI Cable 10 Meter FullHD 1080P - HDMI 1.4 - ARC - HDCP 1.4 - Gold Plated Connector - Premium HDMI for TV - Pr...","gaming","Generic cable in Gaming"
"CableCreation Mini HDMI to HDMI Cable, Support 4K 60Hz Ultra HD, 3D, High Speed, 6 Feet","gaming","Generic cable in Gaming"
"HIKVISION 8 Channel NVR 4K 1U H.265+ 160 Mbps DS-7608NI-K1 with Ramilton HDMI Cable","gaming","Generic cable in Gaming"
"C&E HDMI Cable (3 Feet/0.9 meters) Male to Female Supports 4K@30Hz, High Speed, Hand-Tested, HDMI Ready - HD, 10.2Gbps, Au...","gaming","Generic cable in Gaming"
"NEWCARE HDMI 2.0b Switch 3 in 1 Out 【with High Speed 3.9 FT HDMI Cable】, 3x1 HDMI Selector Switch with Remote,Support UHD ...","gaming","Generic cable in Gaming"
"CP PLUS High Speed HDMI Cable 1.5 Meter Support 4K, 3D, Ethernet & Ideal for Surveillance","gaming","Generic cable in Gaming"
"Technotech Mini Compact Video VGA to HDMI 1080p Converter Adapter with 3.5mm Audio","gaming","Generic cable in Gaming"
"ikis 1.5m - High Speed HDMI Cable Male to Male Cable for LED/LCD TV, PC Monitor, Setup Box - 1.5m HDMI Male to Male Cable ...","gaming","Generic cable in Gaming"
"Cablecreation 8K 48Gbps Ultra High Speed Hdmi Cable 10Ft, 4K120 8K 60 144Hz Earc Hdr Hdcp 2.2 2.3 Compatible With Ps5 Ps4 ...","gaming","Generic cable in Gaming"
"C & E 4K HDMI Cable High Speed 10.2Gbps 20 ft Male to Female Cable,4K, 3D, 2160P, 1080P, Ethernet -ARC (Black, For TV)","gaming","Generic cable in Gaming"
"UGREEN HDMI Cable 4K Braided High Speed HDMI Cord 18Gbps with Ethernet Support 4K 60HZ Compatible for UHD TV, Monitor, Com...","gaming","Generic cable in Gaming"
"Rec Trade HDMI to VGA Cable, Gold-Plated HDMI Male to VGA Male 1080p Video Converter Cable, for PC/Laptop etc.(Only Conver...","gaming","Generic cable in Gaming"
"FEDUS 2 Meter Certified Premium 8K High-Speed HDMI Cable (8K@60Hz & 4K@120Hz Nylon Braided HDMI Cables Cord 2.1, 48Gbps HD...","gaming","Generic cable in Gaming"
"JINCO HDMI to VGA 1080P HDMI Male to VGA Female Video Converter Adapter Cable for PC Laptop HDTV Projectors and More Devic...","gaming","Generic cable in Gaming"
"Roku Express (New, 2022) HD Streaming Device with High-Speed HDMI Cable and Simple Remote, Guided Setup, and Fast Wi-Fi","gaming","Generic cable in Gaming"
"8K@60Hz DisplayPort to HDMI Cable 9.9ft, DP 1.4a to HDMI 2.1 Video Cord, Support 8K, 4K@120Hz/144Hz, 2K@240Hz, VRR, HDR, D...","gaming","Generic cable in Gaming"
"HiperAds HDMI Male to VGA Male D-SUB 15 Pin M/M Adapter Converter Cable Convert Signal from HDMI Laptop,PC,TV Box to VGA M...","gaming","Generic cable in Gaming"
"TERABYTE 25 Meter HDMI Male to HDMI Male Cable TV Lead 1.4V High Speed Ethernet 3D Full HD 1080p HDMI Cable (Black For Com...","gaming","Generic cable in Gaming"
"GLink PRO SERIES Gold-Plated SOFT-PVC High-Speed HDMI Cable with ARC (3M. / 9.50 FT.) | Supports Ethernet 1.4V, 3D, 4K vid...","gaming","Generic cable in Gaming"
"Tizum “Fusion” Gold Plated 4K HDMI to HDMI Cable | HDMI 2.0 | High Speed Data Upto 18Gbps | 3D Compatible | HD Audio & Vid...","gaming","Generic cable in Gaming"
"CableCreation 8K HDMI Cable 10 Feet, 48Gbps HDMI 8K@60Hz Cable eARC HDR HDCP 2.2 2.3 Compatible with PS5, PS4, Xbox Series...","gaming","Generic cable in Gaming"
"7SEVEN® Hdmi Cable 15 meter Wire Extension Length Suitable for All Application Devices with 2.0 Version High Speed Pro Pre...","gaming","Generic cable in Gaming"
"7SEVEN® Hdmi Cable 3 meter Wire Extension Length Suitable for All Application Devices with 2.0 Version High Speed Pro Prem...","gaming","Generic cable in Gaming"
"TIZUM HDMI Cable with High-Speed Ethernet, Supports 3D, 4K Resolution, Compatible for All HDMI Devices (1.5 Meter/ 5 Feet)...","gaming","Generic cable in Gaming"
"7SEVEN® hdmi cable 1.5 meter full hd 1080p support upto 120Hz and suitable for tv projector laptop computer pc android amp...","gaming","Generic cable in Gaming"
"15 Feet (5 Meters) High Speed 4K HDMI Cable For 3D, HDTV, LED/LCD TV, PC, Laptop, Projector, Home Theater, HD-DVD, Gaming ...","gaming","Generic cable in Gaming"
"Kinsound 8K HDMI Cable, HDMI Cable 2.1 Ultra High Speed 48Gbps 8K/60Hz HDR eARC HDMI Cable for TV, Roku, Samsung, Sony, L...","gaming","Generic cable in Gaming"
"CableCreation DisplayPort to HDMI Cable, DP Male to HDMI Male Cable, 4K@30Hz Max 1080P 144Hz FHD Gold-Plated, Compatible w...","gaming","Generic cable in Gaming"
"C&E 40 FT(12.1M) High Speed Ultra 4K HDMI Cable with Ethernet Gold (40 Feet/12.1 Meters) Supports 4Kx2K@60HZ, 18 Gbps - 24...","gaming","Generic cable in Gaming"
"UPIX® Male to Male HDMI Cable 4.5 Meters (15 Feet) - Supports All HDMI Devices, High Speed 3D, 4K, Full HD 1080p","gaming","Generic cable in Gaming"
"2.1 HDMI Cable 2 Meter With 48Gbps High Speed (GenuineXER® GX2.1M1) | 8K HDMI Cable 8K@60Hz 4K@120Hz 2K@144Hz Support With...","gaming","Generic cable in Gaming"
"7SEVEN® Hdmi Cable 10 meter Wire Extension Length Suitable for All Application Devices with 2.0 Version High Speed Pro Pre...","gaming","Generic cable in Gaming"
"QZ 8K HDMI Cable Ultra High Speed HDMI 2.1 Cable 8K/60Hz 4K/120Hz 48Gbps Black 1.8 Meter","gaming","Generic cable in Gaming"
"C&E CNE619194 (60 Feet/18.2 Meters) High Speed HDMI Cable Male to Male with Ethernet and Audio Return (Black)","gaming","Generic cable in Gaming"
"InfiDeals Mini HDMI to Standard HDMI Cable 1.5Meter and do HDMI to Mini HDMI - Ultra High Speed 18Gbps Support 4K HDR and ...","gaming","Generic cable in Gaming"
"CableCreation USB C to HDMI Cable Right Angel 4K 6FT, USB Type C to HDMI Cable Adapter, Thunderbolt 3 Compatible with MacB...","gaming","Generic cable in Gaming"
"ikis - High Speed HDMI Cable with Ethernet | Supports 3D 4K | for All HDMI Devices Laptop Computer Gaming Console TV Set T...","gaming","Generic cable in Gaming"
"FEDUS 5 Meter High Speed HDMI Cable Male to Male TV-Out Cable Cord Wire hdmi to hdmi cable for TV, PC, PlayStation, Gaming...","gaming","Generic cable in Gaming"
"MX HDMI Male to HDMI Male Cord 2.0 V (40 Meter) 19pin High Speed HDMI Cable Supports 4K@30MHz, 2160p, 1080p & 3D and Audio...","gaming","Generic cable in Gaming"
"MX HDMI Male to HDMI Male Cord 2.0 V (40 Meter) 19pin High Speed HDMI Cable Supports 4K@30MHz, 2160p, 1080p & 3D and Audio...","gaming","Generic cable in Gaming"
"HDMI Extender, Adaptermvp HDMI to RJ45 Ethernet Network Converter Over by Cat5-e/6 Cable Splitter 1080p up to 30m/98ft Rep...","gaming","Generic cable in Gaming"
"TERABYTE 15 Meter HDMI Male to HDMI Male Cable TV Lead 1.4V High Speed Ethernet 3D Full HD 1080p HDMI Cable (Black For Com...","gaming","Generic cable in Gaming"
"Generic High-Speed HDMI Cable, 3 Meter - Supports Ethernet, 3D, 4K Video,Black","gaming","Generic cable in Gaming"
"HKeCart 1080P HDMI Male to VGA Female Video Cord Converter Adapter Cable for HDTV TV PC Laptop Projectors and Other HDMI I...","gaming","Generic cable in Gaming"
"Gadget-Wagon HDMI Cable Gold Plated 4K, Full HD for LED TV, HDTV, PS3, DVD Player, Blue Ray, Projector and Computer (30 m/...","gaming","Generic cable in Gaming"
"Terabyte 20 Mtr. HDMI Male to HDMI Male Cable TV High Speed Ethernet 3D Full HD 1080p HDMI Cable (Blk For Computer, Lapto...","gaming","Generic cable in Gaming"
"RuhZa HDMI Male to VGA Female TV AV Video Converter Adapter White 1080P Without Audio Adapter","gaming","Generic cable in Gaming"
"FEDUS 3 Meter Certified Premium 8K High-Speed HDMI Cable (8K@60Hz & 4K@120Hz Nylon Braided HDMI Cables Cord 2.1, 48Gbps HD...","gaming","Generic cable in Gaming"
"Electroline Black High Speed 1.5 Meter HDMI Cable","gaming","Generic cable in Gaming"
"Kinsound 4K Hdmi Cable 3 Meters, High Speed Hdmi Cable With Ethernet Supports 3D, 4K, 1080P Compatible For Tv, Projector, ...","gaming","Generic cable in Gaming"
"Techworld Hdmi to Vga Cable HDMI Male to VGA Female Video Converter Adapter Cable","gaming","Generic cable in Gaming"
"BlueRigger 4K Mini DisplayPort to HDMI 2.0 Cable, Thunderbolt 2 to HDMI Cable UHD, Mini DP to HDMI, Surface to HDMI, HDMI ...","gaming","Generic cable in Gaming"
"Ranz Hdmi Male To Vga Female Video Converter Adapter Cable For Laptop, Television, Projector, Monitor, Dvd Player- Black","gaming","Generic cable in Gaming"
"C&E 20ft(6M) High Speed HDMI Cable Male to Male with Ethernet Black (20 Feet/6 Meters) Supports 4K@30Hz, 3D, 1080p and Aud...","gaming","Generic cable in Gaming"
"Techline HDMI to VGA Converter Adapter Cable Without Audio (Black)","gaming","Generic cable in Gaming"
"TIZUM “Ultra” Gold Plated 4K HDMI to HDMI Cable | HDMI 2.0 | High Speed Data Upto 18Gbps | 3D Compatible | HD Audio & Vide...","gaming","Generic cable in Gaming"
"BlueRigger Ultra Series 8K HDMI to HDMI Cable with 48Gbps Speed, (10 Feet / 3 Meters) Supports 8K@60HZ, 4K@120HZ, 1080p Fu...","gaming","Generic cable in Gaming"
"ETZIN Lighting to HDMI Adapter, Digital AV Adapter 1080P HDMI VGA Connector with Charging Port Compatible with iPhone, iPa...","gaming","Generic cable in Gaming"
"likes of india HDMI Cable 1.5 Meter High Speed Gold Plated HDMI Male to Female Extension Cable 1.5 m HDMI Cable (Compatibl...","gaming","Generic cable in Gaming"
"7SEVEN® Hdmi Cable 1.5 meter Wire Extension Length Suitable for All Application Devices with 2.0 Version High Speed Pro Pr...","gaming","Generic cable in Gaming"
"Aarya High-Speed HDMI Cable 4K, 1080p, 720p for HD-TV, LED/LCD TV, PC/Laptop, Projector, CD/DVD Player, Home Theater, CCTV...","gaming","Generic cable in Gaming"
"MINAGO 2 Meter 8K Certified HDMI 2.1 Cable, 48Gbps Ultra High Speed 8K HDMI Cable, Support 8K@60Hz,4K@120Hz, Dynamic HDR,3...","gaming","Generic cable in Gaming"
"C&E CNE58574 (15 Feet/4.5 Meters) High Speed HDMI Cable Male to Male with Ethernet and Audio Return (2 Pack) (Black)","gaming","Generic cable in Gaming"
"AMS HDMI to VGA Cable, Unidirectional HDMI to VGA Video Converter (Male to Male) Gold Platted Connector Compatible for Com...","gaming","Generic cable in Gaming"
"Terabyte HDMI to VGA Converter to connect Projector","gaming","Generic cable in Gaming"
"Vihaan 3 Meter 4K High-Speed HDMI Cable | HD-TV, LED/LCD TV, PC/Laptop, Projector |CD/DVD Player, Home Theater, CCTV DVR B...","gaming","Generic cable in Gaming"
"Honeywell 4-in-1 Type C 3.1 to USB 3.0 with RJ45 Gigabit Ethernet Adapter, 3x3.0 USB Ports Transfer Speed 5Gbps, 1Gbps Ban...","gaming","Generic cable in Gaming"
"C&E High Speed HDMI Cable 25 ft. 4K Resolution (7.6m) Supports Ethernet, HD, HDR Video, Bandwidth 18Gbps, Audio Return Cha...","gaming","Generic cable in Gaming"
"AplinK® HDMI Extender,HDMI to RJ45 Network Cable Extender Converter Repeater Over Cat 5e / 6 1080p up to 60m Extender","gaming","Generic cable in Gaming"
"BlueRigger Ultra Series 8K HDMI to HDMI Cable with 48Gbps Speed, (25 Feet / 7.5 Meter) Supports 8K@60HZ, 4K@120HZ, 1080p F...","gaming","Generic cable in Gaming"
"Zcs High Speed Hdmi Cable For Xbox 360, 3D Ps3, Blueray, Hdtv, Plasma Tv, Monitor, Personal Computer, Laptop, Television (...","gaming","Generic cable in Gaming"
"AMS 4K*2K HDMI to HDMI Repeater, HDMI Cable Extender, HDMI Female to Female Converter Extender Compatible with Computer, L...","gaming","Generic cable in Gaming"
"HDMI Extender 4k Adapter Over Cat5e/6 (1pair), HDMI Repeater to RJ45 Ethernet Network Converter, 4k HD 1080p UP to 30m/98f...","gaming","Generic cable in Gaming"
"LipiWorld® 1080P Micro HDMI Male to VGA Female Video Converter Adapter Cable for PC TV HDTV( Micro Hdmi to Vga -Black)","gaming","Generic cable in Gaming"
"Aarya High-Speed HDMI Cable 4K, 1080p, 720p for HD-TV, LED/LCD TV, PC/Laptop, Projector, CD/DVD Player, Home Theater, CCTV...","gaming","Generic cable in Gaming"
"Etzin HDMI To VGA Cable Adapter White with 3.5 mm Audio Jack Compatible With Computer, Desktop, Laptop, PC, Monitor, Proje...","gaming","Generic cable in Gaming"
"ELECTRO WOLF HDMI/VGA Multimedia Modular Wall Socket Face Plate Socket Plug Jack Cable or Adapter for Home/Office. (HDMI/VGA)","gaming","Generic cable in Gaming"
"HDMI to VGA Converter with Audio Cable Male to Female for PC Laptop Tablet Support HDTV Adapter (Black)","gaming","Generic cable in Gaming"
"CableCreation Bi-Directional Mini HDMI to HDMI Cable 10FT, 4K×2K HDMI to Mini HDMI Cord with Cable Tie for Camera, HDR-XR5...","gaming","Generic cable in Gaming"
"TERABYTE 1.50 Meter HDMI Male to HDMI Male Cable TV Lead 1.4V High Speed Ethernet 3D Full HD 1080p HDMI Cable (Black For C...","gaming","Generic cable in Gaming"
"Terabyte Mini-HDMI (Not Micro HDMI) to HDMI Cable - (Latest Standard)- Support 4K 60Hz Ultra HD, 3D, High Speed Cable (Bla...","gaming","Generic cable in Gaming"
"C&E High speed HDMI Cable 25 ft. 4K Resolution (7.6m) Supports Ethernet, HD, HDR Video, Bandwidth 18Gbps, Audio Return Cha...","gaming","Generic cable in Gaming"
"FEDUS 1 Meter Certified Premium 8K High-Speed HDMI Cable (8K@60Hz & 4K@120Hz Nylon Braided HDMI Cables Cord 2.1, 48Gbps HD...","gaming","Generic cable in Gaming"
"BlueRigger Ultra Series 8K HDMI to HDMI Cable with 48Gbps Speed, (6.6 Feet / 2 Meters) Supports 8K@60HZ, 4K@120HZ, 1080p F...","gaming","Generic cable in Gaming"
"KLJ HDMI to VGA Adapter Converter, HDMI Female (Input) to VGA Male (Output) Adapter with 3.5mm Jack Stereo Audio-Plug and ...","gaming","Generic cable in Gaming"
"RuhZa HDMI to VGA Adapter Converter with Audio, Supports TV, PC, Laptops, Digital Camera, TV Box and etc","gaming","Generic cable in Gaming"
"INICIO USB-C to HDMI Cable 6ft , USB 3.1 Type C to HDMI 4K/60Hz Thunderbolt 3 Compatible for MacBook Pro Air iPad Galaxy S...","gaming","Generic cable in Gaming"
"C&E 3 feet 30 awg HDMI Cable [0.9 Meters - 2 Pack] 4K HDMI Cable [10.2Gbs with Audio and Ethernet] Gold Plated Connectors ...","gaming","Generic cable in Gaming"
"Tobo HDMI to VGA Adapter, Audio Output Cable Computer Set-top Box Converter Connector Adapter for Monitor, Projector, HDT...","gaming","Generic cable in Gaming"
"BlueRigger Fiber Optical HDMI Cable (4K HDMI Cable, HDMI to HDMI, 4K@60HZ, 1080p FullHD, UHD, Ultra HD, 3D, High Speed wit...","gaming","Generic cable in Gaming"
"Microware Mini 4k 1 Pair RJ45 Ports HDMI Extender HDMI Extension to 30m Over CAT 5e/6 UTP Lan Ethernet Cable for HDTV HDPC","gaming","Generic cable in Gaming"
"C&E CNE67071 (15 Feet/4.5 Meters) High Speed HDMI Cable Male to Male with Ethernet and Audio Return (Black)","gaming","Generic cable in Gaming"
"1Goal® HDMI to VGA Converter Gold-Plated 1080P Female to Female Adapte with 3.5mm Audio Compatible with Projector HDTV Mon...","gaming","Generic cable in Gaming"
"Nsinc - DP to HDMI Cable, Displayport to HDMI Cable Converter Adapter for Lenovo, Dell, HP, Asus etc(1.8 Metre / 6 feet)","gaming","Generic cable in Gaming"
"Sucastle HDMI to VGA, Gold-Plated HDMI to VGA Adapter (Male to Female) for Computer,Desktop, Laptop,Projector,HDTV, Roku, ...","gaming","Generic cable in Gaming"
"MICROWARE HDTV Adapter for iPhone 8Pin Interface to HDMI VGA Jack Audio TV Adapter Cable Converter for iPhone X 8 7 7Plus ...","gaming","Generic cable in Gaming"
"UGREEN HDMI Cable Right Angle 90 Degree Elbow HDMI Cord 4K Ultra HD 3D 1080P Ethernet and Audio Return ARC Compatible for ...","gaming","Generic cable in Gaming"
"C & E 1.5 ft Male to Male -HDMI cable – 0.46 meter 4K HDMI cord (HDMI to HDMI cable @30Hz High Speed with Ethernet (Black,...","gaming","Generic cable in Gaming"
"C&E 15ft(4.5M) High Speed Ultra 4K HDMI Cable with Ethernet Gold (15 Feet/4.5 Meters) Supports 4Kx2K@60HZ, 18 Gbps - 24 AW...","gaming","Generic cable in Gaming"
"Cablecreation Long Usb C To Hdmi Cable 4K 60Hz Hdr 16.5Ft Usb Type C To Hdmi Cord, Compatible With Macbook Pro 2020, Chrom...","gaming","Generic cable in Gaming"
"FEDUS High Speed HDMI Cable Male to Male TV-Out Cable Supports 3D, 1080P and Audio Return, hdmi to hdmi cable for TV, PC, ...","gaming","Generic cable in Gaming"
"Storite 1.5M VGA to HDMI with Power and Audio Compatible with Metal Connector, VGA to HDMI Cable- Unidirectional for Compu...","gaming","Generic cable in Gaming"
"Storite 1.8M HDMI to VGA Converter with Power and Audio Compatible with Metal Connector, HDMI to VGA Cable- Unidirectional...","gaming","Generic cable in Gaming"
"Microware Active HD 1080P HDMI Female to VGA Female Converter Adapter Dongle with 3.5mm Audio for Laptop PC Xbox STB Blu-r...","gaming","Generic cable in Gaming"
"Cablecreation Usb C To Hdmi Usb Type C To Hdmi Cable Compatible With Monitor, Tablet, Personal Computer, Laptop, Televisio...","gaming","Generic cable in Gaming"
"C & E HDMI cable – 4K HDMI cord (HDMI to HDMI cable @30Hz High Speed with Ethernet 12 ft Male to Male /3.66 Meter (Black, ...","gaming","Generic cable in Gaming"
"GLink Gold-Plated Soft PVC High-Speed HDMI Cable (10M. / 30 FT.) | Supports Ethernet 1.4V, 3D, 4K video,1080P (Black) (GL-...","gaming","Generic cable in Gaming"
"PremiumAV HDMI Cable [3 Meter, Black]","gaming","Generic cable in Gaming"
"Microware Mini hdmi to vga Cables Adapter Converter Cable Connector Output Port RCA Female Laptop/TV/Monitor/Setup Box","gaming","Generic cable in Gaming"
"MX HDMI Male to HDMI Male Cord 2.0 V (3 Meter) 19pin High Speed HDMI Cable Supports 4K@60MHz, 2160p, 1080p & 3D and Audio ...","gaming","Generic cable in Gaming"
"C&E High Speed Ultra HDMI Cable CL3 Rated (1.5 Feet / 0.4 Meter) with Ethernet, Supports (4K x 2K @ 60HZ), Video 4K UHD 21...","gaming","Generic cable in Gaming"
"Cuxnoo Tobo VGA to HDMI Adapter for Connecting Traditional VGA Interface Laptop, PC to HDMI Monitor or Projector, 1080P VG...","gaming","Generic cable in Gaming"
"ESPtronics 2 Pcs HDMI Cable 2 Side HDMI Male to HDMI Female Jointer 90 Degree Right Angled L Type Connector for HDTV, Plas...","gaming","Generic cable in Gaming"
"C&E 20 feet 28 awg HDMI Cable Male to Female [6 Meters - 1 Pack] 4K HDMI Cable [10.2Gbs with Audio and Ethernet] Gold Plat...","gaming","Generic cable in Gaming"
"C&E 20 feet 28 awg HDMI Cable [6 Meters - 1 Pack] 4K HDMI Cable [10.2Gbs with Audio and Ethernet] Gold Plated Connectors V...","gaming","Generic cable in Gaming"
"Vihaan 3 Meter 4K High-Speed HDMI Cable | HD-TV, LED/LCD TV, PC/Laptop, Projector |CD/DVD Player, Home Theater, CCTV DVR B...","gaming","Generic cable in Gaming"
"Microware New HDMI Male To VGA Female Converter Box Adapter With Audio Cable For PC HDTV + 3.5mm AV Audio Cable For PC Black","gaming","Generic cable in Gaming"
"UPORT 20 Meter 8K HDMI Cable Fiber Optic HDMI 2.1 Ultra High Speed 48Gbps with eARC Supports 8K@60Hz, 4K@120Hz for Superio...","gaming","Generic cable in Gaming"
"Vihaan 1.5 Meter 4K High-Speed HDMI Cable | HD-TV, LED/LCD TV, PC/Laptop, Projector |CD/DVD Player, Home Theater, CCTV DVR...","gaming","Generic cable in Gaming"
"AMKETTE High-Speed 4K x 2K HDMI Cable for PS4, Xbox One, Blu-Ray, and Audio Return supports upto 10.2 Gbps – 1.5 Meter (Bl...","gaming","Generic cable in Gaming"
"AMS HDMI to VGA Cable, Gold-Plated HDMI Male to VGA Male 1080p Video Converter Cable, For PC/Laptop etc.(Only Converter HD...","gaming","Generic cable in Gaming"
"DigiReach® HDMI Cable 5 Meter FullHD 1080P - HDMI 1.4 - ARC - HDCP 2.0- Gold Plated Connector - Premium HDMI for TV - Proj...","gaming","Generic cable in Gaming"
"Digireach ® 5 Meter 4K Uhd, Hdmi 2.0, Arc, Hdcp 2.2, 4K 4:4:4 60Fps, Hdr, 18Gbps Gold Plated Connector Premium Hdmi Cable ...","gaming","Generic cable in Gaming"
"Rpi shop - HDMI to Micro HDMI Cable 4K 1080p Resolution high Speed, Ethernet Audio for Raspberry Pi 4 B - 3 feet (can not ...","gaming","Generic cable in Gaming"
"TERABYTE 10 Meter HDMI Male to HDMI Male Cable High Speed 3D Full HD 1080p HDMI Cable (Black For Computer, Laptop)04","gaming","Generic cable in Gaming"
"Microware Compatible HDMI VGA AV Audio Adapter Converter, Compatible with iPhone X 8 7 6 6s 5 Plus iPad iPod on HDTV/Displ...","gaming","Generic cable in Gaming"
"BlueRigger in-Wall High Speed 10.2Gbps HDMI Cable - CL3 Rated - Supports 4K 30Hz, Ultra HD, 3D, 1080p, Ethernet and Audio ...","gaming","Generic cable in Gaming"
"BlueRigger Ultra Series 8K HDMI to HDMI Cable with 48Gbps Speed, (20 Feet / 6 Meter) Supports 8K@60HZ, 4K@120HZ, 1080p Ful...","gaming","Generic cable in Gaming"
"Xmate High-Speed HDMI Cable, Support 4K Video/2K/3D TV/Ethernet, HDMI 2.0 Standard with 18Gbps Bandwidth, 3ft A Male to A ...","gaming","Generic cable in Gaming"
"Terabyte Tera Byte 3Mtr 4K Ultra HD HDMI to HDMI Cable (Black)","gaming","Generic cable in Gaming"
"Standard HDMI to HDMI Cable 1.5 meter","gaming","Generic cable in Gaming"
"Generic HDMI Cable Male to Male TV-Out Cable Supports 3D, 4K (1.5 Meter)","gaming","Generic cable in Gaming"
"SACRIS HDMI Male to VGA Female with Audio Cable Converter Adapter HDMI to VGA 1080P Gold-Plated Adapter Compatible with HD...","gaming","Generic cable in Gaming"
"MAXICOM JusCliq  4K Hi- Speed HDMI Cable Full HD. 1.5 Meter for TV, Computer, Laptop, Projector, Satellite TV Box - Black","gaming","Generic cable in Gaming"
"Tobo HDMI Extender,Hunseen Transmitter and Receiver Over Single RJ45 Cat5e/6/7 Ethernet Cable Up to 196 Feet 60m?Support F...","gaming","Generic cable in Gaming"
"Dorwrnln Micro USB to HDMI 1080P Date Cable 1.5M/ 5FT, Micro USB 5P to Hdmi Cable Adapter Connect The Videos Pictures from...","gaming","Generic cable in Gaming"
"Etzin HDMI to VGA HDMI Adapter, HDMI to HDMI VGA Splitter Adapter,HDMI to VGA Converter Cable with Audio Aluminum 4K, Supp...","gaming","Generic cable in Gaming"
"C&E 4K HDMI Cable 20ft, HDMI Cable Support 4K@24Hz, 10.2 Gbps, Support ethernet, Dolby Vision, eARC Compatible with Apple ...","gaming","Generic cable in Gaming"
"MX HDMI Male to HDMI Male Cord 2.0 V (15 Meter) 19pin High Speed HDMI Cable Supports 4K@60-120MHz, 2160p, 1080p & 3D and A...","gaming","Generic cable in Gaming"
"FEDUS 3 Meter High Speed HDMI Cable Male to Male TV-Out Cable Cord Wire hdmi to hdmi cable for TV, PC, PlayStation, Gaming...","gaming","Generic cable in Gaming"
"C&E 4K HDMI Cable 1.5ft, HDMI Cable Support 4K@24Hz, 10.2 Gbps, Support ethernet, Dolby Vision, eARC Compatible with Apple...","gaming","Generic cable in Gaming"
"Microware HDMI to RJ45 Extender Adapter (Receiver & Transmitter) by Cat-5e/6 Cable, Transmission Distance: 30m (Blue)","gaming","Generic cable in Gaming"
"WILDCROC HDMI to VGA Converter Cable, White | 1080 p HDMI Male to VGA Female Video Adapter | to Connect Incompatible Displ...","gaming","Generic cable in Gaming"
"Ainope 6Ft High Speed 18Gbps Hdmi 2.0 4K 60Hz 30Awg 3D 2160P 1080P Ethernet Nylon Braided Hdmi Cable Cord For Television, ...","gaming","Generic cable in Gaming"
"C&E HDMI Cable (1.5 Feet/0.5 Meters) Supports 4K@30Hz, High Speed, Hand-Tested, HDMI Ready - HD, 10.2Gbps, Audio Return Ch...","gaming","Generic cable in Gaming"
"C&E High Speed Ultra HDMI Cable CL3 Rated (50 Feet / 15.2 Meter) with Ethernet, Supports (4K x 2K @ 60HZ), Video 4K UHD 21...","gaming","Generic cable in Gaming"
"C&E High Speed HDMI Cable Male to Female 12 ft. 4K Resolution (3.6m) Supports Ethernet, HD, HDR Video, Bandwidth 10.2Gbps,...","gaming","Generic cable in Gaming"
"BlueRigger Bundle - Premium Mini DisplayPort (Mini DP) to HDMI Female Adapter + HDMI Cable (6 Feet / 1.8 Meters)","gaming","Generic cable in Gaming"
"R3 German HDMI to HDMI Cable Male to Male 4K/2K High Resolution, For TV Computer and XBox Cord (30 Meter)","gaming","Generic cable in Gaming"
"8K HDMI Cable 6.6 Feet, CableCreation 48Gbps Ultra High Speed 4K 8K 60Hz eARC HDR HDCP 2.2 2.3 HDMI Cable Compatible with ...","gaming","Generic cable in Gaming"
"C&E High Speed Ultra HDMI Cable CL3 Rated (35 Feet / 10.6 Meter) with Ethernet, Supports (4K x 2K @ 60HZ), Video 4K UHD 21...","gaming","Generic cable in Gaming"
"Tobo HDTV AV Adapter ,Digital AV Adapter ,Lighting to HDMI VGA Adapter, (HDTV AV Adapter) TD-654LA","gaming","Generic cable in Gaming"
"H-its Kabel : (HDMI Cable 30 cm / 1 Foot) Flat Male to Male HDMI Lead for Audio Video HDTV TV PS3 Full HD Short HDMI Plug ...","gaming","Generic cable in Gaming"
"ETZIN HDMI to VGA with 3.5mm Aux Cable Compatible with Computer, Desktop, Laptop, PC, Monitor, Projector, Full HDTV, Media...","gaming","Generic cable in Gaming"
"UGREEN USB C to HDMI Cable 4K 60HZ USB Type C Thunderbolt 3 HDMI Adapter Braided Cord for Macbook Pro,Samsung S9 S8 Plus N...","gaming","Generic cable in Gaming"
"CableCreation DisplayPort to HDMI Cable, DP Male to HDMI Male Cable, 4K@30Hz Max 1080P 144Hz FHD Gold-Plated, Compatible w...","gaming","Generic cable in Gaming"
"C&E High Speed Ultra HDMI Cable CL3 Rated (25 Feet / 7.6 Meter) with Ethernet, Supports (4K x 2K @ 60HZ), Video 4K UHD 216...","gaming","Generic cable in Gaming"
"H-its Kabel : (50 Cm (1 Piece) HDMI MAle to Male Cable 4K HDMI - Short Length High Speed HDMI Cable - HD 4K x 2K HDMI Cabl...","gaming","Generic cable in Gaming"
"Dealfinity Displayport to HDMI Cable, Display Port (DP) to HDMI Adapter Male to Male Cord Converter for PCs to HDTV, Monit...","gaming","Generic cable in Gaming"
"CableCreation DisplayPort to HDMI Cable, DP Male to HDMI Male Cable, 4K@30Hz Max 1080P 144Hz FHD Gold-Plated, Compatible w...","gaming","Generic cable in Gaming"
"Black-i HDMI Cable supports 3D/4k resolution with audio for all kinds of HDMI devices LED TV, Playstation, Xbox, Set-up Bo...","gaming","Generic cable in Gaming"
"ICW HDMI to VGA Adapter Cable 1080P for Projector, Computer, Laptop, TV, Projectors & TV, Black","gaming","Generic cable in Gaming"
"Kinsound 4K Hdmi 1 Meters, High Speed Hdmi Cable With Ethernet Supports 3D, 4K, 1080P, Compatible With Tv, Projector, Nint...","gaming","Generic cable in Gaming"
"VOOCME HDMI to VGA Cable Converter, 6ft 1.5M 1080P HDMI Male to VGA Male D-SUB 15 Pin M/Connector Adapter Cable Cord Trans...","gaming","Generic cable in Gaming"
"Belkin High Speed HDMI Cable Supports Ethernet, 3D, 4K, 1080p, Audio Return (10 Meters/32 feet, Black)","gaming","Generic cable in Gaming"
"C2G/Cables to Go 40304 High Speed HDMI Cable with Ethernet for TVs, Laptops, and Chromebooks (6.6 Feet, 2 Meters),Black","gaming","Generic cable in Gaming"
"C&E HDMI Cable (40 Feet/12 Meters) Supports 4K@30Hz, High Speed, Hand-Tested, HDMI Ready - HD, 10.2Gbps, Audio Return Chan...","gaming","Generic cable in Gaming"
"Nextech High-Speed HDMI Cable with Ethernet - Supports 3D, 4K Video Audio Return - Latest Version 2.0 (6 Feet/1.8 Meters),...","gaming","Generic cable in Gaming"
"GLink Gold-Plated Soft PVC High-Speed HDMI Cable (1.5M./4.75 FT.), Supports Ethernet 1.4V, 3D, 4K video,1080P (Black) GL-1...","gaming","Generic cable in Gaming"
"ELECTRO WOLF 4K UHD HDMI Cable High Speed 18Gbps HDMI 2.0 Cord Supports 4K@60Hz UHD, 2160p, 1080p, Ethernet, 3D, Audio Ret...","gaming","Generic cable in Gaming"
"MaK WOrLD® 8MP/4K Passive HD BNC Video Balun Transceiver Transmitter Via RJ45 Cable AHD/TVI/CVI/CVBS Record to DSLR Camcor...","gaming","Generic cable in Gaming"
"UGREEN 4K Displayport to HDMI Cable Uni-Directional UHD DP to HDMI Connector Video Display Cord for HDTV Monitor Projector...","gaming","Generic cable in Gaming"
"Electro Wolf Hdmi/Vga / 3Rc Multimedia Modular Wall Socket Face Plate Socket Plug Jack Cable Or Adapter For Home Office Fo...","gaming","Generic cable in Gaming"
"As class HDMI Cable Black 20 Meter Gold Plated Full HD 720P 1080P for LCD, LED, TV, PC and Laptop,computer 20 m","gaming","Generic cable in Gaming"
"FrndzMart Hdmi Cable,hdmi cable for laptop to tv, Hdmi cable (5m)","gaming","Generic cable in Gaming"
"Mak World® HDMI/VGA/AUX Multimedia Modular Wall Socket Face Plate for Home/Office","gaming","Generic cable in Gaming"
"MaK WOrLD® HDMI to HDMI Cable 1080P with Gold Plated Connectors 30 Meter","gaming","Generic cable in Gaming"
"C & E 8K HDMI 2.1 Cable 3ft, Certified 48Gbps Ultra High Speed HDMI Cable 1M, Support Dynamic HDR, eARC, Dolby Atmos, 8K60...","gaming","Generic cable in Gaming"
"C&E 30 FT(9.1M) High Speed Ultra 4K HDMI Cable with Ethernet Gold (30 Feet/9.1 Meters) Supports 4Kx2K@60HZ, 18 Gbps - 24 A...","gaming","Generic cable in Gaming"
"C&E High Speed Ultra HDMI Cable 25 Feet with Ethernet, Supports 2.0 28AWG 4K x 2K @ 60HZ, 24K Gold case Full HD Latest Ver...","gaming","Generic cable in Gaming"
"CableCreation 8K HDMI Cable 2.1 3.3 Feet, Braided Ultra High Speed HDMI Cable 48Gbps 8K@60Hz, 4K@120Hz 144Hz eARC HDR HDCP...","gaming","Generic cable in Gaming"
"MICROWARE HDMI Female to VGA Female Converter Adapter 1080P with Audio Cable for PC TV Black","gaming","Generic cable in Gaming"
"BlueRigger Ultra Series (Braided/Nylon) HDMI Cable Supports 4K@60HZ, FullHD, Ultra HD, 3D High Speed with Ethernet, ARC, P...","gaming","Generic cable in Gaming"
"Yaksha 4K UHD Gold Plated High Speed HDMI Cable 5 m HDMI Cable (Compatible with Laptop, Desktop, PC, LED, LCD, Projectors...","gaming","Generic cable in Gaming"
"Meshiv HDMI Extender 30M Over Single CAT6 Cable 1080P HDMI Sender and Receiver, HDMI Extender RJ45 1x1 Splitter Compatible...","gaming","Generic cable in Gaming"
"CableCreation 8K HDMI Cable 10 Feet, Braided Ultra High Speed Certified HDMI Cable 48Gbps 8K@60Hz, 4K@120Hz 144Hz eARC HDR...","gaming","Generic cable in Gaming"
"GLink Gold-Plated Soft PVC High-Speed HDMI Cable (3M. / 9.50 FT.) | Supports Ethernet 1.4V, 3D, 4K video,1080P (Black)","gaming","Generic cable in Gaming"
"C & E HDMI cable – 4K HDMI cord (HDMI to HDMI cable @30Hz High Speed with Ethernet 8 ft Male to Male /2.44 Meter (Black, F...","gaming","Generic cable in Gaming"
"AMS Mini HDMI to VGA Adapter Full HD 1080P HDMI to VGA Converter with Audio HD HDTV Video Compatible with ‎‎PC, Laptops, C...","gaming","Generic cable in Gaming"
"C&E High Speed HDMI Cable 1.5 ft. 4K Resolution (0.5m) Supports Ethernet, HD, HDR Video, Bandwidth 18Gbps, Audio Return Ch...","gaming","Generic cable in Gaming"
"FrndzMart Hdmi Cable,hdmi cable for laptop to tv, Hdmi cable (3m, Black)","gaming","Generic cable in Gaming"
"INICIO VGA to HDMI Cable 6ft/1.8m [NOT BI-Directional] VGA Male to HDMI Female Adapter Converter for Old PC Computer Proje...","gaming","Generic cable in Gaming"
"C & E 8K HDMI 2.1 Cable 6ft, Certified 48Gbps Ultra High Speed HDMI Cable 2M, Support Dynamic HDR, eARC, Dolby Atmos, 8K60...","gaming","Generic cable in Gaming"
"Hdmi cable 1 Meter","gaming","Generic cable in Gaming"
"Gadget-Wagon 10 Meters HDMI Cable Gold Plated 4K, Full HD for LED TV, HDTV, PS3, DVD Player, Blu Ray, Projector and Comput...","gaming","Generic cable in Gaming"
"Aten 2L-7D01H, 1M High Speed HDMI Cable with Ethernet. Support 4K UHD DCI, up to 4096 x 2160 30Hz, tinned Copper Wire to R...","gaming","Generic cable in Gaming"
"Tobo 10m Long HDMI Cable Support 4K UHD 60Hz at 18Gbps Ultra high Speed,Suitable for HDTV/TVBOX/Gaming Box/Projector/Ninte...","gaming","Generic cable in Gaming"
"FENTICO VGA to HDMI Adapter Converter with Audio,(PC VGA Source Output to TV/Monitor with HDMI Connector), Active Male VGA...","gaming","Generic cable in Gaming"
"UPORT 3 Meter 4K HDMI Cable High Speed, Gold Connectors, 4K @ 60Hz, Ultra HD, 2K, 1080P, & ARC Compatible for Laptop, Moni...","gaming","Generic cable in Gaming"
"High Speed HDMI Cable Supports 3D, 4K and Audio Return 3 Meter","gaming","Generic cable in Gaming"
"DZK High Speed HDMI Cable | Supports 3D 4K | for All HDMI Devices Laptop Computer Gaming Console TV Set Top Box (5 Ft/ 1.5...","gaming","Generic cable in Gaming"
"C&E HDMI Cable (10 Feet/3 Meters) Male to Female Supports 4K@30Hz, High Speed, Hand-Tested, HDMI Ready - HD, 10.2Gbps, Aud...","gaming","Generic cable in Gaming"
"TERABYTE 5 Meter HDMI Male to HDMI Male Cable High Speed 3D Full HD 1080p HDMI Cable (Black For Computer, Laptop)01","gaming","Generic cable in Gaming"
"Quotrade Mini 1080P HDMI 2 VGA Converter with Audio Adapter Connector for PC Laptop to HDTV Projector","gaming","Generic cable in Gaming"
"TERABYTE 10 Meter HDMI Male to HDMI Male Cable TV Lead 1.4V High Speed Ethernet 3D Full HD 1080p HDMI Cable (Black For Com...","gaming","Generic cable in Gaming"
"1Goal® HD 1080P HDMI Female to VGA Female Converter Adapter with 3.5mm Audio Output Cable for PC/Laptop/DVD/Desktop/Flat P...","gaming","Generic cable in Gaming"
"GLink Gold-Plated Soft PVC High-Speed HDMI Cable (20M. / 62 FT.) | Supports Ethernet 1.4V, 3D, 4K video,1080P (Black)","gaming","Generic cable in Gaming"
"1Goal® USB 3.1 Type C Male to HDMI Male 4K Cable, ‎Type C to HDMI Cable 2M for HDTV, Monitor, Projector, Mac-Book, Mac-Boo...","gaming","Generic cable in Gaming"
"4K High-Speed HDMI Cable 15 Meters (45 Feet) for HD-TV, LED/LCD TV, PC/Laptop, Projector, DVD, Home Theater, DVR Box, Set-...","gaming","Generic cable in Gaming"
"OXYURA High-Speed HDMI Cable (1.5 Meter)","gaming","Generic cable in Gaming"
"Terabyte 15 Mtr. HDMI Male to HDMI Male Cable TV High Speed Ethernet 3D Full HD 1080p HDMI Cable (Blk For Computer, Lapto...","gaming","Generic cable in Gaming"
"Terabyte HDMI to VGA Adapter 1080P with 3.5 mm Audio Sound HD Video Cable Adapter for PC Desktops Laptop (Black) 10","gaming","Generic cable in Gaming"
"HDMI to RJ45 Extender, Yeebline HDMI Converter Repeater, 2-Pack HDMI Extender Transmitter and Receiver Network RJ45 Over E...","gaming","Generic cable in Gaming"
"Catvision HDMI Cable (1.25 Meter) 1.25 m HDMI Cable (Compatible with Set Top Box, DVR, DVD Player, Blue Ray Player, Black,...","gaming","Generic cable in Gaming"
"AdzMozi® HDMI Extender,HDMI to RJ45 Network Cable Extender Converter Repeater Over cat 5e / 6 1080p up to 30m Extender for...","gaming","Generic cable in Gaming"
"CABLESETC Mini HDMI to VGA Converter Adapter Cable with Audio Out Support for Tablets Mobiles Camcorders","gaming","Generic cable in Gaming"
"GLink Gold-Plated Soft PVC High-Speed HDMI Cable (25M. / 79 FT.) | Supports Ethernet 1.4V, 3D, 4K video,1080P (Black)","gaming","Generic cable in Gaming"
"NP TECH 1.5 MTR 4K 2.0 HDMI CABLE, PACK OF 4","gaming","Generic cable in Gaming"
"C&E 50 feet 26 awg HDMI Cable [15.2 Meters - 1 Pack] 4K HDMI Cable [10.2Gbs with Audio and Ethernet] Gold Plated Connector...","gaming","Generic cable in Gaming"
"CableCreation 8K HDMI Cable 6 Feet, Braided Ultra High Speed HDMI Cable 48Gbps 8K@60Hz, 4K@120Hz 144Hz eARC HDR HDCP 2.2 &...","gaming","Generic cable in Gaming"
"C&E Latest Technology 4K HD HDMI Cable 30 AWG (10ft) High Speed 3D Full HD 1080p Support (3 Meters) Compatible HD TV, Blu-...","gaming","Generic cable in Gaming"
"LFHUKEJI HDMI to RJ45 Extender, HDMI to RJ45 Adapter Support HDTV 1080P 3D,by Single 30meters Ethernet LAN Cat5e/6 Network...","gaming","Generic cable in Gaming"
"C & E HDMI cable – 4K HDMI cord (HDMI to HDMI cable @60Hz High Speed with Ethernet 15 ft Ultra /4.57 Meter 2.0 1.8288 m HD...","gaming","Generic cable in Gaming"
"HDMI Cable 15M 4K 60Hz: Tobo Fiber Optic HDMI 2.0b Cable High Speed HDMI to HDMI 18Gbps Subsampling 4:4:4/4:2:2/4:2:0, HDT...","gaming","Generic cable in Gaming"
"ZEBSTER 19"" LED Monitor with HDMI- ZEB-ZE19HD (HDMI+VGA)","gaming","Generic cable in Gaming"
"C&E High Speed HDMI Cable with Ethernet Black, (6 Feet/1.8 Meters), Supports 4K, 3D and Audio Return Compatible with HD T...","gaming","Generic cable in Gaming"
"C&E 4K HDMI Cable 20ft, HDMI Cable Male to Female Support 4K@24Hz, 10.2 Gbps, Support ethernet, Dolby Vision, eARC Compati...","gaming","Generic cable in Gaming"
"C&E HDMI Cable (3 Feet/0.9 Meters) Supports 4K30Hz, High Speed, Hand-Tested, HDMI Ready - HD, 10.2Gbps, Audio Return Chann...","gaming","Generic cable in Gaming"
"TERABYTE 10 Meter HDMI Male to HDMI Male Cable TV Lead 1.4V High Speed Ethernet 3D Full HD 1080p HDMI Cable (Black for Com...","gaming","Generic cable in Gaming"
"CMX HDMI to VGA Adapter, HDMI to VGA Audio Output Cable Computer Set-top Box Converter Connector Adapter, Including +3.5mm...","gaming","Generic cable in Gaming"
"Aarya High-Speed HDMI Cable 20 Meters - 60 Feet | 4K, 1080p, 720p for HD-TV, LED/LCD TV, PC/Laptop, Projector, CD/DVD Play...","gaming","Generic cable in Gaming"
"CLUSPEX 4K UHD HDMI Cable High Speed 18Gbps HDMI 2.0 Cord Supports 4K@60Hz UHD, 2160p, 1080p, Ethernet, 3D, Audio Return (...","gaming","Generic cable in Gaming"
"TERABYTE 3 Meter HDMI Male to HDMI Male Cable TV Lead 1.4V High Speed Ethernet 3D Full HD 1080p HDMI Cable (Black for Comp...","gaming","Generic cable in Gaming"
"C&E CNE530451 (1.5 Feet/0.4 Meters) High Speed HDMI Cable Male to Female with Ethernet Audio Return (Black)","gaming","Generic cable in Gaming"
"C&E 4K HDMI Cable (15 feet/4.5 meters) High Speed 10.2Gbps HDMI Cable – 4K HDR, 3D, 2160P, 1080P, Ethernet – 30AWG PVC HDM...","gaming","Generic cable in Gaming"
"MaK WOrLD® HDMI to HDMI Cable 1080P with Gold Plated Connectors 20 Meter","gaming","Generic cable in Gaming"
"C&E Latest Technology 4K HD HDMI Cable 30 AWG (6ft) High Speed 3D Full HD 1080p Support (1.8 Meters) Compatible HD TV, Bl...","gaming","Generic cable in Gaming"
"CARE CASE® 5 Meter 4k HDMI Cable v2.0 – High Speed, Premium HDMI Cable","gaming","Generic cable in Gaming"
"Amkette High Speed Micro HDMI to HDMI Cable with Ethernet for Go Pro, Cameras & Raspberry Pi 4 (1.8 Meters) (White)","gaming","Generic cable in Gaming"
"Techworld TERABYTE 15meter HDMI Cable 4K Ultra HD HDMI Male to Male Cable (15m, Black)","gaming","Generic cable in Gaming"
"Lapster HDMI to VGA Adapter Cable 1080P for Projector, Computer, Laptop, TV, Projectors & TV(AUDIO)","gaming","Generic cable in Gaming"
"Pi+™ (PiPlus™) 4K*2K Gold Plated Display Port (DP) Male to HDMI Female Converter Display Port to HDMI Cable Adapter","gaming","Generic cable in Gaming"
"HP HDMI to VGA Adapter - Male to Female Converter Adapter Cable, Black, (2UX09AA#ABB)","gaming","Generic cable in Gaming"
"C&E High Speed HDMI Cable Male to Female with Ethernet Black (25 Feet/7.6 Meters)","gaming","Generic cable in Gaming"
"Terabyte 5 Mtr. HDMI Male to HDMI Male Cable TV High Speed Ethernet 3D Full HD 1080p HDMI Cable (Blk For Computer, Laptop,...","gaming","Generic cable in Gaming"
"Dhruvga HDMI to VGA Cable, Unidirectional HDMI to VGA Video Converter (Male to Male) Gold Platted Connector Compatible for...","gaming","Generic cable in Gaming"
"BOXNUBE Multimedia Modular Wall Face Plate with HDMI + VGA + USB Panel Sockets - White","gaming","Generic cable in Gaming"
"SIGNAMIO® HDMI to VGA 1080P HDMI Male to VGA Female Video Converter Adapter Cable for PC Laptop HDTV Projectors and More D...","gaming","Generic cable in Gaming"
"Dhruvga 4K*2K HDMI to HDMI Repeater, HDMI Cable Extender, HDMI Female to Female Converter Extender Compatible with Compute...","gaming","Generic cable in Gaming"
"4K Ultra-HD High-Speed HDMI Cable 3 Meters For HD-TV, PC/Laptop, Projector, DVD, Home Theater","gaming","Generic cable in Gaming"
"2 PCS HDMI Extender Over Cat5e/6, sartyee Ethernet to HDMI RJ45 Ethernet Network Adapter, Support 1080p UP to 30m/98ft Vid...","gaming","Generic cable in Gaming"
"BlueRigger Ultra Series (Braided-Nylon) 4K HDMI Cable/HDMI Cord HDMI to HDM Supports (4K@60HZ,1080p FullHD, UHD/Ultra HD, ...","gaming","Generic cable in Gaming"
"Amigo Flexible and Durable HDMI Cable 10ft/3 mtr Length - Supports Ethernet, 3D, 4K HDR and ARC (4K@60Hz, 10Gbps, Black)","gaming","Generic cable in Gaming"
"C&E CNE510644 (6 Feet/1.8 Meters) High Speed HDMI Cable Male to Female with Ethernet and Audio Return (Black)","gaming","Generic cable in Gaming"
"C & E HDMI-1.5 Ft -(M-M) 4K HDMI Cable High Speed 10.2GbpsCable,4K, 3D, 2160P, 1080P, Ethernet - Audio Return(ARC) Compati...","gaming","Generic cable in Gaming"
"Rpi shop - HDMI to Micro HDMI Cable (Not Micro-USB) for DSLR, Camera, Raspberry Pi 4B - 1.5 Meter","gaming","Generic cable in Gaming"
"Microware 1pair 1080p HD 3D HDMI Over RJ45 CAT5e CAT6 UTP LAN Ethernet Balun Extender Repeater, HDMI Dual Cable Extender 3...","gaming","Generic cable in Gaming"
"TERABYTE 10 Meter HDMI Male to HDMI Male Cable TV Lead 1.4V High Speed Ethernet 3D Full HD 1080p HDMI Cable (Black For Com...","gaming","Generic cable in Gaming"
"CableCreation DisplayPort to HDMI Cable, DP Male to HDMI Male Cable, 4K@30Hz Max 1080P 144Hz FHD Gold-Plated, Compatible w...","gaming","Generic cable in Gaming"
"C&E CNE506845 (6 Feet/1.8 Meters) High Speed HDMI Cable Male to Female with Ethernet and Audio Return (Black)","gaming","Generic cable in Gaming"
"INICIO Active HDMI to VGA Converter 6ft/1.8m Cable 1080P Adapter Built in 3.5mm Audio & USB Power Compatible for PC Laptop...","gaming","Generic cable in Gaming"
"TERABYTE 20 Meter HDMI Male to HDMI Male Cable TV Lead 1.4V High Speed Ethernet 3D Full HD 1080p HDMI Cable (Black For Com...","gaming","Generic cable in Gaming"
"CARE CASE® Micro HDMI to HDMI Cable Male To male 4K 1080p Resolution high Speed Gold Platted, Ethernet Audio cable 1m Comp...","gaming","Generic cable in Gaming"
"C&E Latest Technology 4K HD HDMI Cable 30 AWG (6ft) High Speed 3D Full HD 1080p Support (1.8 Meters) Compatible HD TV, Bl...","gaming","Generic cable in Gaming"
"MICROWARE 4K High Speed HDMI Cable “Ultra”- HDMI 2.0 -Gold Plated-High Speed Data 18Gbps, 3D, 4K, HD 2160p (4K HDMI 2.0-10...","gaming","Generic cable in Gaming"
"AMKETTE High-Speed 4K x 2K HDMI Cable for PS4, Xbox One, Blu-Ray, and Audio Return supports upto 10.2 Gbps – 2.5 Meter (Bl...","gaming","Generic cable in Gaming"
"MUTE High Speed 3D 8 K Nylon Braided HDMI Cable with Ethernet,HDMI Male to HDMI Male Cable 1.5 Meter for Computer,Laptop,T...","gaming","Generic cable in Gaming"
"World Shopper Terabyte 4K Ultra Hd Hdmi To Hdmi Cable For Television, Dvd Player (3M Black)","gaming","Generic cable in Gaming"
"TERABYTE 20 Meter HDMI Male to HDMI Male Cable TV Lead 1.4V High Speed Ethernet 3D Full HD 1080p HDMI Cable (Black For Com...","gaming","Generic cable in Gaming"
"SMALLRIG HDMI Cable Clamp for Sony A7S III Camera Cage - 3000","gaming","Generic cable in Gaming"
"DigiReach® HDMI Cable 15 Meter FullHD 1080P - HDMI 1.4 - ARC - HDCP 1.4 - Gold Plated Connector - Premium HDMI for TV - Pr...","gaming","Generic cable in Gaming"
"C&E 4K HDMI Cable 12ft, HDMI Cable Male to Female Support 4K@24Hz, 10.2 Gbps, Support ethernet, Dolby Vision, eARC Compati...","gaming","Generic cable in Gaming"
"BlueRigger Mini Thunderbolt Display Port to VGA Adapter","gaming","Generic cable in Gaming"
"BlueRigger Bundle Mini DisplayPort (Mini DP) to HDMI Female Adapter + HDMI Cable (10 Feet / 3 Meters)","gaming","Generic cable in Gaming"
"Diktmark 30 Meter HDMI Male to HDMI Male Cable TV Lead 1.4V High Speed Ethernet 3D Full HD 1080p HDMI Cable (Black For Com...","gaming","Generic cable in Gaming"
"TERABYTE 1.50 Meter HDMI Male to HDMI Male Cable TV Lead 1.4V High Speed Ethernet 3D Full HD 1080p HDMI Cable (Black For C...","gaming","Generic cable in Gaming"
"VRish HDMI to VGA Converter Adapter with 3.5mm Audio Jack Gold-Plated Adapter Compatible with Laptop, PC, DVD, Desktop (HD...","gaming","Generic cable in Gaming"
"MICROWARE HDMI Male to VGA Female TV AV Video Converter Adapter White 1080P","gaming","Generic cable in Gaming"
"C&E 15 feet 30 awg HDMI Cable [4.5 Meters - 1 Pack] 4K [10.2Gbs with Audio and Ethernet] Gold Plated Connectors Video 4K 2...","gaming","Generic cable in Gaming"
"Rec Trade VGA to HDMI Converter Adapter with Audio for Connecting VGA Interface to HDMI 1080P, 3.5mm Audio and Power Suppl...","gaming","Generic cable in Gaming"
"C&E CNE61710 High Speed HDMI Cable male to male with Ethernet (25 Feet/7.6 Meters), Supports 4K, 3D and Audio Return Black","gaming","Generic cable in Gaming"
"GLink Gold-Plated Soft PVC High-Speed HDMI Cable (5M. / 16 FT.) | Supports Ethernet 1.4V, 3D, 4K video,1080P (Black)","gaming","Generic cable in Gaming"
"Kinsound 4K Hdmi 1.5 Meters, High Speed Hdmi Cable With Ethernet, Supports 3D, 4K, 1080P, Compatible With Tv, Projector, N...","gaming","Generic cable in Gaming"
"Ganix Multimedia Modular Wall Face Plate with HDMI + VGA+USB Panel Sockets - White","gaming","Generic cable in Gaming"
"Techworld Computers Service Terabyte 1.5 mtr HDMI Cable (Black)","gaming","Generic cable in Gaming"
"C&E 15 feet 30 awg HDMI Cable [4.5 Meters - 1 Pack] 4K HDMI Cable [10.2Gbs with Audio and Ethernet] Gold Plated Connectors...","gaming","Generic cable in Gaming"
"C&E 4K HDMI Cable (20 feet/6 Meters) High Speed 10.2Gbps HDMI Cable – 4K HDR, 3D, 2160P, 1080P, Ethernet – 28AWG PVC HDMI ...","gaming","Generic cable in Gaming"
"Microware HDMI cable HDMI 1 to 2 Split Double Signal Adapter Convert Cable for Video TV HDTV - Black","gaming","Generic cable in Gaming"
"MICROWARE 3 in 1 HDMI Adapter Cable, Lighting/Type-C/Micro USB to HDMI Cable Digital Audio Mirror Mobile Phone Screen to T...","gaming","Generic cable in Gaming"
"Hi-Lite Essentials HDMI Cable Shielded Full HD 1080P for LED TV, CCTV, Video Wall, Projector etc (20 Mtr)","gaming","Generic cable in Gaming"
"ULTRABYTES™ 1080P HD Video with Audio Cable Converter Adapter HDMI to VGA (White OR Black Colour )","gaming","Generic cable in Gaming"
"Rec Trade HDMI to VGA Cable, Unidirectional HDMI to VGA Video Converter (Male to Male) Gold Platted Connector Compatible f...","gaming","Generic cable in Gaming"
"Oldboytech 4K Micro HDMI to HDMI Cable Adapter, Exclusive Aluminum Alloy Shell/Nylon Braid/Gold-Plated (Male to Male) 4K/6...","gaming","Generic cable in Gaming"
"4K HDMI Cable, High Speed HDMI Cable 2.0 with Ethernet Support 4Kx2K 32 Audio Channels 18Gbps CEC 3D for OnePlus, Mi TV (5m)","gaming","Generic cable in Gaming"
"C&E 4K HDMI Cable 30ft, HDMI Cable Support 4K@24Hz, 10.2 Gbps, Support ethernet, Dolby Vision, eARC Compatible with Apple ...","gaming","Generic cable in Gaming"
"MICROWARE Fiber Optic HDMI Cable 10M, 4K Optical HDMI Cable Supports 4K@60Hz, 4:4:4/4:2:2/4:2:0, HDR, Dolby Vision, HDCP2....","gaming","Generic cable in Gaming"
"C&E 4K HDMI Cable 50ft, HDMI Cable Support 4K@30Hz, 10.2 Gbps, Support ethernet, Dolby Vision, eARC Compatible with Apple ...","gaming","Generic cable in Gaming"
"Microware HDMI cable HDMI 1 to 2 Split Double Signal Adapter Convert Cable for Video TV HDTV - Black","gaming","Generic cable in Gaming"
"FRIWOL HDMI Cable 5 Meter (Gold Plated) Male to Male (3D 4K Ready)","gaming","Generic cable in Gaming"
"Gibbon 4K Ultra HD HDMI to HDMI Cable (10 Meter)","gaming","Generic cable in Gaming"
"Techline HDMI to VGA Converter Cable, White | 1080 p HDMI Male to VGA Female Video Adapter | to Connect Incompatible Displ...","gaming","Generic cable in Gaming"
"C&E CNE58611 (30 Feet/9.1 Meters) High Speed HDMI Cable Male to Male with Ethernet and Audio Return (Black)","gaming","Generic cable in Gaming"
"atdaraz Fiber Optic HDMI Cable 10M, 4K Optical HDMI Cable Supports 4K@60Hz, 4:4:4/4:2:2/4:2:0, HDR, Dolby Vision, HDCP2.2,...","gaming","Generic cable in Gaming"
"Diktmark Gold Plated 15 Meter HDMI Male to HDMI Male Cable TV Lead 1.4V High Speed Ethernet 3D Full HD 1080p HDMI Cable (B...","gaming","Generic cable in Gaming"
"C&E 35ft(10.6M) High Speed Ultra 4K HDMI Cable with Ethernet Gold (35 Feet/10.6 Meters) Supports 4Kx2K@60HZ, 18 Gbps - 24 ...","gaming","Generic cable in Gaming"
"HDMI to VGA Adapter with 3.5mm Audio Port Out for Computer Monitor PC TV 1080P HD Video (Male HDMI Input, Female VGA Output)","gaming","Generic cable in Gaming"
"Cable Matters 3-Pack 48Gbps Ultra HD 8K HDMI Cable with 8K 120Hz Video and HDR Support for PS5, Xbox Series X/S, RTX3080 /...","gaming","Generic cable in Gaming"
"C&E CNE519517 (30 Feet/9.1 Meters) High Speed HDMI Cable Male to Female with Ethernet and Audio Return (Black)","gaming","Generic cable in Gaming"
"AmazonBasics Dual LCD Monitor Stand - Free Standing Mount, Steel & High-Speed HDMI Cable - 10 Feet (Latest Standard) - Sup...","gaming","Generic cable in Gaming"
"IVANKY 8K HDMI 2.1 Cable 6.6ft, 8K@60Hz HDMI Cable 2.1, 4K 120Hz, 48Gbps, eARC, HDR HDCP2.2 for Fire TV/Roku TV/PS5/PS4/Xb...","gaming","Generic cable in Gaming"
"C&E Latest Technology 4K HD HDMI Cable Male to Female 30 AWG (6ft) High Speed 3D Full HD 1080p Support (1.8 Meters) Compat...","gaming","Generic cable in Gaming"
"tizum HDMI to VGA Adapter/ Connector/ Converter Cable 1080P (Male to Female) for Media Players, Xbox, Projector, Computer,...","gaming","Generic cable in Gaming"
"Amazon Basics High-Speed HDMI Cable - 10 Feet (Latest Standard) - Supports Ethernet, 3D, 4K video,Black","gaming","Generic cable in Gaming"
"Tizum High Speed HDMI Cable with Ethernet | Supports 3D 4K | for All HDMI Devices Laptop Computer Gaming Console TV Set To...","gaming","Generic cable in Gaming"
"Amazon Basics Flexible Premium HDMI Cable (Black, 4K@60Hz, 18Gbps), 3-Foot","gaming","Generic cable in Gaming"
"Amazon Basics High-Speed Braided HDMI Cable - 6 Feet - Supports Ethernet, 3D, 4K and Audio Return - Single Pack (Black)","gaming","Generic cable in Gaming"
"ZEBRONICS Zeb-HAA3020 (3 Meter/9 feet) HDMI Cable Supports 3D, ARC & CEC Extension, Compatible with HDMI-Enabled TV, Blu-r...","gaming","Generic cable in Gaming"
"Amazon Basics High-Speed HDMI Cable, 6 Feet - Supports Ethernet, 3D, 4K video,Black","gaming","Generic cable in Gaming"
"EGate i9 Pro-Max 1080p Native Full HD Projector 4k Support | 4500 L (420 ANSI) | 210"" (533 cm) Large Screen | VGA, AV, HDM...","gaming","Generic cable in Gaming"
"BlueRigger High Speed HDMI Cable with Ethernet - Supports 3D, 4K 60Hz, Audio Return - Latest Version (6.6 Feet / 2 Meters)","gaming","Generic cable in Gaming"
"Amazon Basics 6-Feet DisplayPort (not USB port) to HDMI Cable Black","gaming","Generic cable in Gaming"
"Sounce HDMI Cable 4K High-Speed HDMI Cord 18Gbps with Ethernet Support 4K 60Hz Compatible with UHD TV, Monitor, Computer, ...","gaming","Generic cable in Gaming"
"BlueRigger High Speed HDMI Cable with Ethernet - Supports 3D, 4K 60Hz and Audio Return - Latest Version (3 Feet / 0.9 Meter)","gaming","Generic cable in Gaming"
"Tuarso 8K HDMI 2.1 Cable 48Gbps,1.5 Meter High-Speed Braided HDMI Cable(8K@60HZ,4K@120HZ,2K@240HZ) HDMI 2.1 Cable Compatib...","gaming","Generic cable in Gaming"
"Amazon Basics High-Speed HDMI Cable, 6 Feet (2-Pack),Black","gaming","Generic cable in Gaming"
"Amazon Basics High-Speed Braided HDMI Cable - 3 Feet - Supports Ethernet, 3D, 4K and Audio Return (Black)","gaming","Generic cable in Gaming"
"Sounce VGA to HDMI 1080P Full HD Mini VGA to HDMI Audio Video Converter Adapter Box with USB Cable and 3.5mm Audio Port Ca...","gaming","Generic cable in Gaming"
"POSH VGA to HDMI, Mini HD 1080P 3.5mm Audio VGA to HDMI HD HDTV Video Converter Box Adapter VGA2HDMI for PC Laptop Dispaly...","gaming","Generic cable in Gaming"
"ZEBRONICS Zeb-HAA1520 (1.5 Meter) HDMI Cable Supports 3D, 4K, ARC & CEC Extension, Compatible with HDMI-Enabled TV, Blu-ra...","gaming","Generic cable in Gaming"
"tizum HDMI to VGA/AV Adapter Cable 1080P for Projector, Computer, Laptop, TV, Projectors & TV","gaming","Generic cable in Gaming"
"AmazonBasics High-Speed Mini-HDMI (NOT MICRO USB/MICRO HDMI) to HDMI Cable - 3 Feet (Latest Standard)- NOT COMPATIBLE WITH...","gaming","Generic cable in Gaming"
"Ubluker 10k 8k 4k HDMI Cable,Certified 48Gbps 1ms Ultra High Speed HDMI 2.1 Cable 120Hz 144Hz 2k 165Hz 8k 60Hz Dynamic HDR...","gaming","Generic cable in Gaming"
"Amazon Basics High Speed HDMI Cable (Gold-Plated, A Male to A Male) - Supports 4K @60Hz and Audio Return (3 Feet)","gaming","Generic cable in Gaming"
"Amazon Basics High Speed HDMI Cable (Gold-Plated, A Male to A Male) - Supports 4K @60Hz and Audio Return (6 Feet)","gaming","Generic cable in Gaming"
"BlueRigger High Speed HDMI Cable with Ethernet - Supports 3D, 4K 60Hz, Audio Return - Latest Version (10 Feet / 3 Meters)","gaming","Generic cable in Gaming"
"Sounce HDMI Cable 4K High-Speed HDMI Cord 18Gbps with Ethernet Support 4K 60Hz Compatible with UHD TV, Monitor, Computer, ...","gaming","Generic cable in Gaming"
"MICROWARE HDMI to VGA Adapter Converter with 3.5mm Stereo Audio, Active Female HDMI to VGA Male 1080p Video Dongle Adaptor...","gaming","Generic cable in Gaming"
"LS LAPSTER Quality Assured HDMI to VGA Adapter Cable 1080P for Projector, Computer, Laptop, TV, Projectors & TV","gaming","Generic cable in Gaming"
"Microware VGA to HDMI with Audio Adapter for Connecting Traditional VGA Interface Laptop, PC to HDMI Monitor or Projector,...","gaming","Generic cable in Gaming"
"CableCreation USB C to HDMI Cable 4k 6FT HDR, USB Type C to HDMI Cord, Black","gaming","Generic cable in Gaming"
"AmazonBasics High-Speed Braided HDMI Cable - 10 Feet - Supports Ethernet, 3D, 4K and Audio Return (Black)","gaming","Generic cable in Gaming"
"Terabyte 4k (DP) Display Port Male to HDMI Cable Male Port 1080P 1.8 m HDMI Cable (Compatible with HDTV, Smart-TV, Project...","gaming","Generic cable in Gaming"
"Amazon Basics High Speed HDMI Cable (Gold-Plated, A Male to A Male) - Supports 4K @60Hz and Audio Return (10 Feet)","gaming","Generic cable in Gaming"
"TERABYTE HDMI to VGA 1080P HDMI Male to VGA Female Video Converter Adapter Cable for PC Laptop HDTV Projectors and More De...","gaming","Generic cable in Gaming"
"BlueRigger in-Wall High Speed 18Gbps HDMI Cable - CL3 Rated - Supports 4K 60Hz, Ultra HD, 3D, 1080p, Ethernet and Audio Re...","gaming","Generic cable in Gaming"
"HDMI Extender,HDMI to RJ45 Network Cable Extender Converter Repeater Over cat 5e / 6 1080p up to 30m Extender for HDTV PS4...","gaming","Generic cable in Gaming"
"Cablecreation USB C to HDMI Cable for Home Office 6Feet, USB Type C to HDMI 4K@30Hz, Thunderbolt 3/4 Compatible With Galax...","gaming","Generic cable in Gaming"
"EGate i9 Pro 1080p HD 720p Native 2400 Lumens 210 ANSI Portable Projector, 120"" max Screen (3.04 m) 1280 x 720 | VGA, AV, ...","gaming","Generic cable in Gaming"
"Posh HDMI to VGA Gold Plated High-Speed 1080P Active HDTV HDMI to VGA Adapter Converter Male to Female with Audio and Micr...","gaming","Generic cable in Gaming"
"Belkin F3Y021bt2M High Speed HDMI Cable with Ethernet - 2 Meter (Black)","gaming","Generic cable in Gaming"
"AmazonBasics Premium Flexible HDMI Cable and Mini HDMI Adapter, 6-Feet, Black, NOT Compatible with Mobile Phones and Laptops","gaming","Generic cable in Gaming"
"Amazon Basics High Speed HDMI Cable (Gold-Plated, A Male to A Male) - Supports 4K @60Hz and Audio Return (15 Feet)","gaming","Generic cable in Gaming"
"Lukzer 1PC HDMI to VGA Adapter with 3.5mm Audio Cable for Projector, Computer, Laptop (Male to Female Convertor) Gold-Plat...","gaming","Generic cable in Gaming"
"HDMI to VGA Cable 6FT, Unidirectional HDMI to VGA 6' Video Adapter (Male to Male) Compatible for Raspberry Pi, Roku,Comput...","gaming","Generic cable in Gaming"
"Techline HDMI to VGA Adapter Cable 1080P for Projector, Computer, Laptop, TV, Projectors & TV.","gaming","Generic cable in Gaming"
"AmazonBasics HL-007343 High-Speed Mini-HDMI (Not Micro USB/Micro HDMI) to HDMI Cable - 10 Feet (Latest Standard) - Not com...","gaming","Generic cable in Gaming"
"TERABYTE 10 Meter HDMI Male to HDMI Male Cable TV Lead 1.4V High Speed Ethernet 3D Full HD 1080p HDMI Cable (Black For Com...","gaming","Generic cable in Gaming"
"BlueRigger High Speed Mini HDMI(NOT Micro) to HDMI cable with Ethernet (6 Feet / 1.8 Meters)","gaming","Generic cable in Gaming"
"CableCreation USB C to HDMI Cable 4K 6FT for Home Office, Braided USB Type C to HDMI Cable Thunderbolt 3 Compatible with M...","gaming","Generic cable in Gaming"
"Belkin F3Y021bt5M High Speed HDMI Cable with Ethernet - 5 Meter (Black)","gaming","Generic cable in Gaming"
"BlueRigger High Speed Mini HDMI(NOT Micro) to HDMI cable with Ethernet (10 Feet / 3 Meters)","gaming","Generic cable in Gaming"
"TERABYTE 15 Meter HDMI Male to HDMI Male Cable TV Lead 1.4V High Speed Ethernet 3D Full HD 1080p HDMI Cable (Black For Com...","gaming","Generic cable in Gaming"
"Amazon Basics High-Speed HDMI Cable - 10 Feet (2-Pack) -Latest Standard for Xbox, PlayStation, Television, Personal Comput...","gaming","Generic cable in Gaming"
"TERABYTE 5 Meter HDMI Male to HDMI Male Cable TV Lead 1.4V High Speed Ethernet 3D Full HD 1080p HDMI Cable (Black For Comp...","gaming","Generic cable in Gaming"
"RuhZa HDMI to VGA Cable Converter, 6ft 1.5M 1080P HDMI Male to VGA Male D-SUB 15 Pin M/Connector Adapter Cable Cord, Black","gaming","Generic cable in Gaming"
"UGREEN Micro HDMI to HDMI Cable, Type D Male to Type A Female Adapter, Supports 4K 3D for GoPro Hero 5 Raspberry Pi 4 (Not...","gaming","Generic cable in Gaming"
"BlueRigger in-Wall High Speed 18Gbps HDMI Cable - CL3 Rated - Supports 4K 60Hz, Ultra HD, 3D, 1080p, Ethernet and Audio Re...","gaming","Generic cable in Gaming"
"Live Tech HDMI to VGA with 1PC Audio Cable (Extra 1PC Free), Gold-Plated HDMI to VGA Adapter (Male to Female) for Compute...","gaming","Generic cable in Gaming"
"10k 8k 4k HDMI Cable, Certified 48Gbps 1ms Ultra High Speed HDMI 2.1 Cable 4k 120Hz 144Hz 2k 165Hz 8k 60Hz Dynamic HDR ARC...","gaming","Generic cable in Gaming"
"Amazon Basics High Speed HDMI Cable - Supports Ethernet, Full HD 3D, 4K HDR and ARC (4K@60Hz, 18Gbps) - 3 Feet, White","gaming","Generic cable in Gaming"
"BlueRigger HDMI Cable Extension Male to Female HDMI Extender Cord 4K Compatible for TV Stick, Roku Stick, Chromecast, Nint...","gaming","Generic cable in Gaming"
"Amazon Basics 10.2 Gbps High-Speed 4K HDMI Cable with Braided Cord (10-Foot, Dark Grey)","gaming","Generic cable in Gaming"
"BlueRigger High Speed Micro HDMI to HDMI cable (NOT Micro-USB) with Ethernet (6 feet / 1.8 Meters)","gaming","Generic cable in Gaming"
"BlueRigger in-Wall High Speed 10.2Gbps HDMI Cable - CL3 Rated - Supports 4K 30Hz, Ultra HD, 3D, 1080p, Ethernet and Audio ...","gaming","Generic cable in Gaming"
"ZEBRONICS Zeb-Juke BAR 9500WS PRO Dolby 5.1 soundbar with Wireless Satellites, Black & Zeb-HAA3020 HDMI Cable Supports 3D,...","gaming","Generic cable in Gaming"
"Amazon Basics High-Speed HDMI Cable, 3 Feet (Black, 2-Pack) - Supports Ethernet, 3D, 4K video","gaming","Generic cable in Gaming"
"Belkin High Speed HDMI Cable Supports Ethernet, 3D, 4K, 1080p, Audio Return for Television (2 Meters, Black)","gaming","Generic cable in Gaming"
"Sai Traders Hdmi to Vga Cable HDMI Male to VGA Female Video Converter Adapter Cable","gaming","Generic cable in Gaming"
"Priefy HDMI to Vga, Gold-Plated HDMI to VGA Adapter (Male to Female) for Computer, Desktop, Laptop, PC, Monitor, Projecto...","gaming","Generic cable in Gaming"
"ikis - HDMI to VGA Adapter Cable 1080P for Projector, Computer, Laptop, TV, Projectors & TV","gaming","Generic cable in Gaming"
"AmazonBasics 10.2 Gbps High-Speed 4K HDMI Cable with Braided Cord (3-Foot, Dark Grey)","gaming","Generic cable in Gaming"
"UPORT 5 Meter 4K HDMI Cable High Speed, Gold Connectors, 4K @ 60Hz, Ultra HD, 2K, 1080P, & ARC Compatible for Laptop, Moni...","gaming","Generic cable in Gaming"
"CableCreation USB C to HDMI Cable 3 FT 4K@60Hz, Type C to HDMI Cable, Thunderbolt 3 Cable Compatible with MacBook Pro/iMac...","gaming","Generic cable in Gaming"
"MICROWARE Mini HDMI to VGA RGB Video Converter Box Adapter with AV Audio Cable for PC PS3 for XBOX 360 HDTV 1080P","gaming","Generic cable in Gaming"
"Belkin High Speed HDMI Cable Supports Ethernet, 3D, 4K, 1080p, Audio Return for Television (5 Meters, Black)","gaming","Generic cable in Gaming"
"ETZIN HDMI to VGA 1080P HD Video with Audio Cable Converter Adapter Black EPL-451H","gaming","Generic cable in Gaming"
"XElectron C9 Native 1080p Full HD LED Projector | 4200 Lumen (400 ANSI) with 200 inch Large Screen | AV, HDMI, USB, VGA, A...","gaming","Generic cable in Gaming"
"Amazon Basics 10.2 Gbps High-Speed 4K HDMI Cable with Braided Cord, 1.8 Meter, Dark Grey","gaming","Generic cable in Gaming"
"Tobo VGA to HDMI Adapter/Converter with Audio Old PC to TV/Monitor with HDMI, Male VGA to HDMI Video Adapter for TV, Compu...","gaming","Generic cable in Gaming"
"AmazonBasics DisplayPort (not USB port) to HDMI Cable - 15 Feet, Black","gaming","Generic cable in Gaming"
"AGARO HDMI to HDMI Cable 2 Meters, HDMI 2.0, Premium High Speed, 18Gbps 4K@60Hz Support HDR, 3D, ARC, HDCP 2.2, Cotton Bra...","gaming","Generic cable in Gaming"
"Amazon Basics HL-007330 High-Speed Micro-HDMI to HDMI Cable - 3 Feet (Latest Standard), Black - (NOT Compatible with Mobil...","gaming","Generic cable in Gaming"
"UPORT 10 Meter 4K HDMI Cable High Speed, Gold Connectors, 4K @ 60Hz, Ultra HD, 2K, 1080P, & ARC Compatible for Laptop, Mon...","gaming","Generic cable in Gaming"
"Amazon Basics High-Speed 4K HDMI Cable with Braided Cord, 6 Feet, Light Grey","gaming","Generic cable in Gaming"
"1Goal® HDMI Male to VGA Male D-SUB 15 Pin M/M Adapter Converter Cable Convert Signal from HDMI Laptop,PC,TV Box to VGA Mon...","gaming","Generic cable in Gaming"
"Tizum “Fusion” Gold Plated 4K HDMI to HDMI Cable | HDMI 2.0 | High Speed Data Upto 18Gbps | 3D Compatible | HD Audio & Vid...","gaming","Generic cable in Gaming"
"CableCreation 8K HDMI Cable 10 Feet,CableCreation Ultra HD High Speed HDMI Cable 48Gbps,8K 60Hz,HDCP 2.2,4:4:4 HDR,eARC Co...","gaming","Generic cable in Gaming"
"Cablecreation Active Dp To Hdmi Cable, Displayport Male To Hdmi Male Cable, Fhd Gold-Plated Compatible With Projector, Lap...","gaming","Generic cable in Gaming"
"Priefy HDMI to Vga with 3.5 mm Audio, Gold-Plated HDMI to VGA Adapter (Male to Female) for Computer, Desktop, Laptop, PC, ...","gaming","Generic cable in Gaming"
"BlueRigger Ultra Series (Braided-Nylon) 4K HDMI Cable/HDMI Cord (6 feet / 1.8 Meters, HDMI to HDMI, TOP Series) supports (...","gaming","Generic cable in Gaming"
"AGARO HDMI to HDMI Cable 5 Meters, HDMI 2.0, Premium High Speed, 18Gbps 4K@60Hz Support HDR, 3D, ARC, HDCP 2.2, Cotton Bra...","gaming","Generic cable in Gaming"
"Tizum “Ultra” Gold Plated 4K HDMI to HDMI Cable | HDMI 2.0 | High Speed Data Upto 18Gbps | 3D Compatible | HD Audio & Vide...","gaming","Generic cable in Gaming"
"TIZUM High Speed HDMI Cable Aura -Gold Plated-High Speed Data 10.2Gbps, 3D, 4K, HD 1080P (16 Ft/ 5 M)","gaming","Generic cable in Gaming"
"METRONAUT T6 WiFi LED Projector 1080p Full HD with Built-in YouTube - Supports WiFi, HDMI,VGA,AV in,USB, Miracast - (t6 Pr...","gaming","Generic cable in Gaming"
"USB Type C to HDMI Cable, Oxlaw USB Type-C to HDMI Cable 1080P HD HDTV Mirroring & Charging Cable, Digital AV Video Adapte...","gaming","Generic cable in Gaming"
"Belkin 3D, 4K, 1080p, Gold Plated Audio Return High Speed HDMI Cable Supports Ethernet for Television (3.3 Feet, Black)","gaming","Generic cable in Gaming"
"Tobo Micro HDMI to VGA Adapter, Active Micro HDMI to VGA Video Converter with 3.5mm Stereo Audio, Micro HDMI to VGA Cable...","gaming","Generic cable in Gaming"
"GANIX 4k (DP) Display Port Male to HDMI Cable Male Port 1080P 1.8 m HDMI Cable (Compatible with HDTV, Smart-TV, Projector,...","gaming","Generic cable in Gaming"
"MICROWARE HDMI cable HDMI 1 to 2 Split Double Signal Adapter Convert Cable for Video TV HDTV - Black","gaming","Generic cable in Gaming"
"BlueRigger in-Wall High Speed 10.2Gbps HDMI Cable - CL3 Rated - Supports 4K 30Hz, Ultra HD, 3D, 1080p, Ethernet and Audio ...","gaming","Generic cable in Gaming"
"GLink Gold-Plated Soft PVC High-Speed HDMI Cable (15M. / 46 FT.) | Supports Ethernet 1.4V, 3D, 4K video,1080P (Black) (GL-...","gaming","Generic cable in Gaming"
"CableCreation 8K HDMI Cable 3.2 Feet,Ultra High Speed HDMI to HDMI Cable 48Gbps,8K@60Hz 4K@120Hz,HDCP 2.2,eARC Compatible ...","gaming","Generic cable in Gaming"
"VGA to HDMI Adapter VGA to HDMI Converter VGA Male to HDMI Female with 3.5MM Audio Jack Full HD 1080P for Connecting Monit...","gaming","Generic cable in Gaming"
"HDMI to VGA Converter with Audio Cable Male to Female for PC Laptop Tablet Support HDTV Adapter (White)","gaming","Generic cable in Gaming"
"AmazonBasics 10.2 Gbps High-Speed 4K HDMI Cable with Braided Cord, 15-Foot, Dark Grey","gaming","Generic cable in Gaming"
"BlueRigger Ultra Series 8K HDMI to HDMI Cable with 48Gbps Speed, (3.3 Feet / 1 Meter) Supports 8K@60HZ, 4K@120HZ, 1080p Fu...","gaming","Generic cable in Gaming"
"TIZUM High Speed HDMI Cable Aura -Gold Plated-High Speed Data 10.2Gbps, 3D, 4K, HD 1080P (10 Ft/ 3 M)","gaming","Generic cable in Gaming"
"BlueRigger High Speed Micro HDMI to HDMI cable (NOT Micro-USB) with Ethernet (10 feet / 3 Meters)","gaming","Generic cable in Gaming"
"4K High-Speed HDMI Cable 20 Meters - 60 Feet for HD-TV, LED/LCD TV, PC/Laptop, Projector, CD/DVD Player, Home Theater, CCT...","gaming","Generic cable in Gaming"
"Microscope Sets HD 13MP 60F/S HDMI VGA Industrial Microscope Camera+130X C Mount Lens+56 LED Ring Light for Phone Chip Repair","gaming","Generic cable in Gaming"
"Belkin High Speed HDMI Cable Supports Ethernet, 3D, 4K, 1080p, Audio Return for Television (1 Meter, Black)","gaming","Generic cable in Gaming"
"8K HDMI Cable 6.6 Feet, CableCreation Ultra High Speed HDMI to HDMI Cable 48Gbps, 8K@60Hz 4K@120Hz, HDCP 2.2, eARC Compati...","gaming","Generic cable in Gaming"
"tizum Flat HDMI 1.8 M HDMI Cable - Cable for Television, DVD Player","gaming","Generic cable in Gaming"
"JAMUS High Speed HDMI Cable 10 Meter Supports Full HD 1080p (Black)","gaming","Generic cable in Gaming"
"CableCreation Type C to HDMI Cable, USB C to HDMI 4K@30Hz Cable Adapter for Home Office Laptop, Monitor, TV, Compatible wi...","gaming","Generic cable in Gaming"
"AmazonBasics High-Speed 4K HDMI Cable with Braided Cord, 3 Feet, Black","gaming","Generic cable in Gaming"
"BlueRigger Ultra Series 8K HDMI to HDMI Cable with 48Gbps Speed, (6.6 Feet / 2 Meters) Supports 8K@60HZ, 4K@120HZ, 1080p F...","gaming","Generic cable in Gaming"
"Etzin 60M HDMI Extender, HDMI to RJ45 Network Cable Extender Converter Repeater Compatible With 5e / 6 1080p up to 60m HDT...","gaming","Generic cable in Gaming"
"AmazonBasics High-Speed 4K HDMI Cable with Braided Cord, 6 Feet, Black","gaming","Generic cable in Gaming"
"JINCO HDMI to RJ45 Extender Adapter (Receiver & Transmitter) by Cat-5e/6 Cable, Transmission Distance: 30m (Blue)","gaming","Generic cable in Gaming"
"15 Meter HDMI Male to HDMI Male Cable TV Lead 1.4V High Speed Ethernet 3D Full HD 1080p HDMI Cable (Black for Computer, La...","gaming","Generic cable in Gaming"
"NP TECH 3.0 meter black HDMI cable 8.0 OD male to male, 2k ultra hd 4K super deluxe for computer, full copper high speed, ...","gaming","Generic cable in Gaming"
"BlueRigger High Speed Micro HDMI to HDMI cable (NOT Micro-USB) with Ethernet (3 Feet / 0.9 Meters)","gaming","Generic cable in Gaming"
"CableCreation 8K HDMI Cable 3.3 Feet, 48Gbps 4K 8K/60Hz HDMI Cable eARC HDR HDCP 2.2 2.3 Compatible with PS5, PS4, Xbox Se...","gaming","Generic cable in Gaming"
"STELA High Speed Mini HDMI (NOT Micro) to HDMI Cable - Black","gaming","Generic cable in Gaming"
"10k 8k 4k HDMI Cable, Certified 48Gbps 1ms Ultra High Speed HDMI 2.1 Cable 4k 120Hz 144Hz 2k 165Hz 8k 60Hz Dynamic HDR ARC...","gaming","Generic cable in Gaming"
"C&E CNE516844 (12 Feet/3.6 Meters) High Speed HDMI Cable Male to Female with Ethernet and Audio Return (Black)","gaming","Generic cable in Gaming"
"GLink PRO SERIES Gold-Plated SOFT-PVC High-Speed HDMI Cable with ARC (20M. / 62 FT.) | Supports Ethernet 1.4V, 3D, 4K vide...","gaming","Generic cable in Gaming"
"BlueRigger in-Wall High Speed 18Gbps HDMI Cable - CL3 Rated - Supports 4K 60Hz, Ultra HD, 3D, 1080p, Ethernet and Audio Re...","gaming","Generic cable in Gaming"
"Cable Connector Electroline HDMI to HDMI Cable 1.5 Meters, HDMI 2.0, Premium High Speed, 18Gbps 4K@60Hz Support HDR, 3D, A...","gaming","Generic cable in Gaming"
"CableCreation 8K HDMI Cable 6.6 Feet, 48Gbps 4K 8K/60Hz HDMI 2.1 Cable eARC HDR HDCP 2.2 2.3 Compatible with PS5, PS4, Xbo...","gaming","Generic cable in Gaming"
"RuhZa 4k (DP) Display Port Male to HDMI Cable Male Port 1080P 1.8 m HDMI Cable (Compatible with HDTV, Smart-TV, Projector,...","gaming","Generic cable in Gaming"
"BlueRigger High Speed Micro HDMI to HDMI cable (NOT Micro-USB) with Ethernet (15 feet / 4.5 Meters)","gaming","Generic cable in Gaming"
"Lightning to HDMI Digital AV Adapter, 1080P HDMI Cable Compatible with iPhone 12/11/X/8Plus/ iPad/iPod to HDMI","gaming","Generic cable in Gaming"
"WeTek hdmi Jointer, hdmi Connector, hdmi Female to Female Adapter, hdmi to hdmi Connector, hdmi Cable connecter, hdmi Adap...","gaming","Generic cable in Gaming"
"BlueRigger HDMI Cable Extension Male to Female HDMI Extender Cord 4K Compatible for TV Stick, Roku Stick, Chromecast, Nint...","gaming","Generic cable in Gaming"
"BlueRigger Ultra Series (Braided-Nylon) 4K HDMI Cable/HDMI Cord (3 feet / 0.9 Meters, HDMI to HDMI, TOP Series) supports (...","gaming","Generic cable in Gaming"
"4K High-Speed HDMI Cable 15 Meters (45 Feet) For HDTV, LED/LCD TV, PC, Laptop, Home Theater, Projector.","gaming","Generic cable in Gaming"
"GenuineXER® Certified 8K HDMI Cable Ultra High Speed HDMI To Cable 3D 8K@60Hz 4K@120Hz 48Gbps Nylon Braided Gold Plated Co...","gaming","Generic cable in Gaming"
"BlueRigger Ultra Series 8K HDMI to HDMI Cable with 48Gbps Speed, (10 Feet / 3 Meters) Supports 8K@60HZ, 4K@120HZ, 1080p Fu...","gaming","Generic cable in Gaming"
"Storite 15 Meter 4K HDMI to HDMI Cable | HDMI 2.0 | Ultra High Speed Data Upto 18Gbps | 3D Compatible | 4K 60Hz, HD Audio...","gaming","Generic cable in Gaming"
"CARE CASE® HDMI Male to VGA Female with Audio Cable Converter Adapter HDMI to VGA 1080P Gold-Plated Adapter Compatible wit...","gaming","Generic cable in Gaming"
"2.1 HDMI Cable 1 Meter With 48Gbps High Speed (GenuineXER® GX2.1M1) | 8K HDMI Cable 8K@60Hz 4K@120Hz 2K@144Hz Support With...","gaming","Generic cable in Gaming"
"Technotech HDMI Cable 20 Meter Male to Male 1.4v Gold Plated HD 1080p for LCD TV, PC and Laptop (Black)","gaming","Generic cable in Gaming"
"BlueRigger HDMI Cable Extension Male to Female HDMI Extender Cord 4K Compatible for TV Stick, Roku Stick, Chromecast, Nint...","gaming","Generic cable in Gaming"
"GLink PRO SERIES Gold-Plated SOFT-PVC High-Speed HDMI Cable with ARC (25M. / 79 FT.) | Supports Ethernet 1.4V, 3D, 4K vide...","gaming","Generic cable in Gaming"
"AGARO AG60S Andriod HD Projector with 2000 Lux Full HD 1080P Video Projector, Compatible with Smartphone, HDMI,VGA,AV and ...","gaming","Generic cable in Gaming"
"C&E High speed HDMI Cable 1.5 ft. 4K Resolution (0.5m) Supports Ethernet, HD, HDR Video, Bandwidth 18Gbps, Audio Return Ch...","gaming","Generic cable in Gaming"
"Sartyee Hdmi Extender Over Cat5E/6, Ethernet To Hdmi 2 Ports Rj45 Ethernet Network Adapter, Support 1080P Up To 30M/98Ft V...","gaming","Generic cable in Gaming"
"VGA to HDMI Adapter VGA to HDMI Converter VGA Male to HDMI Female with 3.5MM Audio Jack Full HD 1080P for Connecting Monit...","gaming","Generic cable in Gaming"
"SIGNAMIO® X SERIES UHD Cable With Ethernet 4K Ultra High Speed HDMI to HDMI Cable,HDTV 2.0,24K Gold Plated Connector (5 me...","gaming","Generic cable in Gaming"
"HDMI to VGA Adapter, Audio Output Cable Computer Set-top Box Converter Connector Adapter for Laptop, PC, Monitor, Projecto...","gaming","Generic cable in Gaming"
"Vihaan 20 Meter 4K High-Speed HDMI Cable | HD-TV, LED/LCD TV, PC/Laptop, Projector |CD/DVD Player, Home Theater, CCTV DVR ...","gaming","Generic cable in Gaming"
"MICROWARE VGA Male & Audio to HDMI Female Converter Cable VGA + Audio in/HDMI Out","gaming","Generic cable in Gaming"
"Etzin HDMI Male to Dual HDMI Female HDMI Cable (Compatible with TV, Black)-(EPL-441H-01)","gaming","Generic cable in Gaming"
"BlueRigger Ultra Series 8K HDMI to HDMI Cable with 48Gbps Speed, (15 Feet / 4.5 Meter) Supports 8K@60HZ, 4K@120HZ, 1080p F...","gaming","Generic cable in Gaming"
"ikis - Micro HDMI to HDMI Cable, 4K 60Hz, 1.5 Meter 5 feet, Adapter Ethernet Audio Return Compatible for Raspberry Pi 4 RP...","gaming","Generic cable in Gaming"
"Ecomspace USB to HDMI Cable Male Charger Cable Splitter Adapter for HDTV DVD, 8 x 6 x 1 cm (PZIN68014344)","gaming","Generic cable in Gaming"
"rts High-Speed HDMI Cable – 20 Meter (Latest Version Standard) Supports Ethernet,1080p full HD, 3D, 4K 60Hz video, Audio R...","gaming","Generic cable in Gaming"
"CARE CASE® Portable VGA to HDMI Adapter/Converter with Audio (Old PC to TV/Monitor with HDMI), Male VGA to HDMI Video Adap...","gaming","Generic cable in Gaming"
"UPIX® Male to Male HDMI Cable 9.1 Meters (30 Feet) - Supports All HDMI Devices, High Speed 3D, 4K, Full HD 1080p","gaming","Generic cable in Gaming"
"Oxlaw USB C to HDMI Cable, USB Type-C to HDMI Cable 4k 6ft Thunderbolt 3 Compatible for Apple MacBook Pro 2020/2019/2018, ...","gaming","Generic cable in Gaming"
"TERABYTE 20 Meter HDMI Male to HDMI Male Cable TV Lead 1.4V High Speed Ethernet 3D Full HD 1080p HDMI Cable (Black For Com...","gaming","Generic cable in Gaming"
"Honeywell HDMI 1.4 Cable with Ethernet | High Speed HDMI Cable 10.2GBPS | Supports 3D /4Kx2K Ultra High Definition | 3D Ho...","gaming","Generic cable in Gaming"
"IVANKY USB C to HDMI Cable 4K@60Hz, 6ft Thunderbolt 3 Type C to HDMI Adapter Compatible with MacBook Pro, Surface Book, Sa...","gaming","Generic cable in Gaming"
"ETZIN HDMI Male to VGA Female Video Converter Adapter Compatible with Notebook, PC, Laptop, DVD Player, HDTV Projectors, C...","gaming","Generic cable in Gaming"
"Honeywell 3in1 HDMI to VGA, 3.5mm Audio Jack & Micro USB Port, 1080p@60Hz HDMI Resolution & 6.75GB Transfer Speed, VGA Res...","gaming","Generic cable in Gaming"
"BenQ SVGA Business & Education Projector MS560P, DLP, 4000 Lumens High Brightness, 22000:1 High Contrast Ratio, Dual HDMI,...","gaming","Generic cable in Gaming"
"BenQ XGA Business Projector (MX550), DLP, 3600 Lumens High Brightness, 20000:1 High Contrast Ratio, Dual HDMI, VGA, Keysto...","gaming","Generic cable in Gaming"
"CableCreation Mini HDMI to HDMI Cable, 0.5ft Mini-HDMI Male to HDMI Female Adapter, Support 4K 60Hz, 3D, for Camera, Camco...","gaming","Generic cable in Gaming"
"CableCreation 4K Micro HDMI to HDMI Cable Adapter, 4K 60Hz Ethernet 3D Audio Return, Compatible with GoPro Hero 8/7/6/5, R...","gaming","Generic cable in Gaming"
"GLink PRO SERIES Gold-Plated SOFT-PVC High-Speed HDMI Cable with ARC (30M. / 95 FT.) | Supports Ethernet 1.4V, 3D, 4K vide...","gaming","Generic cable in Gaming"
"H-its Kabel : ( 1 Piece HDMI MAle to Male Cable 4K HDMI - Short Length High Speed HDMI Cable - HD 4K x 2K HDMI Cable - HDM...","gaming","Generic cable in Gaming"
"1Goal HDMI to VGA Adapter Converter with 3.5mm Stereo Audio, Active Female HDMI to VGA Male 1080p Video Dongle Adaptor for...","gaming","Generic cable in Gaming"
"Compogent INDIA, 1.5 MTR, 4K HDMI CABLE, HIGH PERFORMANCE HDMI CABLE FOR PC/TV/SETUP BOX","gaming","Generic cable in Gaming"
"Cablecreation Hdmi To Mini Hdmi Cable, High Speed 4K Hdmi Adapter, Compatible For Monitor, Tablet, Laptop, Television, Pro...","gaming","Generic cable in Gaming"
"Microware 1080P HDMI Male to VGA Analog Female HDTV Video Audio Output Converter Adapter","gaming","Generic cable in Gaming"
"TORAAC 4K High Speed HDMI 2.0 to HDMI Cable 18Gbps, 4K - 60Hz & 1080p - 240Hz, HDCP enabled, eARC Compatible for PS5, PS4,...","gaming","Generic cable in Gaming"
"UPORT 1.5 Meter 4K HDMI Cable High Speed, Gold Connectors, 4K @ 60Hz, Ultra HD, 2K, 1080P, & ARC Compatible for Laptop, Mo...","gaming","Generic cable in Gaming"
"JGD PRODUCTS High Speed HDMI Cable with Ethernet | Supports 3D 4K | for All HDMI Devices Laptop Computer Gaming Console TV...","gaming","Generic cable in Gaming"
"Epson EH-TW750 3400 lumens 1920 x 1080 Resolution Home Theatre Projector (HDMI, VGA, Miracast) (White)","gaming","Generic cable in Gaming"
"Rec Trade HDMI Female to VGA Male Converter with 3.5mm Audio, Stereo Audio & Video 1080p Connector for Laptop/ PC/ PS3/ X-...","gaming","Generic cable in Gaming"
"BlueRigger Ultra Series 8K HDMI to HDMI Cable with 48Gbps Speed, (20 Feet / 6 Meter) Supports 8K@60HZ, 4K@120HZ, 1080p Ful...","gaming","Generic cable in Gaming"
"TORAAC 4K nylon braided High Speed HDMI 2.0 to HDMI Cable 18Gbps, 4K 60Hz & 1080p 240Hz, HDCP enabled, eARC Compatible for...","gaming","Generic cable in Gaming"
"Kinsound 8K HDMI Cable, HDMI Cable 2.1 Ultra High Speed 48Gbps 8K/60Hz HDR eARC HDMI Cable for TV, Roku, Samsung, Sony, L...","gaming","Generic cable in Gaming"
"C&E Latest Technology 4K HD HDMI Cable 30 AWG (12ft) High Speed 3D Full HD 1080p Support (3.6 Meters) Compatible HD TV, Bl...","gaming","Generic cable in Gaming"
"ikis Portable VGA to HDMI Adapter/Converter with Audio (Old PC to TV/Monitor with HDMI), Male VGA to HDMI Video Adapter fo...","gaming","Generic cable in Gaming"
"INICIO USB-C to HDMI Cable 4K/60Hz Type C HDTV Adapter Thunderbolt 3 Compatible for MacBook Pro/Air iPad Pro XPS Spectre E...","gaming","Generic cable in Gaming"
"CableCreation 8K HDMI Cable 3.2 Feet, HDCP HDMI Cable 8K 60Hz Ultra High Speed 48Gbps eARC HDMI Cable Compatible with PS5 ...","gaming","Generic cable in Gaming"
"C&E High speed HDMI Cable 20 ft. 4K Resolution (6m) Supports Ethernet, HD, HDR Video, Bandwidth 18Gbps, Audio Return Chann...","gaming","Generic cable in Gaming"
"Storite 10 Meter 4K HDMI to HDMI Cable | HDMI 2.0 | Ultra High Speed Data Upto 18Gbps | 3D Compatible | 4K 60Hz, HD Audio...","gaming","Generic cable in Gaming"
"10k 8k 4k HDMI Cable, Certified 48Gbps 1ms Ultra High Speed HDMI 2.1 Cable 4k 120Hz 144Hz 2k 165Hz 8k 60Hz Dynamic HDR ARC...","gaming","Generic cable in Gaming"
"Tobo HDMI Extender Over Single Cat 5E/6 60M Support Full HD 1080P 3D HDCP EDID Ethernet LAN Cable Switch Network RJ45 to H...","gaming","Generic cable in Gaming"
"FEDUS 5 Meter Certified Premium 8K High-Speed HDMI Cable (8K@60Hz & 4K@120Hz Nylon Braided HDMI Cables Cord 2.1, 48Gbps HD...","gaming","Generic cable in Gaming"
"LS LAPSTER Quality Assured VGA Male to HDMI Output 1080P HD +Audio TV AV Video Cable Converter Adapter (LST-Mini-VGA(M) TO...","gaming","Generic cable in Gaming"
"BlueRigger Braided High Speed HDMI Cable with Ethernet - Supports 3D, 4K and Audio Return [Latest Version] - 10 Feet","gaming","Generic cable in Gaming"
"BlueRigger Braided High Speed HDMI Cable with Ethernet - Supports 3D, 4K and Audio Return [Latest Version] - 10 Feet","gaming","Generic cable in Gaming"
"Terabyte LC0037 5m 3D HDMI Cable (Black)","gaming","Generic cable in Gaming"
"BlueRigger Ultra Series 8K HDMI to HDMI Cable with 48Gbps Speed, (25 Feet / 7.5 Meter) Supports 8K@60HZ, 4K@120HZ, 1080p F...","gaming","Generic cable in Gaming"
"CableCreation Micro HDMI to HDMI Cable Male to Female with Ethernet Support 4K 60Hz 3D Compatible with Raspberry Pi 4, GoP...","gaming","Generic cable in Gaming"
"CableCreation 8K HDMI Cable 10 Feet, 48Gbps HDMI 8K@60Hz Cable eARC HDR HDCP 2.2 2.3 Compatible with PS5, PS4, Xbox Series...","gaming","Generic cable in Gaming"
"QZ Displayport to HDMI Cable, DP to HDMI Cable, Unidirectional, DisplayPort 1.4, HDMI2.0, 4K 60Hz, Black, 1.8 Meter","gaming","Generic cable in Gaming"
"BlueRigger Ultra Series (Braided-Nylon) 4K HDMI Cable/HDMI Cord (25 feet / 7.5 Meters, HDMI to HDMI, TOP Series) supports...","gaming","Generic cable in Gaming"
"DHRUV-PRO Portable Smart LCD Digital Microscope G600 4.3 Inch LCD HD 1-600x 3.6mp High Expansion 1080p/720p/VGA Image Sens...","gaming","Generic cable in Gaming"
"CableCreation 8K HDMI Cable 3.3 Feet,Cablecreation 48Gbps Ultra High Speed 8K/60Hz eARC HDR HDCP 2.2 2.3 HDMI Cable Compat...","gaming","Generic cable in Gaming"
"BlueRigger Ultra Series 8K HDMI to HDMI Cable with 48Gbps Speed, (35 Feet / 10.5 Meter) Supports 8K@60HZ, 4K@120HZ, 1080p ...","gaming","Generic cable in Gaming"
"ZODIAC COMPUTER SYSTEMS 1.5M High Speed HDMI Cable for Xbox 360, 3D Ps3, Blueray, HDTV, Plasma TV, LED and LCD (Black)","gaming","Generic cable in Gaming"
"AVCOM Hdmi Cable (1 Input 2 Output) Y Splitter Cable Adapter for Projector, Computer, Laptop, Pc-Monitor HDTV, Led/LCD Tv,...","gaming","Generic cable in Gaming"
"H-its Kabel : ( 2 Pieces HDMI Male to Male Cable/HDMI - Short Length + High Speed HDMI Cable - HD 4K x 2K HDMI Cable - HDM...","gaming","Generic cable in Gaming"
"eFix HDMI to VGA Converter Cable Audio Cable D-SUB Male Video Adapter Cable Lead D-SUB 15 Pin M/Connector Adapter Cable Co...","gaming","Generic cable in Gaming"
"BlueRigger Ultra Series (Braided-Nylon) 4K HDMI Cable/HDMI Cord (15 feet / 4.5 Meters, HDMI to HDMI, TOP Series) supports...","gaming","Generic cable in Gaming"
"Amazon Basics High-Speed 4K HDMI Cable with Braided Cord, 6 Feet, Red","gaming","Generic cable in Gaming"
"C&E 4K HDMI Cable 10ft, HDMI Cable Male to Female Support 4K@24Hz, 10.2 Gbps, Support ethernet, Dolby Vision, eARC Compati...","gaming","Generic cable in Gaming"
"ETZIN Micro HDMI to VGA HD Video Adapter Cable with 3.5mm Audio Jack Compatible with HDTV, Xbox, PS4, Tablet, PC, Projecto...","gaming","Generic cable in Gaming"
"CableCreation 8K HDMI Cable 6.6 Feet, 48Gbps HDMI 8K@60Hz Cable eARC HDR HDCP 2.2 2.3 Compatible with PS5, PS4, Xbox Serie...","gaming","Generic cable in Gaming"
"AGARO HDMI to HDMI Cable 3 Meters, HDMI 2.0, Premium High Speed, 18Gbps 4K@60Hz Support HDR, 3D, ARC, HDCP 2.2, Cotton Bra...","gaming","Generic cable in Gaming"
"AplinK® 10 Module Hydraulic Popup Box (Silver)Free 1 MT HDMI Cable","gaming","Generic cable in Gaming"
"TERABYTE 15 Meter HDMI Male to HDMI Male Cable High Speed 3D Full HD 1080p HDMI Cable (Black For Computer, Laptop)10","gaming","Generic cable in Gaming"
"Tobo HDMI to VGA Converter Gold-Plated 1080P Female to Female Adapte with 3.5mm Audio Compatible with Projector HDTV Monit...","gaming","Generic cable in Gaming"
"SIGNAMIO® VGA to HDMI, Mini HD 1080P Audio VGA to HDMI HD HDTV Video Converter Box Adapter VGA2HDMI for PC Laptop Display ...","gaming","Generic cable in Gaming"
"Toraac 8K Ultra High Speed HDMI to HDMI Cable 48Gbps, 8K-60Hz 4K-120Hz, HDCP 2.2, eARC Compatible for PS5, PS4, Xbox Serie...","gaming","Generic cable in Gaming"
"CableCreation Type C to HDMI Cable, USB C to HDMI 4K@30Hz Cable Adapter for Home Office Laptop, Monitor, TV, Compatible wi...","gaming","Generic cable in Gaming"
"C & E 1.5 ft Ultra HDMI cable – 4K HDMI cord (HDMI to HDMI cable @60Hz High Speed with Ethernet 0.5 m HDMI Cable, Gold,Ult...","gaming","Generic cable in Gaming"
"World Shopper HDMI Extender,HDMI to RJ45 Network Cable Extender Converter Repeater Over cat 5e / 6 1080p up to 30m Extende...","gaming","Generic cable in Gaming"
"SMALLRIG Camera Cage and HDMI Cable Clamp Only for Sony Alpha 7S III / A7S III / A7SIII / A7S3-3007B","gaming","Generic cable in Gaming"
"Tobo 8K HDMI 2.1 Cable 2M, Certified 48Gbps Ultra High Speed HDMI Cable 4K 120Hz 8K 60Hz 10K eARC HDCP 2.2&2.3 Dynamic HDR...","gaming","Generic cable in Gaming"
"BlueRigger Braided High Speed HDMI cable with Ethernet - Supports 3D, 4K and Audio Return [Latest Version] (6 Feet / 1.8 M...","gaming","Generic cable in Gaming"
"Kinsound High Speed 4K Hdmi Cable With Ethernet Supports 3D, 4K, 1080P Compatible With Tv, Projector, Nintendo Switch, Ps,...","gaming","Generic cable in Gaming"
"HDMI to VGA, FENTICO Gold-Plated HDMI to VGA Adapter (Male to Female) with Audio Compatible for Computer, Desktop, Laptop,...","gaming","Generic cable in Gaming"
"UNIFREE HDMI to VGA 1080P HDMI Male to VGA Female Video Converter Adapter Cable (HDMI to VGA Convertor)","gaming","Generic cable in Gaming"
"FEDUS Certified 4K Long HDMI Cable 3M, Aluminium Shell Braided Ultra HD 2.0 Support 4K 60Hz (HDR10 8/10bit 18Gbps HDCP2.2 ...","gaming","Generic cable in Gaming"
"AMS HDMI to VGA with Audio Adapter, HDMI Male to VGA Female Video Cable Converter with 3.5mm Audio Adapter ‎Plug HDMI Conn...","gaming","Generic cable in Gaming"
"TERABYTE 5 Meter HDMI Male to HDMI Male Cable TV Lead 1.4V High Speed Ethernet 3D Full HD 1080p HDMI Cable (Black For Comp...","gaming","Generic cable in Gaming"
"BlueRigger Ultra Series (Braided/Nylon) HDMI Cable Supports 4K@60HZ, FullHD, Ultra HD, 3D High Speed with Ethernet, ARC, P...","gaming","Generic cable in Gaming"
"Sony DLC-HX10 Premium High Speed HDMI Cable with Ethernet, Black, Compact (FDAEP19.SYH)","gaming","Generic cable in Gaming"
"Honeywell Type C to 2.0 HDMI Cable (Braided), Transmission Speed of 18GBPS, Supports UHD Resolution Upto 4Kx2K@60Hz, Male ...","gaming","Generic cable in Gaming"
"HiperAds HDMI to VGA Adapter/ Connector/ Converter Cable 1080P (Male to Female) for Media Players, Xbox, Projector, Comput...","gaming","Generic cable in Gaming"
"UGREEN 8K HDMI Cable Ultra HD High Speed 48Gbps HDMI 2.1 8K 60Hz Support Dynamic HDR, Dolby Vision, eARC, Compatible for X...","gaming","Generic cable in Gaming"
"CableCreation Ultra Thin HDMI Cable Male to Male, 3.3ft 4K HDMI High-Speed Slim Low Profile Cable, Support 3D, 4K@60Hz, Au...","gaming","Generic cable in Gaming"
"FINICKY-WORLD V380 HD CCTV Wireless IP Security Camera Dual Antenna Live View (Support Micro SD Card + LAN RJ45)","gaming","Generic cable in Gaming"
"TERABYTE 30 Meter HDMI Male to HDMI Male Cable TV Lead 1.4V High Speed Ethernet 3D Full HD 1080p HDMI Cable (Black For Com...","gaming","Generic cable in Gaming"
"C&E High Speed Ultra HDMI Cable CL3 Rated (40 Feet / 12.1 Meter) with Ethernet, Supports (4K x 2K @ 60HZ), Video 4K UHD 21...","gaming","Generic cable in Gaming"
"CableCreation 8K HDMI Cable 6.6 Feet, High Definition HDMI Cord 48Gbps, 8K 60Hz, HDCP 2.2, 4:4:4 HDR, eARC Compatible with...","gaming","Generic cable in Gaming"
"AGARO HDMI to HDMI Cable 10 Meters, HDMI 2.0, Premium High Speed, 18Gbps 4K@60Hz Support HDR, 3D, ARC, HDCP 2.2, Cotton Br...","gaming","Generic cable in Gaming"
"BlueRigger Ultra Series 8K HDMI to HDMI Cable with 48Gbps Speed, (3.3 Feet / 1 Meter) Supports 8K@60HZ, 4K@120HZ, 1080p Fu...","gaming","Generic cable in Gaming"
"Terabyte HDMI to RJ45 Network Cable Extender, HDMI Extender by Ethernet LAN Cable TX(Input)/ RX(Output) Adapter HD Convert...","gaming","Generic cable in Gaming"
"IBS T6 WiFi LED Projector 1080p Full HD with Built-in YouTube - Supports WiFi, HDMI,VGA,AV in,USB, Miracast - Mini Portabl...","gaming","Generic cable in Gaming"
"Ganix Multimedia Wall Socket Face Plate for HDMI VGA 3RCA for Home Office","gaming","Generic cable in Gaming"
"LipiWorld® 8MP (PV) Passive Video Balun BNC DC to RJ45 Network Transceiver Cat5/Cat6 Adapter AHD/TVI/CVI/CVBS for Full HD ...","gaming","Generic cable in Gaming"
"GLink Gold-Plated Soft PVC High-Speed HDMI Cable (30M. / 95 FT.) | Supports Ethernet 1.4V, 3D, 4K video,1080P (Black) (GL-...","gaming","Generic cable in Gaming"
"MaK WOrLD® HDMI to HDMI Cable 1080P with Gold Plated Connectors 15 Meter","gaming","Generic cable in Gaming"
"7SEVEN® Hdmi Cable 5 meter Wire Extension Length Suitable for All Application Devices with 2.0 Version High Speed Pro Prem...","gaming","Generic cable in Gaming"
"MX HDMI Male to HDMI Male Cord 2.0 V (5 Meter) 19pin High Speed HDMI Cable Supports 4K@60MHz, 2160p, 1080p & 3D and Audio ...","gaming","Generic cable in Gaming"
"AmazonBasics HL-007331 High-Speed Micro-HDMI (NOT Micro-USB) to HDMI Cable - 3 Feet (2-Pack) (Latest Standard) (Black)","gaming","Generic cable in Gaming"
"BOSS S12 Full HD 3000 Lumens 1920 x 1080 150 inches Display Portable Home Theatre Projector with HDMI/AV/VGA/USB/TV Input...","gaming","Generic cable in Gaming"
"Storite 20 Meter 4K HDMI to HDMI Cable | HDMI 2.0 | Ultra High Speed Data Upto 18Gbps | 3D Compatible | 4K 60Hz, HD Audio...","gaming","Generic cable in Gaming"
"1Goal® HD 1080P HDMI Female to VGA Female Converter Adapter Dongle with 3.5mm Audio for Laptop PC Xbox STB Blu-ray DVD","gaming","Generic cable in Gaming"
"MaK WOrLD® HDMI to HDMI Cable 1080P with Gold Plated Connectors 10 Meter","gaming","Generic cable in Gaming"
"Storite 90cm 19pin High Speed HDMI Cable, Male to Male HDMI Cord Supports 4K@30Hz, 2160p, 1080p & 3D and Audio Return for ...","gaming","Generic cable in Gaming"
"CableCreation 8K HDMI Cable 10 Feet, 48Gbps HDMI 8K@60Hz Cable eARC HDR HDCP 2.2 2.3 Compatible with PS5, PS4, Xbox Series...","gaming","Generic cable in Gaming"
"CableCreation 8K HDMI Cable 3.3 Feet, 48Gbps HDMI 8K@60Hz Cable eARC HDR HDCP 2.2 2.3 Compatible with PS5, PS4, Xbox Serie...","gaming","Generic cable in Gaming"
"RAYO Flexible High Speed HDMI Cable All HDMI Devices - 1.5 Meter","gaming","Generic cable in Gaming"
"Rec Trade HDMI to VGA Converter with Audio, VGA Male to HDMI Female with 3.5mm Stereo Audio & Video 1080p Connector for La...","gaming","Generic cable in Gaming"
"7SEVEN® hdmi Cable 5 meters Full hd 1080p Support Upto 120Hz and Suitable for tv Projector Laptop Computer pc Android Ampl...","gaming","Generic cable in Gaming"
"Amigo Flexible and Durable HDMI Cable 5ft / 1.5 mtr length - Supports Ethernet, 3D, 4K HDR and ARC (4K@60Hz, 10Gbps)","gaming","Generic cable in Gaming"
"MICROWARE 4K High Speed HDMI Cable “Ultra”- HDMI 2.0 -Gold Plated-High Speed Data 18Gbps, 3D, 4K, HD 2160p (4K HDMI 2.0-3 ...","gaming","Generic cable in Gaming"
"CABLESETC Micro HDMI to HDMI Cable Type D Male to Type A Female with Ethernet Support 4K 60Hz 3D Compatible with Raspberry...","gaming","Generic cable in Gaming"
"CCTV IP Camera Cable RJ45+DC Ethernet and DC Power Port CCTV Network Cable for Security IP Camera Module","gaming","Generic cable in Gaming"
"GLink PRO SERIES Gold-Plated SOFT-PVC High-Speed HDMI Cable with ARC (5M. / 16 FT.) | Supports Ethernet 1.4V, 3D, 4K vide...","gaming","Generic cable in Gaming"
"1Goal® 1080P HDMI Male to VGA Female Converter Box Adapter with 3.5mm Audio Port for PC HDTV - Black","gaming","Generic cable in Gaming"
"RuhZa HDMI to VGA Adapter, Seminer HDMI Male to VGA Female Adapter with 3.5mm Audio Jack Cable Compatible with Monitor/Lap...","gaming","Generic cable in Gaming"
"Tobo HDMI to VGA HDMI Adapter, Dual Display 4K HDMI to HDMI VGA Splitter Converter with Charging Cable and 3.5mm Audio Cab...","gaming","Generic cable in Gaming"
"Techline HDMI to VGA Converter Cable, White | 1080 p HDMI Male to VGA Female Video Adapter | to Connect Incompatible Displ...","gaming","Generic cable in Gaming"
"C&E CNE515960 (6 Feet/1.8 Meters) High Speed HDMI Cable Male to Female with Ethernet and Audio Return (Black)","gaming","Generic cable in Gaming"
"CableCreation 8K HDMI Cable 6.6 Feet, 8K 60Hz eARC HDMI Cable Ultra High Speed 48Gbps HDR HDCP 2.2 & 2.3 Dolby Vision HDMI...","gaming","Generic cable in Gaming"
"iSOUL 4K HDMI Cable, High-Speed HDMI 2.0 Cable, Supports 3D Formats with Audio Return Compatible with Blu-ray PS4 PS5 Xbox...","gaming","Generic cable in Gaming"
"HDMI to VGA with 1PC Audio Cable/Adapter (Male to Female) for Computer-Laptop-HDTV-Xbox[NOT for VGA to HDMI] (White/Black)","gaming","Generic cable in Gaming"
"RAYO Flexible High Speed HDMI Cable All HDMI Devices - 3 Meter","gaming","Generic cable in Gaming"
"MX HDMI Male to HDMI Male Cord 2.0 V (10 Meter) 19pin High Speed HDMI Cable Supports 4K@60MHz, 2160p, 1080p & 3D and Audio...","gaming","Generic cable in Gaming"
"VOOCME HDMI to VGA Converter Cable Audio Cable D-SUB Male Video Adapter Cable Lead D-SUB 15 Pin M/Connector Adapter Cable ...","gaming","Generic cable in Gaming"
"BenQ SVGA 3600 Lumen Business Projector (MS550), DLP, 800x600, High Brightness, 20000:1 High Contrast Ratio, Dual HDMI, VG...","gaming","Generic cable in Gaming"
"Verilux® HDMI to VGA, Portable HDMI to VGA Converter/Adapter with Audio (Old PC to TV/Monitor with HDMI) for Computer, Des...","gaming","Generic cable in Gaming"
"TIZUM “Ultra” Gold Plated 4K HDMI to HDMI Cable | HDMI 2.0 | High Speed Data Upto 18Gbps | 3D Compatible | HD Audio & Vide...","gaming","Generic cable in Gaming"
"UGREEN 8K HDMI Cable Ultra HD High Speed 48Gbps HDMI 2.1 8K 60Hz Support Dynamic HDR, Dolby Vision, eARC, Compatible for X...","gaming","Generic cable in Gaming"
"CableCreation 8K HDMI Cable 3.3 Feet, 48Gbps HDMI 8K@60Hz Cable eARC HDR HDCP 2.2 2.3 Compatible with PS5, PS4, Xbox Serie...","gaming","Generic cable in Gaming"
"CARE CASE® Display Port to HDMI Cable Compatible Devices Projector, Laptop, TV, Monitor, PC","gaming","Generic cable in Gaming"
"Dhruvga HDMI Male to VGA Male Cable 3M, Unidirectional HDMI to VGA Video Converter Gold Platted Connector, Compatible with...","gaming","Generic cable in Gaming"
"AMS HDMI Splitter Cable 1m, HDMI Cable 1 in 2 Out 4K, HDMI Splitter for Dual Monitors Compatible with Projectors, PS3, DVD...","gaming","Generic cable in Gaming"
"LipiWorld® 4K Ultra HD 3D 3 Port HDMI AUTO Switch Splitter 1080P HD TV Adapter Cable 3 in 1 Out(3 Port Hdmi Cable)","gaming","Generic cable in Gaming"
"FEDUS Certified 4K Long HDMI Cable 3.2 FEET/1M, Aluminium Shell Braided Ultra HD 2.0 Support 4K 60Hz (HDR10 8/10bit 18Gbps...","gaming","Generic cable in Gaming"
"ieopon Villa HDMI Extender,HDMI to RJ45 Network Cable Extender Converter Repeater Over cat 5e / 6 1080p up to 30m Extender...","gaming","Generic cable in Gaming"
"FENTICO VGA to HDMI Adapter VGA to HDMI Converter VGA Male to HDMI Female with 3.5MM Audio Jack Full HD 1080P for Connecti...","gaming","Generic cable in Gaming"
"viboton HDMI to VGA, Gold-Plated HDMI to VGA Adapter (Male to Female) Projector, HDTV, Chromebook, Raspberry Pi, Roku, Xbo...","gaming","Generic cable in Gaming"
"Shri ram ji Enterprise & Traders ELECTROLINE 3Mtr 4K Ultra HD HDMI to HDMI Cable (Black)","gaming","Generic cable in Gaming"
"Techworld HDMI Extender,HDMI to RJ45 Network Cable Extender Converter Repeater Over cat 5e / 6 1080p up to 30m Extender fo...","gaming","Generic cable in Gaming"
"BlueRigger 4K Mini DisplayPort to HDMI 2.0 Cable, Thunderbolt 2 to HDMI Cable UHD, Mini DP to HDMI, Surface to HDMI, HDMI ...","gaming","Generic cable in Gaming"
"C&E High Speed HDMI Cable Male to Female with Ethernet Black (20 Feet/6.0 Meters)","gaming","Generic cable in Gaming"
"HIKVISION DS-KIS204T (Villa Analog Kit) - Video Door Phone with USEWELL RJ45","gaming","Generic cable in Gaming"
"VGA to HDMI Converter","gaming","Generic cable in Gaming"
"ikis hdmi Jointer, hdmi Connector, hdmi Female to Female Adapter, hdmi to hdmi Connector, hdmi Cable connecter, hdmi Adapt...","gaming","Generic cable in Gaming"
"UGREEN 8K HDMI Cable Ultra HD High Speed 48Gbps HDMI 2.1 8K 60Hz Support Dynamic HDR, Dolby Vision, eARC, Compatible for X...","gaming","Generic cable in Gaming"
"DigiReach® HDMI Cable 3 Meter FullHD 1080P - HDMI 1.4 - ARC - HDCP 1.4- Gold Plated Connector - Premium HDMI for TV - Proj...","gaming","Generic cable in Gaming"
"C&E High Speed Ultra HDMI Cable CL3 Rated (15 Feet / 4.5 Meter) with Ethernet, Supports (4K x 2K @ 60HZ), Video 4K UHD 216...","gaming","Generic cable in Gaming"
"C&E CNE507897 (25 Feet/7.6 Meters) High Speed HDMI Cable Male to Female with Ethernet and Audio Return (Black)","gaming","Generic cable in Gaming"
"TERABYTE 20 Meter HDMI Male to HDMI Male Cable TV Lead 1.4V High Speed Ethernet 3D Full HD 1080p HDMI Cable (Black for Com...","gaming","Generic cable in Gaming"
"HiperAds HDMI Male to Dual HDMI Female HDMI Cable 1 to 2 Way Splitter Adapter Cable 1080P Converter (Compatible with TV, B...","gaming","Generic cable in Gaming"
"1080P HDMI Male to VGA Female Converter Box Adapter 3.5mm Port for PC HDTV","gaming","Generic cable in Gaming"
"BlueRigger Braided High Speed HDMI cable with Ethernet - Supports 3D, 4K and Audio Return [Latest Version] - 3 Feet HDMI C...","gaming","Generic cable in Gaming"
"Terabyte HDMI Male to VGA Female Video Converter Adapter Cable with Sound Aux Cable (Black) 6","gaming","Generic cable in Gaming"
"C&E 4K HDMI Cable 20ft, HDMI Cable Support 4K@24Hz, 10.2 Gbps, Support ethernet, Dolby Vision, eARC Compatible with Apple ...","gaming","Generic cable in Gaming"
"GLink PRO SERIES Gold-Plated SOFT-PVC High-Speed HDMI Cable with ARC (10M. / 30 FT.) | Supports Ethernet 1.4V, 3D, 4K vide...","gaming","Generic cable in Gaming"
"Galaxy Retail 15meter HDMI Cable 4K Ultra HD HDMI Male to Male Cable (15m, Black)","gaming","Generic cable in Gaming"
"Play™ Projector 3D Full HD LED Projector 3000Lumens TV Home Theater LCD Video VGA Beamer with 1 Year Warranty","gaming","Generic cable in Gaming"
"UGREEN 8K HDMI Cable 6 FT HDMI 2.1 Support 8K 60Hz Ultra HD, Dynamic HDR, High Speed 48Gbps, Dolby Vision, eARC, Compatibl...","gaming","Generic cable in Gaming"
"High Speed HDMI Braided Cable - HDMI 2.1 Cable 1.5m,8K hdmi Cable Snowkids Ultra HD hdmi 48Gbps High Speed 8K@60Hz,4K@120H...","gaming","Generic cable in Gaming"
"CableCreation HDMI Cable 4K@60Hz, HDMI 4K Cable, High-Speed 18Gbps, 4K HDR, 3D, 2160P, 1080P, Ethernet Support, Compatible...","gaming","Generic cable in Gaming"
"BlueRigger Ultra Series (Braided/Nylon) HDMI Cable Supports 4K@60HZ, FullHD, Ultra HD, 3D High Speed with Ethernet, ARC, P...","gaming","Generic cable in Gaming"
"AGARO HDMI to HDMI Cable 5 Meters, HDMI 2.1, Premium High Speed, Supports up to 48Gbps 8K@60Hz Support Dynamic HDR, 3D, eA...","gaming","Generic cable in Gaming"
"C & E 50 FT Ultra 4K HDMI Cable 60Hz HDR, High Speed 18 Gbps 2.0 15.24 m HDMI Cable (Compatible with HDTV, Red)","gaming","Generic cable in Gaming"
"MX HDMI Male to HDMI Male Cord 2.0 V (1.5 Meter) 19pin High Speed HDMI Cable Supports 4K@60MHz, 2160p, 1080p & 3D and Audi...","gaming","Generic cable in Gaming"
"coconut Ultra High Speed HDMI Cable 2.0 version (2 Meter/6.6 feet) Braided - Supports Ethernet Full HD 3D 4K ARC for Lapto...","gaming","Generic cable in Gaming"
"Belkin USB-C to HDMI Adapter + Charge (Supports 4K UHD Video, Pass-Through Power & High Speed HDMI Cable Supports Etherne...","gaming","Generic cable in Gaming"
"UPORT 25 cm VGA to HDMI 4K Converter Cable with Audio 1080p, Active Male VGA-HDMI Male Out Lead Video Converter Cord for C...","gaming","Generic cable in Gaming"
"Ugreen High Speed HDMI Cable with Ethernet 90 Degree Right Angle Supports 3D and Audio Return Compatible for Blu Ray Playe...","gaming","Generic cable in Gaming"
"DigiReach® HDMI Cable 1.5 Meter FullHD 1080P - HDMI 1.4 - ARC - HDCP 1.4 - Gold Plated Connector - Premium HDMI for TV - P...","gaming","Generic cable in Gaming"
"LCD Mini Projector Multimedia Home Theater Video Projector Support 1080P USB SD Card VGA AV Home Cinema TV Laptop Game","gaming","Generic cable in Gaming"
"BlueRigger Ultra Series 8K HDMI to HDMI Cable with 48Gbps Speed, (35 Feet / 10.5 Meter) Supports 8K@60HZ, 4K@120HZ, 1080p ...","gaming","Generic cable in Gaming"
"BigPlayer HDMI Male to VGA Female Video Converter Adapter Cable (Black)","gaming","Generic cable in Gaming"
"TERABYTE 15 Meter HDMI Male to HDMI Male Cable High Speed 3D Full HD 1080p HDMI Cable (Black For Computer, Laptop)08","gaming","Generic cable in Gaming"
"World Shopper hdmi to vga Adapter Audio Cable (Black)","gaming","Generic cable in Gaming"
"Terabyte HDMI to VGA with Aux Adapter, HDMI Male to VGA Female Full HD 720/1080P Aux Converter (Black) + 1.5 Mtr 15 Pin Ma...","gaming","Generic cable in Gaming"
"C&E 50 FT(15.2M) High Speed Ultra 4K HDMI Cable with Ethernet Blue (50 Feet/15.2 Meters) Supports 4Kx2K@60HZ, 18 Gbps - 24...","gaming","Generic cable in Gaming"
"BlueRigger Ultra Series 8K HDMI to HDMI Cable with 48Gbps Speed, (15 Feet / 4.5 Meter) Supports 8K@60HZ, 4K@120HZ, 1080p F...","gaming","Generic cable in Gaming"
"TIZUM High Speed HDMI Cable Aura- Gold Plated-High Speed Data 10.2Gbps, 3D, 4K, HD 1080P (5 Ft/ 1.5 M)","gaming","Generic cable in Gaming"
"Toraac 4K High Speed HDMI 2.0 to HDMI Cable 18Gbps, 4K - 60Hz & 1080p - 240Hz, HDCP enabled, eARC Compatible for PS5, PS4,...","gaming","Generic cable in Gaming"
"AGARO HDMI to HDMI Cable 2 Meters, HDMI 2.1, Premium High Speed, Supports up to 48Gbps 8K@60Hz Support Dynamic HDR, 3D, eA...","gaming","Generic cable in Gaming"
"HDMI Extender 30m to RJ45 LAN Ethernet Port 4k HDMI Network Transmitter (TX) Receiver (RX) Adapter Dongle Converter Over C...","gaming","Generic cable in Gaming"
"MICROWARE New Universal VGA & Audio to HDMI Converter, Cable Version, VGA + Audio in/HDMI Out","gaming","Generic cable in Gaming"
"Vihaan 1.5 Meter 4K High-Speed HDMI Cable | HD-TV, LED/LCD TV, PC/Laptop, Projector |CD/DVD Player, Home Theater, CCTV DVR...","gaming","Generic cable in Gaming"
"C & E 4K HDMI cord HDMI to HDMI cable @60Hz with Ethernet 1.5 ft Ultra /0.5 Meter HDMI Cable, Gold","gaming","Generic cable in Gaming"
"C&E Latest Technology 4K HD HDMI Cable 28 AWG (30ft) High Speed 3D Full HD 1080p Support (9.1 Meters) Compatible HD TV, Bl...","gaming","Generic cable in Gaming"
"DigiReach® HDMI Cable 10 Meter FullHD 1080P - HDMI 1.4 - ARC - HDCP 1.4 - Gold Plated Connector - Premium HDMI for TV - Pr...","gaming","Generic cable in Gaming"
"CableCreation Mini HDMI to HDMI Cable, Support 4K 60Hz Ultra HD, 3D, High Speed, 6 Feet","gaming","Generic cable in Gaming"
"HIKVISION 8 Channel NVR 4K 1U H.265+ 160 Mbps DS-7608NI-K1 with Ramilton HDMI Cable","gaming","Generic cable in Gaming"
"C&E HDMI Cable (3 Feet/0.9 meters) Male to Female Supports 4K@30Hz, High Speed, Hand-Tested, HDMI Ready - HD, 10.2Gbps, Au...","gaming","Generic cable in Gaming"
"NEWCARE HDMI 2.0b Switch 3 in 1 Out 【with High Speed 3.9 FT HDMI Cable】, 3x1 HDMI Selector Switch with Remote,Support UHD ...","gaming","Generic cable in Gaming"
"CP PLUS High Speed HDMI Cable 1.5 Meter Support 4K, 3D, Ethernet & Ideal for Surveillance","gaming","Generic cable in Gaming"
"Technotech Mini Compact Video VGA to HDMI 1080p Converter Adapter with 3.5mm Audio","gaming","Generic cable in Gaming"
"Technotech Mini Compact Video VGA to HDMI 1080p Converter Adapter with 3.5mm Audio","gaming","Generic cable in Gaming"
"ikis 1.5m - High Speed HDMI Cable Male to Male Cable for LED/LCD TV, PC Monitor, Setup Box - 1.5m HDMI Male to Male Cable ...","gaming","Generic cable in Gaming"
"Cablecreation 8K 48Gbps Ultra High Speed Hdmi Cable 10Ft, 4K120 8K 60 144Hz Earc Hdr Hdcp 2.2 2.3 Compatible With Ps5 Ps4 ...","gaming","Generic cable in Gaming"
"C & E 4K HDMI Cable High Speed 10.2Gbps 20 ft Male to Female Cable,4K, 3D, 2160P, 1080P, Ethernet -ARC (Black, For TV)","gaming","Generic cable in Gaming"
"UGREEN HDMI Cable 4K Braided High Speed HDMI Cord 18Gbps with Ethernet Support 4K 60HZ Compatible for UHD TV, Monitor, Com...","gaming","Generic cable in Gaming"
"Rec Trade HDMI to VGA Cable, Gold-Plated HDMI Male to VGA Male 1080p Video Converter Cable, for PC/Laptop etc.(Only Conver...","gaming","Generic cable in Gaming"
"FEDUS 2 Meter Certified Premium 8K High-Speed HDMI Cable (8K@60Hz & 4K@120Hz Nylon Braided HDMI Cables Cord 2.1, 48Gbps HD...","gaming","Generic cable in Gaming"
"JINCO HDMI to VGA 1080P HDMI Male to VGA Female Video Converter Adapter Cable for PC Laptop HDTV Projectors and More Devic...","gaming","Generic cable in Gaming"
"Roku Express (New, 2022) HD Streaming Device with High-Speed HDMI Cable and Simple Remote, Guided Setup, and Fast Wi-Fi","gaming","Generic cable in Gaming"
"JK Vision 4MP CCTV IP Camera Full Set, 5 Bullet, 3 Dome, 8 Channel NVR, 8 Port POE, 2TB Hard Disk, Cat6 Cable, 16 RJ45 Con...","gaming","Generic cable in Gaming"
"8K@60Hz DisplayPort to HDMI Cable 9.9ft, DP 1.4a to HDMI 2.1 Video Cord, Support 8K, 4K@120Hz/144Hz, 2K@240Hz, VRR, HDR, D...","gaming","Generic cable in Gaming"
"HiperAds HDMI Male to VGA Male D-SUB 15 Pin M/M Adapter Converter Cable Convert Signal from HDMI Laptop,PC,TV Box to VGA M...","gaming","Generic cable in Gaming"
"TERABYTE 25 Meter HDMI Male to HDMI Male Cable TV Lead 1.4V High Speed Ethernet 3D Full HD 1080p HDMI Cable (Black For Com...","gaming","Generic cable in Gaming"
"GLink PRO SERIES Gold-Plated SOFT-PVC High-Speed HDMI Cable with ARC (3M. / 9.50 FT.) | Supports Ethernet 1.4V, 3D, 4K vid...","gaming","Generic cable in Gaming"
"Tizum “Fusion” Gold Plated 4K HDMI to HDMI Cable | HDMI 2.0 | High Speed Data Upto 18Gbps | 3D Compatible | HD Audio & Vid...","gaming","Generic cable in Gaming"
"CableCreation 8K HDMI Cable 10 Feet, 48Gbps HDMI 8K@60Hz Cable eARC HDR HDCP 2.2 2.3 Compatible with PS5, PS4, Xbox Series...","gaming","Generic cable in Gaming"
"7SEVEN® Hdmi Cable 15 meter Wire Extension Length Suitable for All Application Devices with 2.0 Version High Speed Pro Pre...","gaming","Generic cable in Gaming"
"7SEVEN® Hdmi Cable 3 meter Wire Extension Length Suitable for All Application Devices with 2.0 Version High Speed Pro Prem...","gaming","Generic cable in Gaming"
"TIZUM HDMI Cable with High-Speed Ethernet, Supports 3D, 4K Resolution, Compatible for All HDMI Devices (1.5 Meter/ 5 Feet)...","gaming","Generic cable in Gaming"
"7SEVEN® hdmi cable 1.5 meter full hd 1080p support upto 120Hz and suitable for tv projector laptop computer pc android amp...","gaming","Generic cable in Gaming"
"15 Feet (5 Meters) High Speed 4K HDMI Cable For 3D, HDTV, LED/LCD TV, PC, Laptop, Projector, Home Theater, HD-DVD, Gaming ...","gaming","Generic cable in Gaming"
"Kinsound 8K HDMI Cable, HDMI Cable 2.1 Ultra High Speed 48Gbps 8K/60Hz HDR eARC HDMI Cable for TV, Roku, Samsung, Sony, L...","gaming","Generic cable in Gaming"
"CableCreation DisplayPort to HDMI Cable, DP Male to HDMI Male Cable, 4K@30Hz Max 1080P 144Hz FHD Gold-Plated, Compatible w...","gaming","Generic cable in Gaming"
"C&E 40 FT(12.1M) High Speed Ultra 4K HDMI Cable with Ethernet Gold (40 Feet/12.1 Meters) Supports 4Kx2K@60HZ, 18 Gbps - 24...","gaming","Generic cable in Gaming"
"UPIX® Male to Male HDMI Cable 4.5 Meters (15 Feet) - Supports All HDMI Devices, High Speed 3D, 4K, Full HD 1080p","gaming","Generic cable in Gaming"
"2.1 HDMI Cable 2 Meter With 48Gbps High Speed (GenuineXER® GX2.1M1) | 8K HDMI Cable 8K@60Hz 4K@120Hz 2K@144Hz Support With...","gaming","Generic cable in Gaming"
"7SEVEN® Hdmi Cable 10 meter Wire Extension Length Suitable for All Application Devices with 2.0 Version High Speed Pro Pre...","gaming","Generic cable in Gaming"
"QZ 8K HDMI Cable Ultra High Speed HDMI 2.1 Cable 8K/60Hz 4K/120Hz 48Gbps Black 1.8 Meter","gaming","Generic cable in Gaming"
"C&E CNE619194 (60 Feet/18.2 Meters) High Speed HDMI Cable Male to Male with Ethernet and Audio Return (Black)","gaming","Generic cable in Gaming"
"InfiDeals Mini HDMI to Standard HDMI Cable 1.5Meter and do HDMI to Mini HDMI - Ultra High Speed 18Gbps Support 4K HDR and ...","gaming","Generic cable in Gaming"
"CableCreation USB C to HDMI Cable Right Angel 4K 6FT, USB Type C to HDMI Cable Adapter, Thunderbolt 3 Compatible with MacB...","gaming","Generic cable in Gaming"
"ikis - High Speed HDMI Cable with Ethernet | Supports 3D 4K | for All HDMI Devices Laptop Computer Gaming Console TV Set T...","gaming","Generic cable in Gaming"
"FEDUS 5 Meter High Speed HDMI Cable Male to Male TV-Out Cable Cord Wire hdmi to hdmi cable for TV, PC, PlayStation, Gaming...","gaming","Generic cable in Gaming"
"Metronaut Android 9.0 YouTube Netflix HD 3D Projector HDMI USB VGA AV, 1280*720P (5000 lm / Wireless / Remote Controller) ...","gaming","Generic cable in Gaming"
"BANDRIDGE High-Speed HDMI Cable with Ethernet, Highly Durable & Flexible PVC Jacket Cable Supports Ethernet, 3D And 4k (2 ...","gaming","Generic cable in Gaming"
"MX HDMI Male to HDMI Male Cord 2.0 V (40 Meter) 19pin High Speed HDMI Cable Supports 4K@30MHz, 2160p, 1080p & 3D and Audio...","gaming","Generic cable in Gaming"
"HDMI Extender, Adaptermvp HDMI to RJ45 Ethernet Network Converter Over by Cat5-e/6 Cable Splitter 1080p up to 30m/98ft Rep...","gaming","Generic cable in Gaming"
"Dhruvga WiFi Digital Microscope,50X-1000X Handheld Digital Zoom Microscope Endoscope Magnifier HD 2MP 8 LED Smartphone, Ta...","gaming","Generic cable in Gaming"
"TERABYTE 15 Meter HDMI Male to HDMI Male Cable TV Lead 1.4V High Speed Ethernet 3D Full HD 1080p HDMI Cable (Black For Com...","gaming","Generic cable in Gaming"
"Generic High-Speed HDMI Cable, 3 Meter - Supports Ethernet, 3D, 4K Video,Black","gaming","Generic cable in Gaming"
"HKeCart 1080P HDMI Male to VGA Female Video Cord Converter Adapter Cable for HDTV TV PC Laptop Projectors and Other HDMI I...","gaming","Generic cable in Gaming"
"Gadget-Wagon HDMI Cable Gold Plated 4K, Full HD for LED TV, HDTV, PS3, DVD Player, Blue Ray, Projector and Computer (30 m/...","gaming","Generic cable in Gaming"
"Terabyte 20 Mtr. HDMI Male to HDMI Male Cable TV High Speed Ethernet 3D Full HD 1080p HDMI Cable (Blk For Computer, Lapto...","gaming","Generic cable in Gaming"
"RuhZa HDMI Male to VGA Female TV AV Video Converter Adapter White 1080P Without Audio Adapter","gaming","Generic cable in Gaming"
"FEDUS 3 Meter Certified Premium 8K High-Speed HDMI Cable (8K@60Hz & 4K@120Hz Nylon Braided HDMI Cables Cord 2.1, 48Gbps HD...","gaming","Generic cable in Gaming"
"Electroline Black High Speed 1.5 Meter HDMI Cable","gaming","Generic cable in Gaming"
"Kinsound 4K Hdmi Cable 3 Meters, High Speed Hdmi Cable With Ethernet Supports 3D, 4K, 1080P Compatible For Tv, Projector, ...","gaming","Generic cable in Gaming"
"Techworld Hdmi to Vga Cable HDMI Male to VGA Female Video Converter Adapter Cable","gaming","Generic cable in Gaming"
"BlueRigger 4K Mini DisplayPort to HDMI 2.0 Cable, Thunderbolt 2 to HDMI Cable UHD, Mini DP to HDMI, Surface to HDMI, HDMI ...","gaming","Generic cable in Gaming"
"Ranz Hdmi Male To Vga Female Video Converter Adapter Cable For Laptop, Television, Projector, Monitor, Dvd Player- Black","gaming","Generic cable in Gaming"
"C&E 20ft(6M) High Speed HDMI Cable Male to Male with Ethernet Black (20 Feet/6 Meters) Supports 4K@30Hz, 3D, 1080p and Aud...","gaming","Generic cable in Gaming"
"Techline HDMI to VGA Converter Adapter Cable Without Audio (Black)","gaming","Generic cable in Gaming"
"TIZUM “Ultra” Gold Plated 4K HDMI to HDMI Cable | HDMI 2.0 | High Speed Data Upto 18Gbps | 3D Compatible | HD Audio & Vide...","gaming","Generic cable in Gaming"
"BlueRigger Ultra Series 8K HDMI to HDMI Cable with 48Gbps Speed, (10 Feet / 3 Meters) Supports 8K@60HZ, 4K@120HZ, 1080p Fu...","gaming","Generic cable in Gaming"
"ETZIN Lighting to HDMI Adapter, Digital AV Adapter 1080P HDMI VGA Connector with Charging Port Compatible with iPhone, iPa...","gaming","Generic cable in Gaming"
"likes of india HDMI Cable 1.5 Meter High Speed Gold Plated HDMI Male to Female Extension Cable 1.5 m HDMI Cable (Compatibl...","gaming","Generic cable in Gaming"
"7SEVEN® Hdmi Cable 1.5 meter Wire Extension Length Suitable for All Application Devices with 2.0 Version High Speed Pro Pr...","gaming","Generic cable in Gaming"
"Aarya High-Speed HDMI Cable 4K, 1080p, 720p for HD-TV, LED/LCD TV, PC/Laptop, Projector, CD/DVD Player, Home Theater, CCTV...","gaming","Generic cable in Gaming"
"MINAGO 2 Meter 8K Certified HDMI 2.1 Cable, 48Gbps Ultra High Speed 8K HDMI Cable, Support 8K@60Hz,4K@120Hz, Dynamic HDR,3...","gaming","Generic cable in Gaming"
"C&E CNE58574 (15 Feet/4.5 Meters) High Speed HDMI Cable Male to Male with Ethernet and Audio Return (2 Pack) (Black)","gaming","Generic cable in Gaming"
"AMS HDMI to VGA Cable, Unidirectional HDMI to VGA Video Converter (Male to Male) Gold Platted Connector Compatible for Com...","gaming","Generic cable in Gaming"
"Terabyte HDMI to VGA Converter to connect Projector","gaming","Generic cable in Gaming"
"Vihaan 3 Meter 4K High-Speed HDMI Cable | HD-TV, LED/LCD TV, PC/Laptop, Projector |CD/DVD Player, Home Theater, CCTV DVR B...","gaming","Generic cable in Gaming"
"Honeywell 4-in-1 Type C 3.1 to USB 3.0 with RJ45 Gigabit Ethernet Adapter, 3x3.0 USB Ports Transfer Speed 5Gbps, 1Gbps Ban...","gaming","Generic cable in Gaming"
"C&E High Speed HDMI Cable 25 ft. 4K Resolution (7.6m) Supports Ethernet, HD, HDR Video, Bandwidth 18Gbps, Audio Return Cha...","gaming","Generic cable in Gaming"
"Boss S13 | 1920X1080 FHD 180"" Display, Lumens: 3000, HDMI/AV/VGA/USB/TV in-Built Speaker Power Cable, Manual, Remote Contr...","gaming","Generic cable in Gaming"
"AplinK® HDMI Extender,HDMI to RJ45 Network Cable Extender Converter Repeater Over Cat 5e / 6 1080p up to 60m Extender","gaming","Generic cable in Gaming"
"BlueRigger Ultra Series 8K HDMI to HDMI Cable with 48Gbps Speed, (25 Feet / 7.5 Meter) Supports 8K@60HZ, 4K@120HZ, 1080p F...","gaming","Generic cable in Gaming"
"Zcs High Speed Hdmi Cable For Xbox 360, 3D Ps3, Blueray, Hdtv, Plasma Tv, Monitor, Personal Computer, Laptop, Television (...","gaming","Generic cable in Gaming"
"AMS 4K*2K HDMI to HDMI Repeater, HDMI Cable Extender, HDMI Female to Female Converter Extender Compatible with Computer, L...","gaming","Generic cable in Gaming"
"HDMI Extender 4k Adapter Over Cat5e/6 (1pair), HDMI Repeater to RJ45 Ethernet Network Converter, 4k HD 1080p UP to 30m/98f...","gaming","Generic cable in Gaming"
"LipiWorld® 1080P Micro HDMI Male to VGA Female Video Converter Adapter Cable for PC TV HDTV( Micro Hdmi to Vga -Black)","gaming","Generic cable in Gaming"
"Aarya High-Speed HDMI Cable 4K, 1080p, 720p for HD-TV, LED/LCD TV, PC/Laptop, Projector, CD/DVD Player, Home Theater, CCTV...","gaming","Generic cable in Gaming"
"Etzin HDMI To VGA Cable Adapter White with 3.5 mm Audio Jack Compatible With Computer, Desktop, Laptop, PC, Monitor, Proje...","gaming","Generic cable in Gaming"
"ELECTRO WOLF HDMI/VGA Multimedia Modular Wall Socket Face Plate Socket Plug Jack Cable or Adapter for Home/Office. (HDMI/VGA)","gaming","Generic cable in Gaming"
"HDMI to VGA Converter with Audio Cable Male to Female for PC Laptop Tablet Support HDTV Adapter (Black)","gaming","Generic cable in Gaming"
"CableCreation Bi-Directional Mini HDMI to HDMI Cable 10FT, 4K×2K HDMI to Mini HDMI Cord with Cable Tie for Camera, HDR-XR5...","gaming","Generic cable in Gaming"
"TERABYTE 1.50 Meter HDMI Male to HDMI Male Cable TV Lead 1.4V High Speed Ethernet 3D Full HD 1080p HDMI Cable (Black For C...","gaming","Generic cable in Gaming"
"Terabyte Mini-HDMI (Not Micro HDMI) to HDMI Cable - (Latest Standard)- Support 4K 60Hz Ultra HD, 3D, High Speed Cable (Bla...","gaming","Generic cable in Gaming"
"C&E High speed HDMI Cable 25 ft. 4K Resolution (7.6m) Supports Ethernet, HD, HDR Video, Bandwidth 18Gbps, Audio Return Cha...","gaming","Generic cable in Gaming"
"FEDUS 1 Meter Certified Premium 8K High-Speed HDMI Cable (8K@60Hz & 4K@120Hz Nylon Braided HDMI Cables Cord 2.1, 48Gbps HD...","gaming","Generic cable in Gaming"
"BlueRigger Ultra Series 8K HDMI to HDMI Cable with 48Gbps Speed, (6.6 Feet / 2 Meters) Supports 8K@60HZ, 4K@120HZ, 1080p F...","gaming","Generic cable in Gaming"
"KLJ HDMI to VGA Adapter Converter, HDMI Female (Input) to VGA Male (Output) Adapter with 3.5mm Jack Stereo Audio-Plug and ...","gaming","Generic cable in Gaming"
"RuhZa HDMI to VGA Adapter Converter with Audio, Supports TV, PC, Laptops, Digital Camera, TV Box and etc","gaming","Generic cable in Gaming"
"C&E 3 feet 30 awg HDMI Cable [0.9 Meters - 2 Pack] 4K HDMI Cable [10.2Gbs with Audio and Ethernet] Gold Plated Connectors ...","gaming","Generic cable in Gaming"
"Tobo HDMI to VGA Adapter, Audio Output Cable Computer Set-top Box Converter Connector Adapter for Monitor, Projector, HDT...","gaming","Generic cable in Gaming"
"BlueRigger Fiber Optical HDMI Cable (4K HDMI Cable, HDMI to HDMI, 4K@60HZ, 1080p FullHD, UHD, Ultra HD, 3D, High Speed wit...","gaming","Generic cable in Gaming"
"Microware Mini 4k 1 Pair RJ45 Ports HDMI Extender HDMI Extension to 30m Over CAT 5e/6 UTP Lan Ethernet Cable for HDTV HDPC","gaming","Generic cable in Gaming"
"C&E CNE67071 (15 Feet/4.5 Meters) High Speed HDMI Cable Male to Male with Ethernet and Audio Return (Black)","gaming","Generic cable in Gaming"
"1Goal® HDMI to VGA Converter Gold-Plated 1080P Female to Female Adapte with 3.5mm Audio Compatible with Projector HDTV Mon...","gaming","Generic cable in Gaming"
"Nsinc - DP to HDMI Cable, Displayport to HDMI Cable Converter Adapter for Lenovo, Dell, HP, Asus etc(1.8 Metre / 6 feet)","gaming","Generic cable in Gaming"
"Sucastle HDMI to VGA, Gold-Plated HDMI to VGA Adapter (Male to Female) for Computer,Desktop, Laptop,Projector,HDTV, Roku, ...","gaming","Generic cable in Gaming"
"MICROWARE HDTV Adapter for iPhone 8Pin Interface to HDMI VGA Jack Audio TV Adapter Cable Converter for iPhone X 8 7 7Plus ...","gaming","Generic cable in Gaming"
"LipiWorld® 8MP (PV) Passive Video Balun BNC DC to RJ45 Network Transceiver Cat5/Cat6 Adapter AHD/TVI/CVI/CVBS for Full HD ...","gaming","Generic cable in Gaming"
"UGREEN HDMI Cable Right Angle 90 Degree Elbow HDMI Cord 4K Ultra HD 3D 1080P Ethernet and Audio Return ARC Compatible for ...","gaming","Generic cable in Gaming"
"C & E 1.5 ft Male to Male -HDMI cable – 0.46 meter 4K HDMI cord (HDMI to HDMI cable @30Hz High Speed with Ethernet (Black,...","gaming","Generic cable in Gaming"
"C&E 15ft(4.5M) High Speed Ultra 4K HDMI Cable with Ethernet Gold (15 Feet/4.5 Meters) Supports 4Kx2K@60HZ, 18 Gbps - 24 AW...","gaming","Generic cable in Gaming"
"Cablecreation Long Usb C To Hdmi Cable 4K 60Hz Hdr 16.5Ft Usb Type C To Hdmi Cord, Compatible With Macbook Pro 2020, Chrom...","gaming","Generic cable in Gaming"
"FEDUS High Speed HDMI Cable Male to Male TV-Out Cable Supports 3D, 1080P and Audio Return, hdmi to hdmi cable for TV, PC, ...","gaming","Generic cable in Gaming"
"Storite 1.5M VGA to HDMI with Power and Audio Compatible with Metal Connector, VGA to HDMI Cable- Unidirectional for Compu...","gaming","Generic cable in Gaming"
"Storite 1.8M HDMI to VGA Converter with Power and Audio Compatible with Metal Connector, HDMI to VGA Cable- Unidirectional...","gaming","Generic cable in Gaming"
"Microware Active HD 1080P HDMI Female to VGA Female Converter Adapter Dongle with 3.5mm Audio for Laptop PC Xbox STB Blu-r...","gaming","Generic cable in Gaming"
"Cablecreation Usb C To Hdmi Usb Type C To Hdmi Cable Compatible With Monitor, Tablet, Personal Computer, Laptop, Televisio...","gaming","Generic cable in Gaming"
"C & E HDMI cable – 4K HDMI cord (HDMI to HDMI cable @30Hz High Speed with Ethernet 12 ft Male to Male /3.66 Meter (Black, ...","gaming","Generic cable in Gaming"
"GLink Gold-Plated Soft PVC High-Speed HDMI Cable (10M. / 30 FT.) | Supports Ethernet 1.4V, 3D, 4K video,1080P (Black) (GL-...","gaming","Generic cable in Gaming"
"PremiumAV HDMI Cable [3 Meter, Black]","gaming","Generic cable in Gaming"
"Microware Mini hdmi to vga Cables Adapter Converter Cable Connector Output Port RCA Female Laptop/TV/Monitor/Setup Box","gaming","Generic cable in Gaming"
"MX HDMI Male to HDMI Male Cord 2.0 V (3 Meter) 19pin High Speed HDMI Cable Supports 4K@60MHz, 2160p, 1080p & 3D and Audio ...","gaming","Generic cable in Gaming"
"C&E High Speed Ultra HDMI Cable CL3 Rated (1.5 Feet / 0.4 Meter) with Ethernet, Supports (4K x 2K @ 60HZ), Video 4K UHD 21...","gaming","Generic cable in Gaming"
"Cuxnoo Tobo VGA to HDMI Adapter for Connecting Traditional VGA Interface Laptop, PC to HDMI Monitor or Projector, 1080P VG...","gaming","Generic cable in Gaming"
"ESPtronics 2 Pcs HDMI Cable 2 Side HDMI Male to HDMI Female Jointer 90 Degree Right Angled L Type Connector for HDTV, Plas...","gaming","Generic cable in Gaming"
"C&E 20 feet 28 awg HDMI Cable Male to Female [6 Meters - 1 Pack] 4K HDMI Cable [10.2Gbs with Audio and Ethernet] Gold Plat...","gaming","Generic cable in Gaming"
"C&E 20 feet 28 awg HDMI Cable [6 Meters - 1 Pack] 4K HDMI Cable [10.2Gbs with Audio and Ethernet] Gold Plated Connectors V...","gaming","Generic cable in Gaming"
"Vihaan 3 Meter 4K High-Speed HDMI Cable | HD-TV, LED/LCD TV, PC/Laptop, Projector |CD/DVD Player, Home Theater, CCTV DVR B...","gaming","Generic cable in Gaming"
"Microware New HDMI Male To VGA Female Converter Box Adapter With Audio Cable For PC HDTV + 3.5mm AV Audio Cable For PC Black","gaming","Generic cable in Gaming"
"UPORT 20 Meter 8K HDMI Cable Fiber Optic HDMI 2.1 Ultra High Speed 48Gbps with eARC Supports 8K@60Hz, 4K@120Hz for Superio...","gaming","Generic cable in Gaming"
"Vihaan 1.5 Meter 4K High-Speed HDMI Cable | HD-TV, LED/LCD TV, PC/Laptop, Projector |CD/DVD Player, Home Theater, CCTV DVR...","gaming","Generic cable in Gaming"
"AMKETTE High-Speed 4K x 2K HDMI Cable for PS4, Xbox One, Blu-Ray, and Audio Return supports upto 10.2 Gbps – 1.5 Meter (Bl...","gaming","Generic cable in Gaming"
"AMS HDMI to VGA Cable, Gold-Plated HDMI Male to VGA Male 1080p Video Converter Cable, For PC/Laptop etc.(Only Converter HD...","gaming","Generic cable in Gaming"
"SE® Pass Through CAT6 Gold Plated RJ45 Connectors (100pcs)","gaming","Generic cable in Gaming"
"Shivgami Creation Women's Can Can Skirts | Hoop Less Underskirt Petticoat | Wedding Lahenga Crinoline | Volume Extension f...","gaming","Generic cable in Gaming"
"Shivgami Creation Women's Cotton Long Camisole for Kurti/Suit Slip/Long Inner/Samij for Women Sameej/Knee Length Inner Wea...","gaming","Generic cable in Gaming"
"Shivganga Fashion Women's Net Embroidered B4U Lehenga Full Sleeve Round Neck Wedding & Festive::Party & Festive::Wedding L...","gaming","Generic cable in Gaming"
"Shivganga Fashion Women's Net Embroidered B4U Lehenga Full Sleeve Round Neck Wedding & Festive::Party & Festive::Wedding L...","gaming","Generic cable in Gaming"
"Shivgami Creation Women's Cotton Long Camisole for Kurti/Suit Slip/Long Inner/Samij for Women Sameej/Knee Length Inner Wea...","gaming","Generic cable in Gaming"
"shivganga fashion Women's Silk Semi-Stitched Lehenga Choli (Silver&blue_Blue_Free Size)","gaming","Generic cable in Gaming"
"shivganga fashion Women's Net Semi stitched Lehenga Choli (Pink_Free Size)","gaming","Generic cable in Gaming"
"Shivgami Creation Women Winter Warm knitted Woolen Shawl/Stole/Women stoles for winter","gaming","Generic cable in Gaming"
"Itel MagicX (6.1cm QVGA Display, 4G Volte Enabled, Ultra Slim, Boomplay, LetsChat)_White","gaming","Generic cable in Gaming"
"Optimuss Durable VGA Wall Socket Module Modular Wallplate with Frame Directly Plug","gaming","Generic cable in Gaming"
"Optimuss PC Laptop Computer 15 Pin VGA to TV S-Video/RCA AV Out Converter Adapter Cable","gaming","Generic cable in Gaming"
"Durable VGA Wall Socket Module Modular Wallplate with Frame Directly Plug","gaming","Generic cable in Gaming"
"RJ45 Network 2 Ports Wall Outlet CAT5e Mounted Plate","gaming","Generic cable in Gaming"
"Shayaan PC Laptop Computer 15 Pin VGA to TV S-Video/RCA AV Out Converter Adapter Cable","gaming","Generic cable in Gaming"
"IVELECT VGA Stereo Audio Wall Plate (Gold Plated, 3.5mm)","gaming","Generic cable in Gaming"
"IVELECT RJ45 CAT5e Data Wall Outlet Socket Single Port Wall Panel Network Home Kit","gaming","Generic cable in Gaming"
"IVELECT PC Laptop Computer 15 Pin VGA to TV S-Video/RCA AV OUT Converter Adapter Cable","gaming","Generic cable in Gaming"
"IVELECT RJ45 Network 2 Ports Wall Outlet CAT5e Mounted Plate","gaming","Generic cable in Gaming"
"IVELECT USB 3.0 VGA Component Composite Wall Face Plate Panel","gaming","Generic cable in Gaming"
"IVELECT Durable VGA Wall Socket Module Modular Wallplate with Frame Directly Plug","gaming","Generic cable in Gaming"
"Cyruss Durable VGA Wall Socket Module Modular Wallplate with Frame Directly Plug","gaming","Generic cable in Gaming"
"Cyruss RJ45 Network 2 Ports Wall Outlet CAT5e Mounted Plate","gaming","Generic cable in Gaming"
"Cyruss PC Laptop Computer 15 Pin VGA to TV S-Video/RCA AV Out Converter Adapter Cable","gaming","Generic cable in Gaming"
"Ecomspace PC Laptop Computer 15 Pin VGA to TV S-Video/RCA AV Out Converter Adapter Cable","gaming","Generic cable in Gaming"
"FLAWISH USB 3.0 VGA Component Composite Wall Face Plate Panel","gaming","Generic cable in Gaming"
"FLAWISH Durable VGA Wall Socket Module Modular Wallplate with Frame Directly Plug","gaming","Generic cable in Gaming"
"FLAWISH RJ45 Network 2 Ports Wall Outlet CAT5e Mounted Plate","gaming","Generic cable in Gaming"
"NYLSA RJ45 CAT5e Data Wall Outlet Socket Single Port Wall Panel Network Home Kit","gaming","Generic cable in Gaming"
"Cyruss RJ45 CAT5e Data Wall Outlet Socket Single Port Wall Panel Network Home Kit","gaming","Generic cable in Gaming"
"FLAWISH VGA Stereo Audio Wall Plate (Gold Plated, 3.5mm)","gaming","Generic cable in Gaming"
"FLAWISH RJ45 CAT5e Data Wall Outlet Socket Single Port Wall Panel Network Home Kit","gaming","Generic cable in Gaming"
"WorldCare® Durable VGA Wall Socket Module Modular Wallplate with Frame Directly Plug","gaming","Generic cable in Gaming"
"Big Shoppe Store PC Laptop Computer 15 Pin VGA to TV S-Video/RCA AV OUT Converter Adapter Cable","gaming","Generic cable in Gaming"
"Magnavox 6 Foot High Speed Braided HDMI Cable with Ethernet Definition Multimedia Interface Cable","gaming","Generic cable in Gaming"
"HARI DARSHAN Wood Devgandh Sambrani Cups (Pack of 4, 12 Cups in Each)","gaming","Generic cable in Gaming"
"tizum HDMI to VGA Adapter/ Connector/ Converter Cable 1080P (Male to Female) for Media Players, Xbox, Projector, Computer,...","gaming","Generic cable in Gaming"
"Amazon Basics High-Speed HDMI Cable - 10 Feet (Latest Standard) - Supports Ethernet, 3D, 4K video,Black","gaming","Generic cable in Gaming"
"Tizum High Speed HDMI Cable with Ethernet | Supports 3D 4K | for All HDMI Devices Laptop Computer Gaming Console TV Set To...","gaming","Generic cable in Gaming"
"Amazon Basics Flexible Premium HDMI Cable (Black, 4K@60Hz, 18Gbps), 3-Foot","gaming","Generic cable in Gaming"
"Amazon Basics High-Speed Braided HDMI Cable - 6 Feet - Supports Ethernet, 3D, 4K and Audio Return - Single Pack (Black)","gaming","Generic cable in Gaming"
"ZEBRONICS Zeb-HAA3020 (3 Meter/9 feet) HDMI Cable Supports 3D, ARC & CEC Extension, Compatible with HDMI-Enabled TV, Blu-r...","gaming","Generic cable in Gaming"
"Amazon Basics High-Speed HDMI Cable, 6 Feet - Supports Ethernet, 3D, 4K video,Black","gaming","Generic cable in Gaming"
"EGate i9 Pro-Max 1080p Native Full HD Projector 4k Support | 4500 L (420 ANSI) | 210"" (533 cm) Large Screen | VGA, AV, HDM...","gaming","Generic cable in Gaming"
"BlueRigger High Speed HDMI Cable with Ethernet - Supports 3D, 4K 60Hz, Audio Return - Latest Version (6.6 Feet / 2 Meters)","gaming","Generic cable in Gaming"
"Amazon Basics 6-Feet DisplayPort (not USB port) to HDMI Cable Black","gaming","Generic cable in Gaming"
"Sounce HDMI Cable 4K High-Speed HDMI Cord 18Gbps with Ethernet Support 4K 60Hz Compatible with UHD TV, Monitor, Computer, ...","gaming","Generic cable in Gaming"
"BlueRigger High Speed HDMI Cable with Ethernet - Supports 3D, 4K 60Hz and Audio Return - Latest Version (3 Feet / 0.9 Meter)","gaming","Generic cable in Gaming"
"Tuarso 8K HDMI 2.1 Cable 48Gbps,1.5 Meter High-Speed Braided HDMI Cable(8K@60HZ,4K@120HZ,2K@240HZ) HDMI 2.1 Cable Compatib...","gaming","Generic cable in Gaming"
"Amazon Basics High-Speed HDMI Cable, 6 Feet (2-Pack),Black","gaming","Generic cable in Gaming"
"AmazonBasics 6 Feet DisplayPort to DisplayPort Cable - (Not HDMI Cable) (Gold)","gaming","Generic cable in Gaming"
"Sounce Type C to RJ45 Ethernet LAN Adapter, Up to 1000 Mbps, for Windows/Mac/Linux (Black)","gaming","Generic cable in Gaming"
"Amazon Basics High-Speed Braided HDMI Cable - 3 Feet - Supports Ethernet, 3D, 4K and Audio Return (Black)","gaming","Generic cable in Gaming"
"Sounce VGA to HDMI 1080P Full HD Mini VGA to HDMI Audio Video Converter Adapter Box with USB Cable and 3.5mm Audio Port Ca...","gaming","Generic cable in Gaming"
"POSH VGA to HDMI, Mini HD 1080P 3.5mm Audio VGA to HDMI HD HDTV Video Converter Box Adapter VGA2HDMI for PC Laptop Dispaly...","gaming","Generic cable in Gaming"
"ZEBRONICS Zeb-HAA1520 (1.5 Meter) HDMI Cable Supports 3D, 4K, ARC & CEC Extension, Compatible with HDMI-Enabled TV, Blu-ra...","gaming","Generic cable in Gaming"
"tizum HDMI to VGA/AV Adapter Cable 1080P for Projector, Computer, Laptop, TV, Projectors & TV","gaming","Generic cable in Gaming"
"Zebronics Zeb-UTE101 USB to RJ45 Ethernet LAN Adapter, Up to 1000 Mbps, for Windows/Mac/Linux (Black)","gaming","Generic cable in Gaming"
"AmazonBasics High-Speed Mini-HDMI (NOT MICRO USB/MICRO HDMI) to HDMI Cable - 3 Feet (Latest Standard)- NOT COMPATIBLE WITH...","gaming","Generic cable in Gaming"
"Ubluker 10k 8k 4k HDMI Cable,Certified 48Gbps 1ms Ultra High Speed HDMI 2.1 Cable 120Hz 144Hz 2k 165Hz 8k 60Hz Dynamic HDR...","gaming","Generic cable in Gaming"
"Amazon Basics High Speed HDMI Cable (Gold-Plated, A Male to A Male) - Supports 4K @60Hz and Audio Return (3 Feet)","gaming","Generic cable in Gaming"
"Amazon Basics High Speed HDMI Cable (Gold-Plated, A Male to A Male) - Supports 4K @60Hz and Audio Return (6 Feet)","gaming","Generic cable in Gaming"
"BlueRigger High Speed HDMI Cable with Ethernet - Supports 3D, 4K 60Hz, Audio Return - Latest Version (10 Feet / 3 Meters)","gaming","Generic cable in Gaming"
"Sounce HDMI Cable 4K High-Speed HDMI Cord 18Gbps with Ethernet Support 4K 60Hz Compatible with UHD TV, Monitor, Computer, ...","gaming","Generic cable in Gaming"
"MICROWARE HDMI to VGA Adapter Converter with 3.5mm Stereo Audio, Active Female HDMI to VGA Male 1080p Video Dongle Adaptor...","gaming","Generic cable in Gaming"
"LS LAPSTER Quality Assured HDMI to VGA Adapter Cable 1080P for Projector, Computer, Laptop, TV, Projectors & TV","gaming","Generic cable in Gaming"
"Microware VGA to HDMI with Audio Adapter for Connecting Traditional VGA Interface Laptop, PC to HDMI Monitor or Projector,...","gaming","Generic cable in Gaming"
"CableCreation USB C to HDMI Cable 4k 6FT HDR, USB Type C to HDMI Cord, Black","gaming","Generic cable in Gaming"
"AmazonBasics High-Speed Braided HDMI Cable - 10 Feet - Supports Ethernet, 3D, 4K and Audio Return (Black)","gaming","Generic cable in Gaming"
"TERABYTE HDMI to VGA 1080P HDMI Male to VGA Female Video Converter Adapter Cable for PC Laptop HDTV Projectors and More De...","gaming","Generic cable in Gaming"
"Terabyte 4k (DP) Display Port Male to HDMI Cable Male Port 1080P 1.8 m HDMI Cable (Compatible with HDTV, Smart-TV, Project...","gaming","Generic cable in Gaming"
"Amazon Basics High Speed HDMI Cable (Gold-Plated, A Male to A Male) - Supports 4K @60Hz and Audio Return (10 Feet)","gaming","Generic cable in Gaming"
"ETZIN Mini AV2VGA to Video Converter, Composite AV to VGA Adapter, TV Set-Top Box Audio Video Converter (White)","gaming","Generic cable in Gaming"
"BlueRigger in-Wall High Speed 18Gbps HDMI Cable - CL3 Rated - Supports 4K 60Hz, Ultra HD, 3D, 1080p, Ethernet and Audio Re...","gaming","Generic cable in Gaming"
"HDMI Extender,HDMI to RJ45 Network Cable Extender Converter Repeater Over cat 5e / 6 1080p up to 30m Extender for HDTV PS4...","gaming","Generic cable in Gaming"
"Cablecreation USB C to HDMI Cable for Home Office 6Feet, USB Type C to HDMI 4K@30Hz, Thunderbolt 3/4 Compatible With Galax...","gaming","Generic cable in Gaming"
"EGate i9 Pro 1080p HD 720p Native 2400 Lumens 210 ANSI Portable Projector, 120"" max Screen (3.04 m) 1280 x 720 | VGA, AV, ...","gaming","Generic cable in Gaming"
"CableCreation USB C to HDMI Cable,Type C to HDMI Cable HDR 4K@60Hz,2K@144Hz,USB Type C to Hdmi Adapter Thunderbolt 3 Compa...","gaming","Generic cable in Gaming"
"Posh HDMI to VGA Gold Plated High-Speed 1080P Active HDTV HDMI to VGA Adapter Converter Male to Female with Audio and Micr...","gaming","Generic cable in Gaming"
"PremiumAV HDMI Male to VGA Female Video Converter Adapter Cable (Black)","gaming","Generic cable in Gaming"
"Belkin F3Y021bt2M High Speed HDMI Cable with Ethernet - 2 Meter (Black)","gaming","Generic cable in Gaming"
"AmazonBasics Premium Flexible HDMI Cable and Mini HDMI Adapter, 6-Feet, Black, NOT Compatible with Mobile Phones and Laptops","gaming","Generic cable in Gaming"
"Amazon Basics High Speed HDMI Cable (Gold-Plated, A Male to A Male) - Supports 4K @60Hz and Audio Return (15 Feet)","gaming","Generic cable in Gaming"
"CableCreation USB C to HDMI Cable, Type C to HDMI Cable HDR 4K@60Hz, 2K@144Hz, USB Type C to HDMI Adapter Thunderbolt 3 Co...","gaming","Generic cable in Gaming"
"Lukzer 1PC HDMI to VGA Adapter with 3.5mm Audio Cable for Projector, Computer, Laptop (Male to Female Convertor) Gold-Plat...","gaming","Generic cable in Gaming"
"HDMI to VGA Cable 6FT, Unidirectional HDMI to VGA 6' Video Adapter (Male to Male) Compatible for Raspberry Pi, Roku,Comput...","gaming","Generic cable in Gaming"
"SIGNAMIO® USB to Ethernet Adapter,Foldable USB 2.0 to Gigabit Ethernet LAN Network Adapter,10/100 Mbps LAN Network Adapter...","gaming","Generic cable in Gaming"
"Techline HDMI to VGA Adapter Cable 1080P for Projector, Computer, Laptop, TV, Projectors & TV.","gaming","Generic cable in Gaming"
"AmazonBasics HL-007343 High-Speed Mini-HDMI (Not Micro USB/Micro HDMI) to HDMI Cable - 10 Feet (Latest Standard) - Not com...","gaming","Generic cable in Gaming"
"TERABYTE 10 Meter HDMI Male to HDMI Male Cable TV Lead 1.4V High Speed Ethernet 3D Full HD 1080p HDMI Cable (Black For Com...","gaming","Generic cable in Gaming"
"Amazon Basics DV-I to VGA Cable for Monitor, Personal Computer, Television - 3-Foot (Black)","gaming","Generic cable in Gaming"
"TERABYTE AV to VGA Converter Box AV RCA to VGA Video with Audio to PC HDTV Converter (White)","gaming","Generic cable in Gaming"
"BlueRigger High Speed Mini HDMI(NOT Micro) to HDMI cable with Ethernet (6 Feet / 1.8 Meters)","gaming","Generic cable in Gaming"
"CableCreation USB C to HDMI Cable 4K 6FT for Home Office, Braided USB Type C to HDMI Cable Thunderbolt 3 Compatible with M...","gaming","Generic cable in Gaming"
"Belkin F3Y021bt5M High Speed HDMI Cable with Ethernet - 5 Meter (Black)","gaming","Generic cable in Gaming"
"BlueRigger High Speed Mini HDMI(NOT Micro) to HDMI cable with Ethernet (10 Feet / 3 Meters)","gaming","Generic cable in Gaming"
"TERABYTE 15 Meter HDMI Male to HDMI Male Cable TV Lead 1.4V High Speed Ethernet 3D Full HD 1080p HDMI Cable (Black For Com...","gaming","Generic cable in Gaming"
"Amazon Basics High-Speed HDMI Cable - 10 Feet (2-Pack) -Latest Standard for Xbox, PlayStation, Television, Personal Comput...","gaming","Generic cable in Gaming"
"TERABYTE 5 Meter HDMI Male to HDMI Male Cable TV Lead 1.4V High Speed Ethernet 3D Full HD 1080p HDMI Cable (Black For Comp...","gaming","Generic cable in Gaming"
"RuhZa HDMI to VGA Cable Converter, 6ft 1.5M 1080P HDMI Male to VGA Male D-SUB 15 Pin M/Connector Adapter Cable Cord, Black","gaming","Generic cable in Gaming"
"UGREEN Micro HDMI to HDMI Cable, Type D Male to Type A Female Adapter, Supports 4K 3D for GoPro Hero 5 Raspberry Pi 4 (Not...","gaming","Generic cable in Gaming"
"BlueRigger in-Wall High Speed 18Gbps HDMI Cable - CL3 Rated - Supports 4K 60Hz, Ultra HD, 3D, 1080p, Ethernet and Audio Re...","gaming","Generic cable in Gaming"
"Terabyte Mini (AV to VGA) AV RCA to VGA Video with Audio AV2VGA UP Scaler 1080P HD Video Converter (White, for TV) 08","gaming","Generic cable in Gaming"
"Live Tech HDMI to VGA with 1PC Audio Cable (Extra 1PC Free), Gold-Plated HDMI to VGA Adapter (Male to Female) for Compute...","gaming","Generic cable in Gaming"
"10k 8k 4k HDMI Cable, Certified 48Gbps 1ms Ultra High Speed HDMI 2.1 Cable 4k 120Hz 144Hz 2k 165Hz 8k 60Hz Dynamic HDR ARC...","gaming","Generic cable in Gaming"
"Amazon Basics High Speed HDMI Cable - Supports Ethernet, Full HD 3D, 4K HDR and ARC (4K@60Hz, 18Gbps) - 3 Feet, White","gaming","Generic cable in Gaming"
"BlueRigger HDMI Cable Extension Male to Female HDMI Extender Cord 4K Compatible for TV Stick, Roku Stick, Chromecast, Nint...","gaming","Generic cable in Gaming"
"Amazon Basics 10.2 Gbps High-Speed 4K HDMI Cable with Braided Cord (10-Foot, Dark Grey)","gaming","Generic cable in Gaming"
"FENTICO Active DVI-D to VGA Adapter, DVI-D 24+1 to VGA Male to Female Adapter Converter","gaming","Generic cable in Gaming"
"BlueRigger High Speed Micro HDMI to HDMI cable (NOT Micro-USB) with Ethernet (6 feet / 1.8 Meters)","gaming","Generic cable in Gaming"
"BlueRigger in-Wall High Speed 10.2Gbps HDMI Cable - CL3 Rated - Supports 4K 30Hz, Ultra HD, 3D, 1080p, Ethernet and Audio ...","gaming","Generic cable in Gaming"
"ZEBRONICS Zeb-Juke BAR 9500WS PRO Dolby 5.1 soundbar with Wireless Satellites, Black & Zeb-HAA3020 HDMI Cable Supports 3D,...","gaming","Generic cable in Gaming"
"Amazon Basics High-Speed HDMI Cable, 3 Feet (Black, 2-Pack) - Supports Ethernet, 3D, 4K video","gaming","Generic cable in Gaming"
"Belkin High Speed HDMI Cable Supports Ethernet, 3D, 4K, 1080p, Audio Return for Television (2 Meters, Black)","gaming","Generic cable in Gaming"
"Sai Traders Hdmi to Vga Cable HDMI Male to VGA Female Video Converter Adapter Cable","gaming","Generic cable in Gaming"
"Priefy HDMI to Vga, Gold-Plated HDMI to VGA Adapter (Male to Female) for Computer, Desktop, Laptop, PC, Monitor, Projecto...","gaming","Generic cable in Gaming"
"ikis - HDMI to VGA Adapter Cable 1080P for Projector, Computer, Laptop, TV, Projectors & TV","gaming","Generic cable in Gaming"
"AmazonBasics 10.2 Gbps High-Speed 4K HDMI Cable with Braided Cord (3-Foot, Dark Grey)","gaming","Generic cable in Gaming"
"UPORT 5 Meter 4K HDMI Cable High Speed, Gold Connectors, 4K @ 60Hz, Ultra HD, 2K, 1080P, & ARC Compatible for Laptop, Moni...","gaming","Generic cable in Gaming"
"AGARO HDMI to HDMI Cable 2 Meters, HDMI 2.0, Premium High Speed, 18Gbps 4K@60Hz Support HDR, 3D, ARC, HDCP 2.2, Cotton Bra...","gaming","Generic cable in Gaming"
"CableCreation USB C to HDMI Cable 3 FT 4K@60Hz, Type C to HDMI Cable, Thunderbolt 3 Cable Compatible with MacBook Pro/iMac...","gaming","Generic cable in Gaming"
"MICROWARE Mini HDMI to VGA RGB Video Converter Box Adapter with AV Audio Cable for PC PS3 for XBOX 360 HDTV 1080P","gaming","Generic cable in Gaming"
"Belkin High Speed HDMI Cable Supports Ethernet, 3D, 4K, 1080p, Audio Return for Television (5 Meters, Black)","gaming","Generic cable in Gaming"
"ETZIN HDMI to VGA 1080P HD Video with Audio Cable Converter Adapter Black EPL-451H","gaming","Generic cable in Gaming"
"XElectron C9 Native 1080p Full HD LED Projector | 4200 Lumen (400 ANSI) with 200 inch Large Screen | AV, HDMI, USB, VGA, A...","gaming","Generic cable in Gaming"
"Amazon Basics 10.2 Gbps High-Speed 4K HDMI Cable with Braided Cord, 1.8 Meter, Dark Grey","gaming","Generic cable in Gaming"
"Tobo VGA to HDMI Adapter/Converter with Audio Old PC to TV/Monitor with HDMI, Male VGA to HDMI Video Adapter for TV, Compu...","gaming","Generic cable in Gaming"
"AmazonBasics DisplayPort (not USB port) to HDMI Cable - 15 Feet, Black","gaming","Generic cable in Gaming"
"Amazon Basics HL-007330 High-Speed Micro-HDMI to HDMI Cable - 3 Feet (Latest Standard), Black - (NOT Compatible with Mobil...","gaming","Generic cable in Gaming"
"UPORT 10 Meter 4K HDMI Cable High Speed, Gold Connectors, 4K @ 60Hz, Ultra HD, 2K, 1080P, & ARC Compatible for Laptop, Mon...","gaming","Generic cable in Gaming"
"CableCreation USB C to Ethernet Adapter, USB 3.0 Type C to RJ45 Cat5 Ethernet Adapter 10/100/1000 Mbps Compatible with Gal...","gaming","Generic cable in Gaming"
"Amazon Basics High-Speed 4K HDMI Cable with Braided Cord, 6 Feet, Light Grey","gaming","Generic cable in Gaming"
"Tobo Mini HD AV2VGA Video Converter Convertor Box AV RCA CVBS to VGA Video Converter Conversor with 3.5mm Audio to PC HDTV...","gaming","Generic cable in Gaming"
"1Goal® HDMI Male to VGA Male D-SUB 15 Pin M/M Adapter Converter Cable Convert Signal from HDMI Laptop,PC,TV Box to VGA Mon...","gaming","Generic cable in Gaming"
"Tizum “Fusion” Gold Plated 4K HDMI to HDMI Cable | HDMI 2.0 | High Speed Data Upto 18Gbps | 3D Compatible | HD Audio & Vid...","gaming","Generic cable in Gaming"
"CableCreation 8K HDMI Cable 10 Feet,CableCreation Ultra HD High Speed HDMI Cable 48Gbps,8K 60Hz,HDCP 2.2,4:4:4 HDR,eARC Co...","gaming","Generic cable in Gaming"
"Cablecreation Active Dp To Hdmi Cable, Displayport Male To Hdmi Male Cable, Fhd Gold-Plated Compatible With Projector, Lap...","gaming","Generic cable in Gaming"
"Priefy HDMI to Vga with 3.5 mm Audio, Gold-Plated HDMI to VGA Adapter (Male to Female) for Computer, Desktop, Laptop, PC, ...","gaming","Generic cable in Gaming"
"BlueRigger Ultra Series (Braided-Nylon) 4K HDMI Cable/HDMI Cord (6 feet / 1.8 Meters, HDMI to HDMI, TOP Series) supports (...","gaming","Generic cable in Gaming"
"AGARO HDMI to HDMI Cable 5 Meters, HDMI 2.0, Premium High Speed, 18Gbps 4K@60Hz Support HDR, 3D, ARC, HDCP 2.2, Cotton Bra...","gaming","Generic cable in Gaming"
"Tizum “Ultra” Gold Plated 4K HDMI to HDMI Cable | HDMI 2.0 | High Speed Data Upto 18Gbps | 3D Compatible | HD Audio & Vide...","gaming","Generic cable in Gaming"
"TIZUM High Speed HDMI Cable Aura -Gold Plated-High Speed Data 10.2Gbps, 3D, 4K, HD 1080P (16 Ft/ 5 M)","gaming","Generic cable in Gaming"
"METRONAUT T6 WiFi LED Projector 1080p Full HD with Built-in YouTube - Supports WiFi, HDMI,VGA,AV in,USB, Miracast - (t6 Pr...","gaming","Generic cable in Gaming"
"USB Type C to HDMI Cable, Oxlaw USB Type-C to HDMI Cable 1080P HD HDTV Mirroring & Charging Cable, Digital AV Video Adapte...","gaming","Generic cable in Gaming"
"Belkin 3D, 4K, 1080p, Gold Plated Audio Return High Speed HDMI Cable Supports Ethernet for Television (3.3 Feet, Black)","gaming","Generic cable in Gaming"
"Tobo Micro HDMI to VGA Adapter, Active Micro HDMI to VGA Video Converter with 3.5mm Stereo Audio, Micro HDMI to VGA Cable...","gaming","Generic cable in Gaming"
"FEDUS 2-in-1 USB 3.0 to Ethernet Adapter, USB C to Ethernet RJ45 Adapter, Gigabit 1000MBPS LAN Network Adapter Supporting ...","gaming","Generic cable in Gaming"
"GANIX 4k (DP) Display Port Male to HDMI Cable Male Port 1080P 1.8 m HDMI Cable (Compatible with HDTV, Smart-TV, Projector,...","gaming","Generic cable in Gaming"
"MICROWARE HDMI cable HDMI 1 to 2 Split Double Signal Adapter Convert Cable for Video TV HDTV - Black","gaming","Generic cable in Gaming"
"BlueRigger in-Wall High Speed 10.2Gbps HDMI Cable - CL3 Rated - Supports 4K 30Hz, Ultra HD, 3D, 1080p, Ethernet and Audio ...","gaming","Generic cable in Gaming"
"GLink Gold-Plated Soft PVC High-Speed HDMI Cable (15M. / 46 FT.) | Supports Ethernet 1.4V, 3D, 4K video,1080P (Black) (GL-...","gaming","Generic cable in Gaming"
"ETZIN 1080P Mini VGA to AV RCA Converter with 3.5mm Audio Ports VGA2AV Connector (VGA-to-AV)-EPL--658VC.","gaming","Generic cable in Gaming"
"CableCreation 8K HDMI Cable 3.2 Feet,Ultra High Speed HDMI to HDMI Cable 48Gbps,8K@60Hz 4K@120Hz,HDCP 2.2,eARC Compatible ...","gaming","Generic cable in Gaming"
"VGA to HDMI Adapter VGA to HDMI Converter VGA Male to HDMI Female with 3.5MM Audio Jack Full HD 1080P for Connecting Monit...","gaming","Generic cable in Gaming"
"HDMI to VGA Converter with Audio Cable Male to Female for PC Laptop Tablet Support HDTV Adapter (White)","gaming","Generic cable in Gaming"
"AmazonBasics 10.2 Gbps High-Speed 4K HDMI Cable with Braided Cord, 15-Foot, Dark Grey","gaming","Generic cable in Gaming"
"BlueRigger Ultra Series 8K HDMI to HDMI Cable with 48Gbps Speed, (3.3 Feet / 1 Meter) Supports 8K@60HZ, 4K@120HZ, 1080p Fu...","gaming","Generic cable in Gaming"
"TIZUM High Speed HDMI Cable Aura -Gold Plated-High Speed Data 10.2Gbps, 3D, 4K, HD 1080P (10 Ft/ 3 M)","gaming","Generic cable in Gaming"
"BlueRigger High Speed Micro HDMI to HDMI cable (NOT Micro-USB) with Ethernet (10 feet / 3 Meters)","gaming","Generic cable in Gaming"
"4K High-Speed HDMI Cable 20 Meters - 60 Feet for HD-TV, LED/LCD TV, PC/Laptop, Projector, CD/DVD Player, Home Theater, CCT...","gaming","Generic cable in Gaming"
"Belkin High Speed HDMI Cable Supports Ethernet, 3D, 4K, 1080p, Audio Return for Television (1 Meter, Black)","gaming","Generic cable in Gaming"
"8K HDMI Cable 6.6 Feet, CableCreation Ultra High Speed HDMI to HDMI Cable 48Gbps, 8K@60Hz 4K@120Hz, HDCP 2.2, eARC Compati...","gaming","Generic cable in Gaming"
"tizum Flat HDMI 1.8 M HDMI Cable - Cable for Television, DVD Player","gaming","Generic cable in Gaming"
"JAMUS High Speed HDMI Cable 10 Meter Supports Full HD 1080p (Black)","gaming","Generic cable in Gaming"
"CableCreation Type C to HDMI Cable, USB C to HDMI 4K@30Hz Cable Adapter for Home Office Laptop, Monitor, TV, Compatible wi...","gaming","Generic cable in Gaming"
"AmazonBasics High-Speed 4K HDMI Cable with Braided Cord, 3 Feet, Black","gaming","Generic cable in Gaming"
"BlueRigger Ultra Series 8K HDMI to HDMI Cable with 48Gbps Speed, (6.6 Feet / 2 Meters) Supports 8K@60HZ, 4K@120HZ, 1080p F...","gaming","Generic cable in Gaming"
"Etzin 60M HDMI Extender, HDMI to RJ45 Network Cable Extender Converter Repeater Compatible With 5e / 6 1080p up to 60m HDT...","gaming","Generic cable in Gaming"
"AmazonBasics High-Speed 4K HDMI Cable with Braided Cord, 6 Feet, Black","gaming","Generic cable in Gaming"
"Orei 4K HDMI Over CAT6/CAT7 Extender by OREI Extender RJ45 4K@30Hz Upto 130 Ft 1080P Upto 230 FT Full HD POC Transmitter &...","gaming","Generic cable in Gaming"
"JINCO HDMI to RJ45 Extender Adapter (Receiver & Transmitter) by Cat-5e/6 Cable, Transmission Distance: 30m (Blue)","gaming","Generic cable in Gaming"
"15 Meter HDMI Male to HDMI Male Cable TV Lead 1.4V High Speed Ethernet 3D Full HD 1080p HDMI Cable (Black for Computer, La...","gaming","Generic cable in Gaming"
"NP TECH 3.0 meter black HDMI cable 8.0 OD male to male, 2k ultra hd 4K super deluxe for computer, full copper high speed, ...","gaming","Generic cable in Gaming"
"BlueRigger High Speed Micro HDMI to HDMI cable (NOT Micro-USB) with Ethernet (3 Feet / 0.9 Meters)","gaming","Generic cable in Gaming"
"CableCreation 8K HDMI Cable 3.3 Feet, 48Gbps 4K 8K/60Hz HDMI Cable eARC HDR HDCP 2.2 2.3 Compatible with PS5, PS4, Xbox Se...","gaming","Generic cable in Gaming"
"STELA High Speed Mini HDMI (NOT Micro) to HDMI Cable - Black","gaming","Generic cable in Gaming"
"Terabyte VGA to HDMI Adapter/Converter with Audio (Old PC to TV/Monitor with HDMI), Male VGA to HDMI Female Video Adapter ...","gaming","Generic cable in Gaming"
"10k 8k 4k HDMI Cable, Certified 48Gbps 1ms Ultra High Speed HDMI 2.1 Cable 4k 120Hz 144Hz 2k 165Hz 8k 60Hz Dynamic HDR ARC...","gaming","Generic cable in Gaming"
"C&E CNE516844 (12 Feet/3.6 Meters) High Speed HDMI Cable Male to Female with Ethernet and Audio Return (Black)","gaming","Generic cable in Gaming"
"GLink PRO SERIES Gold-Plated SOFT-PVC High-Speed HDMI Cable with ARC (20M. / 62 FT.) | Supports Ethernet 1.4V, 3D, 4K vide...","gaming","Generic cable in Gaming"
"Technotech HDMI Cable 20 Meter Male to Male 1.4v Gold Plated HD 1080p for LCD TV, PC and Laptop (Black)","gaming","Generic cable in Gaming"
"BlueRigger HDMI Cable Extension Male to Female HDMI Extender Cord 4K Compatible for TV Stick, Roku Stick, Chromecast, Nint...","gaming","Generic cable in Gaming"
"BlueRigger in-Wall High Speed 18Gbps HDMI Cable - CL3 Rated - Supports 4K 60Hz, Ultra HD, 3D, 1080p, Ethernet and Audio Re...","gaming","Generic cable in Gaming"
"Cable Connector Electroline HDMI to HDMI Cable 1.5 Meters, HDMI 2.0, Premium High Speed, 18Gbps 4K@60Hz Support HDR, 3D, A...","gaming","Generic cable in Gaming"
"CableCreation 8K HDMI Cable 6.6 Feet, 48Gbps 4K 8K/60Hz HDMI 2.1 Cable eARC HDR HDCP 2.2 2.3 Compatible with PS5, PS4, Xbo...","gaming","Generic cable in Gaming"
"RuhZa 4k (DP) Display Port Male to HDMI Cable Male Port 1080P 1.8 m HDMI Cable (Compatible with HDTV, Smart-TV, Projector,...","gaming","Generic cable in Gaming"
"CableCreation USB C to Ethernet Adapter, USB Type C to RJ45 Gigabit Ethernet Adapter 10/100/1000 Mbps, USB to Cat5 Lan Net...","gaming","Generic cable in Gaming"
"BlueRigger High Speed Micro HDMI to HDMI cable (NOT Micro-USB) with Ethernet (15 feet / 4.5 Meters)","gaming","Generic cable in Gaming"
"Lightning to HDMI Digital AV Adapter, 1080P HDMI Cable Compatible with iPhone 12/11/X/8Plus/ iPad/iPod to HDMI","gaming","Generic cable in Gaming"
"WETEK USB 3.0 to Ethernet Adapter Network Wired Cable Gigabit RJ45 LAN Converter -Speed Upto 10/100 Mbps Compatible with L...","gaming","Generic cable in Gaming"
"WeTek hdmi Jointer, hdmi Connector, hdmi Female to Female Adapter, hdmi to hdmi Connector, hdmi Cable connecter, hdmi Adap...","gaming","Generic cable in Gaming"
"Belkin USB-C to Ethernet Adapter + Charge (60W Passthrough Power for Connected Devices, 1000 Mbps Ethernet Speeds) MacBook...","gaming","Generic cable in Gaming"
"BlueRigger HDMI Cable Extension Male to Female HDMI Extender Cord 4K Compatible for TV Stick, Roku Stick, Chromecast, Nint...","gaming","Generic cable in Gaming"
"BlueRigger Ultra Series (Braided-Nylon) 4K HDMI Cable/HDMI Cord (3 feet / 0.9 Meters, HDMI to HDMI, TOP Series) supports (...","gaming","Generic cable in Gaming"
"4K High-Speed HDMI Cable 15 Meters (45 Feet) For HDTV, LED/LCD TV, PC, Laptop, Home Theater, Projector.","gaming","Generic cable in Gaming"
"GenuineXER® Certified 8K HDMI Cable Ultra High Speed HDMI To Cable 3D 8K@60Hz 4K@120Hz 48Gbps Nylon Braided Gold Plated Co...","gaming","Generic cable in Gaming"
"BlueRigger Ultra Series 8K HDMI to HDMI Cable with 48Gbps Speed, (10 Feet / 3 Meters) Supports 8K@60HZ, 4K@120HZ, 1080p Fu...","gaming","Generic cable in Gaming"
"Tobo Portable Male VGA to HDMI Video Adapter/Converter for TV, Computer, Projector with Audio, Power Cable -D-Sub, 15-pin(...","gaming","Generic cable in Gaming"
"Storite 15 Meter 4K HDMI to HDMI Cable | HDMI 2.0 | Ultra High Speed Data Upto 18Gbps | 3D Compatible | 4K 60Hz, HD Audio...","gaming","Generic cable in Gaming"
"CARE CASE® HDMI Male to VGA Female with Audio Cable Converter Adapter HDMI to VGA 1080P Gold-Plated Adapter Compatible wit...","gaming","Generic cable in Gaming"
"2.1 HDMI Cable 1 Meter With 48Gbps High Speed (GenuineXER® GX2.1M1) | 8K HDMI Cable 8K@60Hz 4K@120Hz 2K@144Hz Support With...","gaming","Generic cable in Gaming"
"Technotech HDMI Cable 20 Meter Male to Male 1.4v Gold Plated HD 1080p for LCD TV, PC and Laptop (Black)","gaming","Generic cable in Gaming"
"BlueRigger HDMI Cable Extension Male to Female HDMI Extender Cord 4K Compatible for TV Stick, Roku Stick, Chromecast, Nint...","gaming","Generic cable in Gaming"
"GLink PRO SERIES Gold-Plated SOFT-PVC High-Speed HDMI Cable with ARC (25M. / 79 FT.) | Supports Ethernet 1.4V, 3D, 4K vide...","gaming","Generic cable in Gaming"
"AGARO AG60S Andriod HD Projector with 2000 Lux Full HD 1080P Video Projector, Compatible with Smartphone, HDMI,VGA,AV and ...","gaming","Generic cable in Gaming"
"HP USB-C to RJ45 Adapter A/P, Black, (V8Y76AA)","gaming","Generic cable in Gaming"
"C&E High speed HDMI Cable 1.5 ft. 4K Resolution (0.5m) Supports Ethernet, HD, HDR Video, Bandwidth 18Gbps, Audio Return Ch...","gaming","Generic cable in Gaming"
"Sartyee Hdmi Extender Over Cat5E/6, Ethernet To Hdmi 2 Ports Rj45 Ethernet Network Adapter, Support 1080P Up To 30M/98Ft V...","gaming","Generic cable in Gaming"
"VGA to HDMI Adapter VGA to HDMI Converter VGA Male to HDMI Female with 3.5MM Audio Jack Full HD 1080P for Connecting Monit...","gaming","Generic cable in Gaming"
"SIGNAMIO® X SERIES UHD Cable With Ethernet 4K Ultra High Speed HDMI to HDMI Cable,HDTV 2.0,24K Gold Plated Connector (5 me...","gaming","Generic cable in Gaming"
"HDMI to VGA Adapter, Audio Output Cable Computer Set-top Box Converter Connector Adapter for Laptop, PC, Monitor, Projecto...","gaming","Generic cable in Gaming"
"Vihaan 20 Meter 4K High-Speed HDMI Cable | HD-TV, LED/LCD TV, PC/Laptop, Projector |CD/DVD Player, Home Theater, CCTV DVR ...","gaming","Generic cable in Gaming"
"MICROWARE VGA Male & Audio to HDMI Female Converter Cable VGA + Audio in/HDMI Out","gaming","Generic cable in Gaming"
"Etzin HDMI Male to Dual HDMI Female HDMI Cable (Compatible with TV, Black)-(EPL-441H-01)","gaming","Generic cable in Gaming"
"BlueRigger Ultra Series 8K HDMI to HDMI Cable with 48Gbps Speed, (15 Feet / 4.5 Meter) Supports 8K@60HZ, 4K@120HZ, 1080p F...","gaming","Generic cable in Gaming"
"ikis - Micro HDMI to HDMI Cable, 4K 60Hz, 1.5 Meter 5 feet, Adapter Ethernet Audio Return Compatible for Raspberry Pi 4 RP...","gaming","Generic cable in Gaming"
"Ecomspace USB to HDMI Cable Male Charger Cable Splitter Adapter for HDTV DVD, 8 x 6 x 1 cm (PZIN68014344)","gaming","Generic cable in Gaming"
"rts High-Speed HDMI Cable – 20 Meter (Latest Version Standard) Supports Ethernet,1080p full HD, 3D, 4K 60Hz video, Audio R...","gaming","Generic cable in Gaming"
"CARE CASE® Portable VGA to HDMI Adapter/Converter with Audio (Old PC to TV/Monitor with HDMI), Male VGA to HDMI Video Adap...","gaming","Generic cable in Gaming"
"ELISBURRY® Foldable USB 2.0 to Gigabit Ethernet LAN Network Adapter,10/100 Mbps Rj45 LAN Network Adapter Fast Speed (Whit...","gaming","Generic cable in Gaming"
"UPIX® Male to Male HDMI Cable 9.1 Meters (30 Feet) - Supports All HDMI Devices, High Speed 3D, 4K, Full HD 1080p","gaming","Generic cable in Gaming"
"Oxlaw USB C to HDMI Cable, USB Type-C to HDMI Cable 4k 6ft Thunderbolt 3 Compatible for Apple MacBook Pro 2020/2019/2018, ...","gaming","Generic cable in Gaming"
"AmazonBasics DV-I to VGA Cable - 6-Foot (Black)","gaming","Generic cable in Gaming"
"TERABYTE 20 Meter HDMI Male to HDMI Male Cable TV Lead 1.4V High Speed Ethernet 3D Full HD 1080p HDMI Cable (Black For Com...","gaming","Generic cable in Gaming"
"Honeywell HDMI 1.4 Cable with Ethernet | High Speed HDMI Cable 10.2GBPS | Supports 3D /4Kx2K Ultra High Definition | 3D Ho...","gaming","Generic cable in Gaming"
"IVANKY USB C to HDMI Cable 4K@60Hz, 6ft Thunderbolt 3 Type C to HDMI Adapter Compatible with MacBook Pro, Surface Book, Sa...","gaming","Generic cable in Gaming"
"ETZIN HDMI Male to VGA Female Video Converter Adapter Compatible with Notebook, PC, Laptop, DVD Player, HDTV Projectors, C...","gaming","Generic cable in Gaming"
"Honeywell 3in1 HDMI to VGA, 3.5mm Audio Jack & Micro USB Port, 1080p@60Hz HDMI Resolution & 6.75GB Transfer Speed, VGA Res...","gaming","Generic cable in Gaming"
"BenQ SVGA Business & Education Projector MS560P, DLP, 4000 Lumens High Brightness, 22000:1 High Contrast Ratio, Dual HDMI,...","gaming","Generic cable in Gaming"
"BenQ XGA Business Projector (MX550), DLP, 3600 Lumens High Brightness, 20000:1 High Contrast Ratio, Dual HDMI, VGA, Keysto...","gaming","Generic cable in Gaming"
"CableCreation Mini HDMI to HDMI Cable, 0.5ft Mini-HDMI Male to HDMI Female Adapter, Support 4K 60Hz, 3D, for Camera, Camco...","gaming","Generic cable in Gaming"
"CableCreation 4K Micro HDMI to HDMI Cable Adapter, 4K 60Hz Ethernet 3D Audio Return, Compatible with GoPro Hero 8/7/6/5, R...","gaming","Generic cable in Gaming"
"GLink PRO SERIES Gold-Plated SOFT-PVC High-Speed HDMI Cable with ARC (30M. / 95 FT.) | Supports Ethernet 1.4V, 3D, 4K vide...","gaming","Generic cable in Gaming"
"H-its Kabel : ( 1 Piece HDMI MAle to Male Cable 4K HDMI - Short Length High Speed HDMI Cable - HD 4K x 2K HDMI Cable - HDM...","gaming","Generic cable in Gaming"
"FEDUS USB 3.0 to Ethernet Adapter, USB-A to Ethernet RJ45 Adapter, Gigabit 1000MBPS LAN Network Adapter Supporting Windows...","gaming","Generic cable in Gaming"
"C & E 1.5 ft Ultra HDMI cable – 4K HDMI cord (HDMI to HDMI cable @60Hz High Speed with Ethernet 0.5 m HDMI Cable, Gold,Ult...","gaming","Generic cable in Gaming"
"1Goal HDMI to VGA Adapter Converter with 3.5mm Stereo Audio, Active Female HDMI to VGA Male 1080p Video Dongle Adaptor for...","gaming","Generic cable in Gaming"
"Compogent INDIA, 1.5 MTR, 4K HDMI CABLE, HIGH PERFORMANCE HDMI CABLE FOR PC/TV/SETUP BOX","gaming","Generic cable in Gaming"
"Cablecreation Hdmi To Mini Hdmi Cable, High Speed 4K Hdmi Adapter, Compatible For Monitor, Tablet, Laptop, Television, Pro...","gaming","Generic cable in Gaming"
"Microware 1080P HDMI Male to VGA Analog Female HDTV Video Audio Output Converter Adapter","gaming","Generic cable in Gaming"
"TORAAC 4K High Speed HDMI 2.0 to HDMI Cable 18Gbps, 4K - 60Hz & 1080p - 240Hz, HDCP enabled, eARC Compatible for PS5, PS4,...","gaming","Generic cable in Gaming"
"UPORT 1.5 Meter 4K HDMI Cable High Speed, Gold Connectors, 4K @ 60Hz, Ultra HD, 2K, 1080P, & ARC Compatible for Laptop, Mo...","gaming","Generic cable in Gaming"
"USB Ethernet Adapter, USB 3.0 A to 10/100/1000 Gigabit Wired LAN Network Converter Compatible with Windows, MacBook, macO...","gaming","Generic cable in Gaming"
"JGD PRODUCTS High Speed HDMI Cable with Ethernet | Supports 3D 4K | for All HDMI Devices Laptop Computer Gaming Console TV...","gaming","Generic cable in Gaming"
"Epson EH-TW750 3400 lumens 1920 x 1080 Resolution Home Theatre Projector (HDMI, VGA, Miracast) (White)","gaming","Generic cable in Gaming"
"Rec Trade HDMI Female to VGA Male Converter with 3.5mm Audio, Stereo Audio & Video 1080p Connector for Laptop/ PC/ PS3/ X-...","gaming","Generic cable in Gaming"
"BlueRigger Ultra Series 8K HDMI to HDMI Cable with 48Gbps Speed, (20 Feet / 6 Meter) Supports 8K@60HZ, 4K@120HZ, 1080p Ful...","gaming","Generic cable in Gaming"
"D-Link Multi-Functional LED Network Cable Tester for RJ11, RJ12 and RJ45 without Battery","gaming","Generic cable in Gaming"
"TORAAC 4K nylon braided High Speed HDMI 2.0 to HDMI Cable 18Gbps, 4K 60Hz & 1080p 240Hz, HDCP enabled, eARC Compatible for...","gaming","Generic cable in Gaming"
"LIONS HEAD 43 INC TO 75 INCPREMIUM TV WALL MOUNT BRACKET FULL MOTION WITH HDMI CABLE MANAGEMENT AND DUAL ARTICULATING ARMS...","gaming","Generic cable in Gaming"
"Kinsound 8K HDMI Cable, HDMI Cable 2.1 Ultra High Speed 48Gbps 8K/60Hz HDR eARC HDMI Cable for TV, Roku, Samsung, Sony, L...","gaming","Generic cable in Gaming"
"C&E Latest Technology 4K HD HDMI Cable 30 AWG (12ft) High Speed 3D Full HD 1080p Support (3.6 Meters) Compatible HD TV, Bl...","gaming","Generic cable in Gaming"
"ikis Portable VGA to HDMI Adapter/Converter with Audio (Old PC to TV/Monitor with HDMI), Male VGA to HDMI Video Adapter fo...","gaming","Generic cable in Gaming"
"HP V7W66AA USB-C to RJ45 Adapter","gaming","Generic cable in Gaming"
"INICIO USB-C to HDMI Cable 4K/60Hz Type C HDTV Adapter Thunderbolt 3 Compatible for MacBook Pro/Air iPad Pro XPS Spectre E...","gaming","Generic cable in Gaming"
"CableCreation 8K HDMI Cable 3.2 Feet, HDCP HDMI Cable 8K 60Hz Ultra High Speed 48Gbps eARC HDMI Cable Compatible with PS5 ...","gaming","Generic cable in Gaming"
"C&E High speed HDMI Cable 20 ft. 4K Resolution (6m) Supports Ethernet, HD, HDR Video, Bandwidth 18Gbps, Audio Return Chann...","gaming","Generic cable in Gaming"
"Protokart Mini Displayport to HDMI / VGA / DVI Male to Female 3 in 1 Adapter, Thunderbolt Port compatible, For Apple MacBo...","gaming","Generic cable in Gaming"
"Storite 10 Meter 4K HDMI to HDMI Cable | HDMI 2.0 | Ultra High Speed Data Upto 18Gbps | 3D Compatible | 4K 60Hz, HD Audio...","gaming","Generic cable in Gaming"
"10k 8k 4k HDMI Cable, Certified 48Gbps 1ms Ultra High Speed HDMI 2.1 Cable 4k 120Hz 144Hz 2k 165Hz 8k 60Hz Dynamic HDR ARC...","gaming","Generic cable in Gaming"
"Tobo HDMI Extender Over Single Cat 5E/6 60M Support Full HD 1080P 3D HDCP EDID Ethernet LAN Cable Switch Network RJ45 to H...","gaming","Generic cable in Gaming"
"FEDUS 5 Meter Certified Premium 8K High-Speed HDMI Cable (8K@60Hz & 4K@120Hz Nylon Braided HDMI Cables Cord 2.1, 48Gbps HD...","gaming","Generic cable in Gaming"
"AlexVyan Upgraded New VGA to HDMI 1080P, Full HD Mini Audio Video Converter Adapter Box with USB Power Cable Support with ...","gaming","Generic cable in Gaming"
"LS LAPSTER Quality Assured VGA Male to HDMI Output 1080P HD +Audio TV AV Video Cable Converter Adapter (LST-Mini-VGA(M) TO...","gaming","Generic cable in Gaming"
"BlueRigger Braided High Speed HDMI Cable with Ethernet - Supports 3D, 4K and Audio Return [Latest Version] - 10 Feet","gaming","Generic cable in Gaming"
"Terabyte LC0037 5m 3D HDMI Cable (Black)","gaming","Generic cable in Gaming"
"CableCreation USB C to RJ45 Console Cable 6 Feet USB Serial Adapter TYPEC Ethernet Compatible with Windows Laptop,Macbook,...","gaming","Generic cable in Gaming"
"SOLIX® 8MP BNC Male to RJ45 HD VIDEO BALUN,RG45 PV/PVD/PVA Passive Power Video & Data (Audio) via UTP & RJ45 Twisted Pair ...","gaming","Generic cable in Gaming"
"BlueRigger Ultra Series 8K HDMI to HDMI Cable with 48Gbps Speed, (25 Feet / 7.5 Meter) Supports 8K@60HZ, 4K@120HZ, 1080p F...","gaming","Generic cable in Gaming"
"CableCreation Micro HDMI to HDMI Cable Male to Female with Ethernet Support 4K 60Hz 3D Compatible with Raspberry Pi 4, GoP...","gaming","Generic cable in Gaming"
"CableCreation 8K HDMI Cable 10 Feet, 48Gbps HDMI 8K@60Hz Cable eARC HDR HDCP 2.2 2.3 Compatible with PS5, PS4, Xbox Series...","gaming","Generic cable in Gaming"
"QZ Displayport to HDMI Cable, DP to HDMI Cable, Unidirectional, DisplayPort 1.4, HDMI2.0, 4K 60Hz, Black, 1.8 Meter","gaming","Generic cable in Gaming"
"FEDUS USB 3.0 Type -C to Ethernet Adapter, USB C to Ethernet RJ45 Adapter, Gigabit 1000MBPS LAN Network Adapter Supporting...","gaming","Generic cable in Gaming"
"BlueRigger Ultra Series (Braided-Nylon) 4K HDMI Cable/HDMI Cord (25 feet / 7.5 Meters, HDMI to HDMI, TOP Series) supports...","gaming","Generic cable in Gaming"
"CableCreation 8K HDMI Cable 3.3 Feet,Cablecreation 48Gbps Ultra High Speed 8K/60Hz eARC HDR HDCP 2.2 2.3 HDMI Cable Compat...","gaming","Generic cable in Gaming"
"BlueRigger Ultra Series 8K HDMI to HDMI Cable with 48Gbps Speed, (35 Feet / 10.5 Meter) Supports 8K@60HZ, 4K@120HZ, 1080p ...","gaming","Generic cable in Gaming"
"AmazonBasics DVI-I to VGA Cable - 15-Feet (Black)","gaming","Generic cable in Gaming"
"ZODIAC COMPUTER SYSTEMS 1.5M High Speed HDMI Cable for Xbox 360, 3D Ps3, Blueray, HDTV, Plasma TV, LED and LCD (Black)","gaming","Generic cable in Gaming"
"AVCOM Hdmi Cable (1 Input 2 Output) Y Splitter Cable Adapter for Projector, Computer, Laptop, Pc-Monitor HDTV, Led/LCD Tv,...","gaming","Generic cable in Gaming"
"H-its Kabel : ( 2 Pieces HDMI Male to Male Cable/HDMI - Short Length + High Speed HDMI Cable - HD 4K x 2K HDMI Cable - HDM...","gaming","Generic cable in Gaming"
"JINCO USB to RJ45 Ethernet LAN Adapter (White)","gaming","Generic cable in Gaming"
"Rec Trade BNC to VGA Video Converter, AV to VGA Video Input to PC VGA Out Adapter Converter Switch Box Compatible with PC,...","gaming","Generic cable in Gaming"
"eFix HDMI to VGA Converter Cable Audio Cable D-SUB Male Video Adapter Cable Lead D-SUB 15 Pin M/Connector Adapter Cable Co...","gaming","Generic cable in Gaming"
"Dynastar Sony BDP-S3700 Region Free Blu-ray Player with Multi Region Smart WiFi 110-240 Volts, 6FT HDMI Cable and Dynastar...","gaming","Generic cable in Gaming"
"FoxMicro LCD/LED Plasma Monitor 180 Degree Rotating, Moving Wall Mount Stand 14"" to 26""-(Free 1.5 Meter HDMI Cable & TV Cl...","gaming","Generic cable in Gaming"
"BlueRigger Ultra Series (Braided-Nylon) 4K HDMI Cable/HDMI Cord (15 feet / 4.5 Meters, HDMI to HDMI, TOP Series) supports...","gaming","Generic cable in Gaming"
"Dhruvga Mini 2.4Ghz 600Mbps USB WiFi Adapter 802.11b Compatible with Desktop, Laptop, PC. (DHV-ADP-0174)","gaming","Generic cable in Gaming"
"Amazon Basics High-Speed 4K HDMI Cable with Braided Cord, 6 Feet, Red","gaming","Generic cable in Gaming"
"C&E 4K HDMI Cable 10ft, HDMI Cable Male to Female Support 4K@24Hz, 10.2 Gbps, Support ethernet, Dolby Vision, eARC Compati...","gaming","Generic cable in Gaming"
"COOLCOLD 8-CH UTP 720P/1080P HD Passive Video Balun Transceiver, BNC to Cat5/5E/6 RJ45(T568B) UTP Cable Converter Video Tr...","gaming","Generic cable in Gaming"
"ETZIN Micro HDMI to VGA HD Video Adapter Cable with 3.5mm Audio Jack Compatible with HDTV, Xbox, PS4, Tablet, PC, Projecto...","gaming","Generic cable in Gaming"
"CableCreation 8K HDMI Cable 6.6 Feet, 48Gbps HDMI 8K@60Hz Cable eARC HDR HDCP 2.2 2.3 Compatible with PS5, PS4, Xbox Serie...","gaming","Generic cable in Gaming"
"AGARO HDMI to HDMI Cable 3 Meters, HDMI 2.0, Premium High Speed, 18Gbps 4K@60Hz Support HDR, 3D, ARC, HDCP 2.2, Cotton Bra...","gaming","Generic cable in Gaming"
"AplinK® 10 Module Hydraulic Popup Box (Silver)Free 1 MT HDMI Cable","gaming","Generic cable in Gaming"
"TERABYTE 15 Meter HDMI Male to HDMI Male Cable High Speed 3D Full HD 1080p HDMI Cable (Black For Computer, Laptop)10","gaming","Generic cable in Gaming"
"Tobo HDMI to VGA Converter Gold-Plated 1080P Female to Female Adapte with 3.5mm Audio Compatible with Projector HDTV Monit...","gaming","Generic cable in Gaming"
"Zikvik High Resolution VGA to Video TV AV Composite RCA S-Video Conversion Converter Box Adapter for Computer Laptop PC MA...","gaming","Generic cable in Gaming"
"SIGNAMIO® VGA to HDMI, Mini HD 1080P Audio VGA to HDMI HD HDTV Video Converter Box Adapter VGA2HDMI for PC Laptop Display ...","gaming","Generic cable in Gaming"
"Toraac 8K Ultra High Speed HDMI to HDMI Cable 48Gbps, 8K-60Hz 4K-120Hz, HDCP 2.2, eARC Compatible for PS5, PS4, Xbox Serie...","gaming","Generic cable in Gaming"
"CableCreation Type C to HDMI Cable, USB C to HDMI 4K@30Hz Cable Adapter for Home Office Laptop, Monitor, TV, Compatible wi...","gaming","Generic cable in Gaming"
"World Shopper HDMI Extender,HDMI to RJ45 Network Cable Extender Converter Repeater Over cat 5e / 6 1080p up to 30m Extende...","gaming","Generic cable in Gaming"
"Tobo 8K HDMI 2.1 Cable 2M, Certified 48Gbps Ultra High Speed HDMI Cable 4K 120Hz 8K 60Hz 10K eARC HDCP 2.2&2.3 Dynamic HDR...","gaming","Generic cable in Gaming"
"BlueRigger Braided High Speed HDMI cable with Ethernet - Supports 3D, 4K and Audio Return [Latest Version] (6 Feet / 1.8 M...","gaming","Generic cable in Gaming"
"Kinsound High Speed 4K Hdmi Cable With Ethernet Supports 3D, 4K, 1080P Compatible With Tv, Projector, Nintendo Switch, Ps,...","gaming","Generic cable in Gaming"
"HDMI to VGA, FENTICO Gold-Plated HDMI to VGA Adapter (Male to Female) with Audio Compatible for Computer, Desktop, Laptop,...","gaming","Generic cable in Gaming"
"UNIFREE HDMI to VGA 1080P HDMI Male to VGA Female Video Converter Adapter Cable (HDMI to VGA Convertor)","gaming","Generic cable in Gaming"
"FEDUS Certified 4K Long HDMI Cable 3M, Aluminium Shell Braided Ultra HD 2.0 Support 4K 60Hz (HDR10 8/10bit 18Gbps HDCP2.2 ...","gaming","Generic cable in Gaming"
"HDMI to VGA Converter","gaming","Generic cable in Gaming"
"VGA to HDMI Adapter Converter with Audio, (PC VGA Source Output to TV/Monitor with HDMI Connector), Active Male VGA in Fem...","gaming","Generic cable in Gaming"
"AMS HDMI to VGA with Audio Adapter, HDMI Male to VGA Female Video Cable Converter with 3.5mm Audio Adapter ‎Plug HDMI Conn...","gaming","Generic cable in Gaming"
"TERABYTE 5 Meter HDMI Male to HDMI Male Cable TV Lead 1.4V High Speed Ethernet 3D Full HD 1080p HDMI Cable (Black For Comp...","gaming","Generic cable in Gaming"
"Meshiv USB C Ethernet Adapter, USB Type C to RJ45 Network LAN Adapter Up to 10/100/1000 Mbps, USB Thunderbolt 3 to Cat5 Ad...","gaming","Generic cable in Gaming"
"BlueRigger Ultra Series (Braided/Nylon) HDMI Cable Supports 4K@60HZ, FullHD, Ultra HD, 3D High Speed with Ethernet, ARC, P...","gaming","Generic cable in Gaming"
"Sony DLC-HX10 Premium High Speed HDMI Cable with Ethernet, Black, Compact (FDAEP19.SYH)","gaming","Generic cable in Gaming"
"HiperAds HDMI to VGA Adapter/ Connector/ Converter Cable 1080P (Male to Female) for Media Players, Xbox, Projector, Comput...","gaming","Generic cable in Gaming"
"UGREEN 8K HDMI Cable Ultra HD High Speed 48Gbps HDMI 2.1 8K 60Hz Support Dynamic HDR, Dolby Vision, eARC, Compatible for X...","gaming","Generic cable in Gaming"
"CableCreation Ultra Thin HDMI Cable Male to Male, 3.3ft 4K HDMI High-Speed Slim Low Profile Cable, Support 3D, 4K@60Hz, Au...","gaming","Generic cable in Gaming"
"CableCreation RJ45 Connector, 10Pack Cat6 Keystone Jacks Ethernet Cable Ends Keystone Modular Female Connectors Network Pl...","gaming","Generic cable in Gaming"
"TERABYTE 30 Meter HDMI Male to HDMI Male Cable TV Lead 1.4V High Speed Ethernet 3D Full HD 1080p HDMI Cable (Black For Com...","gaming","Generic cable in Gaming"
"C&E High Speed Ultra HDMI Cable CL3 Rated (40 Feet / 12.1 Meter) with Ethernet, Supports (4K x 2K @ 60HZ), Video 4K UHD 21...","gaming","Generic cable in Gaming"
"CableCreation 8K HDMI Cable 6.6 Feet, High Definition HDMI Cord 48Gbps, 8K 60Hz, HDCP 2.2, 4:4:4 HDR, eARC Compatible with...","gaming","Generic cable in Gaming"
"Cadyce CA-U2E USB to Ethernet Adapter (White)","gaming","Generic cable in Gaming"
"AGARO HDMI to HDMI Cable 10 Meters, HDMI 2.0, Premium High Speed, 18Gbps 4K@60Hz Support HDR, 3D, ARC, HDCP 2.2, Cotton Br...","gaming","Generic cable in Gaming"
"UGREEN Ethernet Adapter for Fire TV Stick (2nd GEN), All-New Fire TV (2017), Chromecast Ultra/2/1/Audio, Google Home Mini,...","gaming","Generic cable in Gaming"
"ieopon Villa Ethernet Adapter USB to RJ45 LAN Wired Adapter Compatible for Nintendo Switch Wii Wii U MacBook Chromebook Wi...","gaming","Generic cable in Gaming"
"BlueRigger Ultra Series 8K HDMI to HDMI Cable with 48Gbps Speed, (3.3 Feet / 1 Meter) Supports 8K@60HZ, 4K@120HZ, 1080p Fu...","gaming","Generic cable in Gaming"
"Terabyte HDMI to RJ45 Network Cable Extender, HDMI Extender by Ethernet LAN Cable TX(Input)/ RX(Output) Adapter HD Convert...","gaming","Generic cable in Gaming"
"IBS T6 WiFi LED Projector 1080p Full HD with Built-in YouTube - Supports WiFi, HDMI,VGA,AV in,USB, Miracast - Mini Portabl...","gaming","Generic cable in Gaming"
"Ganix Multimedia Wall Socket Face Plate for HDMI VGA 3RCA for Home Office","gaming","Generic cable in Gaming"
"GLink Gold-Plated Soft PVC High-Speed HDMI Cable (30M. / 95 FT.) | Supports Ethernet 1.4V, 3D, 4K video,1080P (Black) (GL-...","gaming","Generic cable in Gaming"
"MaK WOrLD® HDMI to HDMI Cable 1080P with Gold Plated Connectors 15 Meter","gaming","Generic cable in Gaming"
"7SEVEN® Hdmi Cable 5 meter Wire Extension Length Suitable for All Application Devices with 2.0 Version High Speed Pro Prem...","gaming","Generic cable in Gaming"
"MX HDMI Male to HDMI Male Cord 2.0 V (5 Meter) 19pin High Speed HDMI Cable Supports 4K@60MHz, 2160p, 1080p & 3D and Audio ...","gaming","Generic cable in Gaming"
"AmazonBasics HL-007331 High-Speed Micro-HDMI (NOT Micro-USB) to HDMI Cable - 3 Feet (2-Pack) (Latest Standard) (Black)","gaming","Generic cable in Gaming"
"BOSS S12 Full HD 3000 Lumens 1920 x 1080 150 inches Display Portable Home Theatre Projector with HDMI/AV/VGA/USB/TV Input...","gaming","Generic cable in Gaming"
"Storite 20 Meter 4K HDMI to HDMI Cable | HDMI 2.0 | Ultra High Speed Data Upto 18Gbps | 3D Compatible | 4K 60Hz, HD Audio...","gaming","Generic cable in Gaming"
"1Goal® HD 1080P HDMI Female to VGA Female Converter Adapter Dongle with 3.5mm Audio for Laptop PC Xbox STB Blu-ray DVD","gaming","Generic cable in Gaming"
"Tobo Mini HD AV to VGA Video Signal Converter AV RCA CVBS to VGA Video HDTV Adapter. (NOT Work VGA to AV)-(TD-657VC-003)","gaming","Generic cable in Gaming"
"MaK WOrLD® HDMI to HDMI Cable 1080P with Gold Plated Connectors 10 Meter","gaming","Generic cable in Gaming"
"Storite 90cm 19pin High Speed HDMI Cable, Male to Male HDMI Cord Supports 4K@30Hz, 2160p, 1080p & 3D and Audio Return for ...","gaming","Generic cable in Gaming"
"CableCreation 8K HDMI Cable 10 Feet, 48Gbps HDMI 8K@60Hz Cable eARC HDR HDCP 2.2 2.3 Compatible with PS5, PS4, Xbox Series...","gaming","Generic cable in Gaming"
"COOLCOLD (Pack-2 4 Channel Passive Video Balun Transceiver, BNC to Cat5/5E/6 RJ45(T568B) UTP Cable Converter for CCTV Surv...","gaming","Generic cable in Gaming"
"CableCreation 8K HDMI Cable 3.3 Feet, 48Gbps HDMI 8K@60Hz Cable eARC HDR HDCP 2.2 2.3 Compatible with PS5, PS4, Xbox Serie...","gaming","Generic cable in Gaming"
"RAYO Flexible High Speed HDMI Cable All HDMI Devices - 1.5 Meter","gaming","Generic cable in Gaming"
"Rec Trade HDMI to VGA Converter with Audio, VGA Male to HDMI Female with 3.5mm Stereo Audio & Video 1080p Connector for La...","gaming","Generic cable in Gaming"
"7SEVEN® hdmi Cable 5 meters Full hd 1080p Support Upto 120Hz and Suitable for tv Projector Laptop Computer pc Android Ampl...","gaming","Generic cable in Gaming"
"Storin Mini (DP) DisplayPort to VGA Female Adapter for Mac (Thunderbolt Compatible) MacBook/MacBook Air/MacBook Pro/iMac/M...","gaming","Generic cable in Gaming"
"Amigo Flexible and Durable HDMI Cable 5ft / 1.5 mtr length - Supports Ethernet, 3D, 4K HDR and ARC (4K@60Hz, 10Gbps)","gaming","Generic cable in Gaming"
"Oxlaw USB C to HDMI Cable, USB Type-C to HDMI Cable 4k 6ft Thunderbolt 3 Compatible for Apple MacBook Pro 2020/2019/2018, ...","gaming","Generic cable in Gaming"
"MICROWARE 4K High Speed HDMI Cable “Ultra”- HDMI 2.0 -Gold Plated-High Speed Data 18Gbps, 3D, 4K, HD 2160p (4K HDMI 2.0-3 ...","gaming","Generic cable in Gaming"
"CABLESETC Micro HDMI to HDMI Cable Type D Male to Type A Female with Ethernet Support 4K 60Hz 3D Compatible with Raspberry...","gaming","Generic cable in Gaming"
"GLink PRO SERIES Gold-Plated SOFT-PVC High-Speed HDMI Cable with ARC (5M. / 16 FT.) | Supports Ethernet 1.4V, 3D, 4K vide...","gaming","Generic cable in Gaming"
"1Goal® 1080P HDMI Male to VGA Female Converter Box Adapter with 3.5mm Audio Port for PC HDTV - Black","gaming","Generic cable in Gaming"
"RuhZa HDMI to VGA Adapter, Seminer HDMI Male to VGA Female Adapter with 3.5mm Audio Jack Cable Compatible with Monitor/Lap...","gaming","Generic cable in Gaming"
"Tobo HDMI to VGA HDMI Adapter, Dual Display 4K HDMI to HDMI VGA Splitter Converter with Charging Cable and 3.5mm Audio Cab...","gaming","Generic cable in Gaming"
"Fashfeed VGA to HDMI, Mini HD 1080P 3.5mm Audio VGA to HDMI HD HDTV Video Converter Box Adapter VGA2HDMI for PC Laptop Dis...","gaming","Generic cable in Gaming"
"Techline HDMI to VGA Converter Cable, White | 1080 p HDMI Male to VGA Female Video Adapter | to Connect Incompatible Displ...","gaming","Generic cable in Gaming"
"C&E CNE515960 (6 Feet/1.8 Meters) High Speed HDMI Cable Male to Female with Ethernet and Audio Return (Black)","gaming","Generic cable in Gaming"
"Meshiv USB C to Gigabit Ethernet , RJ45 to USB C Thunderbolt 3 Type-C Gigabit Ethernet LAN Network Adapter, - Wired Networ...","gaming","Generic cable in Gaming"
"CableCreation 8K HDMI Cable 6.6 Feet, 8K 60Hz eARC HDMI Cable Ultra High Speed 48Gbps HDR HDCP 2.2 & 2.3 Dolby Vision HDMI...","gaming","Generic cable in Gaming"
"Khasala Mini Compact Video VGA to HDMI 1080p Converter Adapter with 3.5mm Audio (Mini VGA to HDMI Converter)","gaming","Generic cable in Gaming"
"iSOUL 4K HDMI Cable, High-Speed HDMI 2.0 Cable, Supports 3D Formats with Audio Return Compatible with Blu-ray PS4 PS5 Xbox...","gaming","Generic cable in Gaming"
"HDMI to VGA with 1PC Audio Cable/Adapter (Male to Female) for Computer-Laptop-HDTV-Xbox[NOT for VGA to HDMI] (White/Black)","gaming","Generic cable in Gaming"
"RAYO Flexible High Speed HDMI Cable All HDMI Devices - 3 Meter","gaming","Generic cable in Gaming"
"MX HDMI Male to HDMI Male Cord 2.0 V (10 Meter) 19pin High Speed HDMI Cable Supports 4K@60MHz, 2160p, 1080p & 3D and Audio...","gaming","Generic cable in Gaming"
"VOOCME HDMI to VGA Converter Cable Audio Cable D-SUB Male Video Adapter Cable Lead D-SUB 15 Pin M/Connector Adapter Cable ...","gaming","Generic cable in Gaming"
"BenQ SVGA 3600 Lumen Business Projector (MS550), DLP, 800x600, High Brightness, 20000:1 High Contrast Ratio, Dual HDMI, VG...","gaming","Generic cable in Gaming"
"Verilux® HDMI to VGA, Portable HDMI to VGA Converter/Adapter with Audio (Old PC to TV/Monitor with HDMI) for Computer, Des...","gaming","Generic cable in Gaming"
"TIZUM “Ultra” Gold Plated 4K HDMI to HDMI Cable | HDMI 2.0 | High Speed Data Upto 18Gbps | 3D Compatible | HD Audio & Vide...","gaming","Generic cable in Gaming"
"HiperAds USB 2.0 to RJ45 Adapter RJ45 LAN Cable Extension Cable USB Extender Over Cat5/Cat5e /Cat6 Cable (Compatible with ...","gaming","Generic cable in Gaming"
"UGREEN 8K HDMI Cable Ultra HD High Speed 48Gbps HDMI 2.1 8K 60Hz Support Dynamic HDR, Dolby Vision, eARC, Compatible for X...","gaming","Generic cable in Gaming"
"CableCreation 8K HDMI Cable 3.3 Feet, 48Gbps HDMI 8K@60Hz Cable eARC HDR HDCP 2.2 2.3 Compatible with PS5, PS4, Xbox Serie...","gaming","Generic cable in Gaming"
"CARE CASE® Display Port to HDMI Cable Compatible Devices Projector, Laptop, TV, Monitor, PC","gaming","Generic cable in Gaming"
"Dhruvga HDMI Male to VGA Male Cable 3M, Unidirectional HDMI to VGA Video Converter Gold Platted Connector, Compatible with...","gaming","Generic cable in Gaming"
"AMS HDMI Splitter Cable 1m, HDMI Cable 1 in 2 Out 4K, HDMI Splitter for Dual Monitors Compatible with Projectors, PS3, DVD...","gaming","Generic cable in Gaming"
"INICIO USB Console Cable 1.8m USB 2.0 To RJ45 Debug Line [ RS232 FTDI Chip ] Compatible with Cisco Huawei Linksys Opengear...","gaming","Generic cable in Gaming"
"LipiWorld® 4K Ultra HD 3D 3 Port HDMI AUTO Switch Splitter 1080P HD TV Adapter Cable 3 in 1 Out(3 Port Hdmi Cable)","gaming","Generic cable in Gaming"
"FEDUS Certified 4K Long HDMI Cable 3.2 FEET/1M, Aluminium Shell Braided Ultra HD 2.0 Support 4K 60Hz (HDR10 8/10bit 18Gbps...","gaming","Generic cable in Gaming"
"ieopon Villa HDMI Extender,HDMI to RJ45 Network Cable Extender Converter Repeater Over cat 5e / 6 1080p up to 30m Extender...","gaming","Generic cable in Gaming"
"FENTICO VGA to HDMI Adapter VGA to HDMI Converter VGA Male to HDMI Female with 3.5MM Audio Jack Full HD 1080P for Connecti...","gaming","Generic cable in Gaming"
"viboton HDMI to VGA, Gold-Plated HDMI to VGA Adapter (Male to Female) Projector, HDTV, Chromebook, Raspberry Pi, Roku, Xbo...","gaming","Generic cable in Gaming"
"HP USB 3.0 to Gigabit RJ45 Eternet Network Adapter for Notebooks and Tablets (2M37433)","gaming","Generic cable in Gaming"
"Shri ram ji Enterprise & Traders ELECTROLINE 3Mtr 4K Ultra HD HDMI to HDMI Cable (Black)","gaming","Generic cable in Gaming"
"Techworld HDMI Extender,HDMI to RJ45 Network Cable Extender Converter Repeater Over cat 5e / 6 1080p up to 30m Extender fo...","gaming","Generic cable in Gaming"
"BlueRigger 4K Mini DisplayPort to HDMI 2.0 Cable, Thunderbolt 2 to HDMI Cable UHD, Mini DP to HDMI, Surface to HDMI, HDMI ...","gaming","Generic cable in Gaming"
"C&E High Speed HDMI Cable Male to Female with Ethernet Black (20 Feet/6.0 Meters)","gaming","Generic cable in Gaming"
"VGA to HDMI Converter","gaming","Generic cable in Gaming"
"ikis hdmi Jointer, hdmi Connector, hdmi Female to Female Adapter, hdmi to hdmi Connector, hdmi Cable connecter, hdmi Adapt...","gaming","Generic cable in Gaming"
"Terabyte Mini (AV to VGA) AV RCA to VGA Video with Audio AV2VGA UP Scaler 1080P HD Video Converter (White, for TV) 02","gaming","Generic cable in Gaming"
"UGREEN 8K HDMI Cable Ultra HD High Speed 48Gbps HDMI 2.1 8K 60Hz Support Dynamic HDR, Dolby Vision, eARC, Compatible for X...","gaming","Generic cable in Gaming"
"DigiReach® HDMI Cable 3 Meter FullHD 1080P - HDMI 1.4 - ARC - HDCP 1.4- Gold Plated Connector - Premium HDMI for TV - Proj...","gaming","Generic cable in Gaming"
"WAVLINK USB C to Ethernet Adapter, RJ45 to Thunderbolt 3 Type C Gigabit Network LAN Converter 10/100/1000Mbps for Mac Wind...","gaming","Generic cable in Gaming"
"C&E High Speed Ultra HDMI Cable CL3 Rated (15 Feet / 4.5 Meter) with Ethernet, Supports (4K x 2K @ 60HZ), Video 4K UHD 216...","gaming","Generic cable in Gaming"
"NEWCARE 4K HDMI Splitter 1 in 3 Out 【with 3.9 FT HDMI Cable】, 1×3 HDMI Splitter Support 4Kx2K, 1080P, 3D, HDR, DTS/Doby-Tr...","gaming","Generic cable in Gaming"
"C&E CNE507897 (25 Feet/7.6 Meters) High Speed HDMI Cable Male to Female with Ethernet and Audio Return (Black)","gaming","Generic cable in Gaming"
"TERABYTE 20 Meter HDMI Male to HDMI Male Cable TV Lead 1.4V High Speed Ethernet 3D Full HD 1080p HDMI Cable (Black for Com...","gaming","Generic cable in Gaming"
"HiperAds HDMI Male to Dual HDMI Female HDMI Cable 1 to 2 Way Splitter Adapter Cable 1080P Converter (Compatible with TV, B...","gaming","Generic cable in Gaming"
"1080P HDMI Male to VGA Female Converter Box Adapter 3.5mm Port for PC HDTV","gaming","Generic cable in Gaming"
"BlueRigger Braided High Speed HDMI cable with Ethernet - Supports 3D, 4K and Audio Return [Latest Version] - 3 Feet HDMI C...","gaming","Generic cable in Gaming"
"Terabyte HDMI Male to VGA Female Video Converter Adapter Cable with Sound Aux Cable (Black) 6","gaming","Generic cable in Gaming"
"C&E 4K HDMI Cable 20ft, HDMI Cable Support 4K@24Hz, 10.2 Gbps, Support ethernet, Dolby Vision, eARC Compatible with Apple ...","gaming","Generic cable in Gaming"
"Terabyte VGA to HDMI HD 1080P Video Converter Adapter with 3.5mm Audio Port Media Streaming Device (White) 02","gaming","Generic cable in Gaming"
"Galaxy Retail 15meter HDMI Cable 4K Ultra HD HDMI Male to Male Cable (15m, Black)","gaming","Generic cable in Gaming"
"Play™ Projector 3D Full HD LED Projector 3000Lumens TV Home Theater LCD Video VGA Beamer with 1 Year Warranty","gaming","Generic cable in Gaming"
"UGREEN USB C to Ethernet Adapter RJ45 to Thunderbolt 3 Type C Gigabit Network LAN 1000Mbps Converter Compatible with MacBo...","gaming","Generic cable in Gaming"
"UGREEN 8K HDMI Cable 6 FT HDMI 2.1 Support 8K 60Hz Ultra HD, Dynamic HDR, High Speed 48Gbps, Dolby Vision, eARC, Compatibl...","gaming","Generic cable in Gaming"
"High Speed HDMI Braided Cable - HDMI 2.1 Cable 1.5m,8K hdmi Cable Snowkids Ultra HD hdmi 48Gbps High Speed 8K@60Hz,4K@120H...","gaming","Generic cable in Gaming"
"CableCreation HDMI Cable 4K@60Hz, HDMI 4K Cable, High-Speed 18Gbps, 4K HDR, 3D, 2160P, 1080P, Ethernet Support, Compatible...","gaming","Generic cable in Gaming"
"BlueRigger Ultra Series (Braided/Nylon) HDMI Cable Supports 4K@60HZ, FullHD, Ultra HD, 3D High Speed with Ethernet, ARC, P...","gaming","Generic cable in Gaming"
"AGARO HDMI to HDMI Cable 5 Meters, HDMI 2.1, Premium High Speed, Supports up to 48Gbps 8K@60Hz Support Dynamic HDR, 3D, eA...","gaming","Generic cable in Gaming"
"C & E 50 FT Ultra 4K HDMI Cable 60Hz HDR, High Speed 18 Gbps 2.0 15.24 m HDMI Cable (Compatible with HDTV, Red)","gaming","Generic cable in Gaming"
"MX HDMI Male to HDMI Male Cord 2.0 V (1.5 Meter) 19pin High Speed HDMI Cable Supports 4K@60MHz, 2160p, 1080p & 3D and Audi...","gaming","Generic cable in Gaming"
"coconut Ultra High Speed HDMI Cable 2.0 version (2 Meter/6.6 feet) Braided - Supports Ethernet Full HD 3D 4K ARC for Lapto...","gaming","Generic cable in Gaming"
"Belkin USB-C to HDMI Adapter + Charge (Supports 4K UHD Video, Pass-Through Power & High Speed HDMI Cable Supports Etherne...","gaming","Generic cable in Gaming"
"UPORT 25 cm VGA to HDMI 4K Converter Cable with Audio 1080p, Active Male VGA-HDMI Male Out Lead Video Converter Cord for C...","gaming","Generic cable in Gaming"
"Ugreen High Speed HDMI Cable with Ethernet 90 Degree Right Angle Supports 3D and Audio Return Compatible for Blu Ray Playe...","gaming","Generic cable in Gaming"
"DigiReach® HDMI Cable 1.5 Meter FullHD 1080P - HDMI 1.4 - ARC - HDCP 1.4 - Gold Plated Connector - Premium HDMI for TV - P...","gaming","Generic cable in Gaming"
"LCD Mini Projector Multimedia Home Theater Video Projector Support 1080P USB SD Card VGA AV Home Cinema TV Laptop Game","gaming","Generic cable in Gaming"
"BlueRigger Ultra Series 8K HDMI to HDMI Cable with 48Gbps Speed, (35 Feet / 10.5 Meter) Supports 8K@60HZ, 4K@120HZ, 1080p ...","gaming","Generic cable in Gaming"
"7SEVEN® Hdmi Cable 3 meter Wire Extension Length Suitable for All Application Devices with 2.0 Version High Speed Pro Prem...","gaming","Generic cable in Gaming"
"BigPlayer HDMI Male to VGA Female Video Converter Adapter Cable (Black)","gaming","Generic cable in Gaming"
"TERABYTE 15 Meter HDMI Male to HDMI Male Cable High Speed 3D Full HD 1080p HDMI Cable (Black For Computer, Laptop)08","gaming","Generic cable in Gaming"
"World Shopper hdmi to vga Adapter Audio Cable (Black)","gaming","Generic cable in Gaming"
"Terabyte HDMI to VGA with Aux Adapter, HDMI Male to VGA Female Full HD 720/1080P Aux Converter (Black) + 1.5 Mtr 15 Pin Ma...","gaming","Generic cable in Gaming"
"C&E 50 FT(15.2M) High Speed Ultra 4K HDMI Cable with Ethernet Blue (50 Feet/15.2 Meters) Supports 4Kx2K@60HZ, 18 Gbps - 24...","gaming","Generic cable in Gaming"
"BlueRigger Ultra Series 8K HDMI to HDMI Cable with 48Gbps Speed, (15 Feet / 4.5 Meter) Supports 8K@60HZ, 4K@120HZ, 1080p F...","gaming","Generic cable in Gaming"
"TIZUM High Speed HDMI Cable Aura- Gold Plated-High Speed Data 10.2Gbps, 3D, 4K, HD 1080P (5 Ft/ 1.5 M)","gaming","Generic cable in Gaming"
"Toraac 4K High Speed HDMI 2.0 to HDMI Cable 18Gbps, 4K - 60Hz & 1080p - 240Hz, HDCP enabled, eARC Compatible for PS5, PS4,...","gaming","Generic cable in Gaming"
"AGARO HDMI to HDMI Cable 2 Meters, HDMI 2.1, Premium High Speed, Supports up to 48Gbps 8K@60Hz Support Dynamic HDR, 3D, eA...","gaming","Generic cable in Gaming"
"HDMI Extender 30m to RJ45 LAN Ethernet Port 4k HDMI Network Transmitter (TX) Receiver (RX) Adapter Dongle Converter Over C...","gaming","Generic cable in Gaming"
"MICROWARE New Universal VGA & Audio to HDMI Converter, Cable Version, VGA + Audio in/HDMI Out","gaming","Generic cable in Gaming"
"Attino Store High Resolution VGA to Video TV AV Composite RCA S-Video Conversion Converter Box Adapter for Computer Laptop...","gaming","Generic cable in Gaming"
"Vihaan 1.5 Meter 4K High-Speed HDMI Cable | HD-TV, LED/LCD TV, PC/Laptop, Projector |CD/DVD Player, Home Theater, CCTV DVR...","gaming","Generic cable in Gaming"
"Electro Wolf Type C to Ethernet Adapter USB C Network Cable Wired Converter RJ45 to Thunderbolt 3 USB 3.1 Gigabit LAN 10 1...","gaming","Generic cable in Gaming"
"C & E 4K HDMI cord HDMI to HDMI cable @60Hz with Ethernet 1.5 ft Ultra /0.5 Meter HDMI Cable, Gold","gaming","Generic cable in Gaming"
"C&E Latest Technology 4K HD HDMI Cable 28 AWG (30ft) High Speed 3D Full HD 1080p Support (9.1 Meters) Compatible HD TV, Bl...","gaming","Generic cable in Gaming"
"DigiReach® HDMI Cable 10 Meter FullHD 1080P - HDMI 1.4 - ARC - HDCP 1.4 - Gold Plated Connector - Premium HDMI for TV - Pr...","gaming","Generic cable in Gaming"
"CableCreation Mini HDMI to HDMI Cable, Support 4K 60Hz Ultra HD, 3D, High Speed, 6 Feet","gaming","Generic cable in Gaming"
"HIKVISION 8 Channel NVR 4K 1U H.265+ 160 Mbps DS-7608NI-K1 with Ramilton HDMI Cable","gaming","Generic cable in Gaming"
"C&E HDMI Cable (3 Feet/0.9 meters) Male to Female Supports 4K@30Hz, High Speed, Hand-Tested, HDMI Ready - HD, 10.2Gbps, Au...","gaming","Generic cable in Gaming"
"NEWCARE HDMI 2.0b Switch 3 in 1 Out 【with High Speed 3.9 FT HDMI Cable】, 3x1 HDMI Selector Switch with Remote,Support UHD ...","gaming","Generic cable in Gaming"
"RuhZa USB C to HDMI Adapter 4 in 1 USB C HUB with 4K HDMI, VGA, Type C & USB 3.0 Converter Charging Cable Port Adapter Com...","gaming","Generic cable in Gaming"
"CP PLUS High Speed HDMI Cable 1.5 Meter Support 4K, 3D, Ethernet & Ideal for Surveillance","gaming","Generic cable in Gaming"
"Technotech Mini Compact Video VGA to HDMI 1080p Converter Adapter with 3.5mm Audio","gaming","Generic cable in Gaming"
"ikis 1.5m - High Speed HDMI Cable Male to Male Cable for LED/LCD TV, PC Monitor, Setup Box - 1.5m HDMI Male to Male Cable ...","gaming","Generic cable in Gaming"
"Cablecreation 8K 48Gbps Ultra High Speed Hdmi Cable 10Ft, 4K120 8K 60 144Hz Earc Hdr Hdcp 2.2 2.3 Compatible With Ps5 Ps4 ...","gaming","Generic cable in Gaming"
"C & E 4K HDMI Cable High Speed 10.2Gbps 20 ft Male to Female Cable,4K, 3D, 2160P, 1080P, Ethernet -ARC (Black, For TV)","gaming","Generic cable in Gaming"
"UGREEN HDMI Cable 4K Braided High Speed HDMI Cord 18Gbps with Ethernet Support 4K 60HZ Compatible for UHD TV, Monitor, Com...","gaming","Generic cable in Gaming"
"Rec Trade HDMI to VGA Cable, Gold-Plated HDMI Male to VGA Male 1080p Video Converter Cable, for PC/Laptop etc.(Only Conver...","gaming","Generic cable in Gaming"
"Dell 50M44 USB-C to Ethernet Adapter (Black)","gaming","Generic cable in Gaming"
"BlueRigger USB-C to Ethernet Adapter, USB Thunderbolt 3/Type-C to RJ45 Gigabit Ethernet LAN Network Adapter Compatible for...","gaming","Generic cable in Gaming"
"AplinK® CCTV Camera DVD DVR BNC TV S-Video to VGA PC Monitor Converter Adapter Box","gaming","Generic cable in Gaming"
"FEDUS 2 Meter Certified Premium 8K High-Speed HDMI Cable (8K@60Hz & 4K@120Hz Nylon Braided HDMI Cables Cord 2.1, 48Gbps HD...","gaming","Generic cable in Gaming"
"CLUSPEX 8 Pin Lightning to Ethernet Adapter, RJ45 Ethernet LAN Network Adapter, Supports 100Mbps Ethernet Network with Cha...","gaming","Generic cable in Gaming"
"JINCO HDMI to VGA 1080P HDMI Male to VGA Female Video Converter Adapter Cable for PC Laptop HDTV Projectors and More Devic...","gaming","Generic cable in Gaming"
"Roku Express (New, 2022) HD Streaming Device with High-Speed HDMI Cable and Simple Remote, Guided Setup, and Fast Wi-Fi","gaming","Generic cable in Gaming"
"8K@60Hz DisplayPort to HDMI Cable 9.9ft, DP 1.4a to HDMI 2.1 Video Cord, Support 8K, 4K@120Hz/144Hz, 2K@240Hz, VRR, HDR, D...","gaming","Generic cable in Gaming"
"INICIO 2 in 1 USB 3.0 to Ethernet + USB C to Ethernet RJ45 Adapter 10/100/1000 Gigabit Ethernet LAN Network Card for MacBo...","gaming","Generic cable in Gaming"
"HiperAds HDMI Male to VGA Male D-SUB 15 Pin M/M Adapter Converter Cable Convert Signal from HDMI Laptop,PC,TV Box to VGA M...","gaming","Generic cable in Gaming"
"TERABYTE 25 Meter HDMI Male to HDMI Male Cable TV Lead 1.4V High Speed Ethernet 3D Full HD 1080p HDMI Cable (Black For Com...","gaming","Generic cable in Gaming"
"ETZIN USB 2.0 to RJ45 Adapter RJ45 LAN Cable Extension Cable USB Extender Over Cat5/Cat5e /Cat6 Cable (Compatible with USB...","gaming","Generic cable in Gaming"
"GLink PRO SERIES Gold-Plated SOFT-PVC High-Speed HDMI Cable with ARC (3M. / 9.50 FT.) | Supports Ethernet 1.4V, 3D, 4K vid...","gaming","Generic cable in Gaming"
"Tizum “Fusion” Gold Plated 4K HDMI to HDMI Cable | HDMI 2.0 | High Speed Data Upto 18Gbps | 3D Compatible | HD Audio & Vid...","gaming","Generic cable in Gaming"
"COOLCOLD 4 Channel Passive Video Balun Transceiver, BNC to Cat5/5E/6 RJ45(T568B) UTP Cable Converter for CCTV Surveillance...","gaming","Generic cable in Gaming"
"CableCreation 8K HDMI Cable 10 Feet, 48Gbps HDMI 8K@60Hz Cable eARC HDR HDCP 2.2 2.3 Compatible with PS5, PS4, Xbox Series...","gaming","Generic cable in Gaming"
"7SEVEN® Hdmi Cable 15 meter Wire Extension Length Suitable for All Application Devices with 2.0 Version High Speed Pro Pre...","gaming","Generic cable in Gaming"
"WeTek AV to VGA Adapter 1080P HD Mini VGA Converter, RCA to VGA HD Video Converter with 3.5mm Audio Jack for PC/Laptops/ST...","gaming","Generic cable in Gaming"
"TIZUM HDMI Cable with High-Speed Ethernet, Supports 3D, 4K Resolution, Compatible for All HDMI Devices (1.5 Meter/ 5 Feet)...","gaming","Generic cable in Gaming"
"7SEVEN® hdmi cable 1.5 meter full hd 1080p support upto 120Hz and suitable for tv projector laptop computer pc android amp...","gaming","Generic cable in Gaming"
"15 Feet (5 Meters) High Speed 4K HDMI Cable For 3D, HDTV, LED/LCD TV, PC, Laptop, Projector, Home Theater, HD-DVD, Gaming ...","gaming","Generic cable in Gaming"
"Kinsound 8K HDMI Cable, HDMI Cable 2.1 Ultra High Speed 48Gbps 8K/60Hz HDR eARC HDMI Cable for TV, Roku, Samsung, Sony, L...","gaming","Generic cable in Gaming"
"CableCreation DisplayPort to HDMI Cable, DP Male to HDMI Male Cable, 4K@30Hz Max 1080P 144Hz FHD Gold-Plated, Compatible w...","gaming","Generic cable in Gaming"
"C&E 40 FT(12.1M) High Speed Ultra 4K HDMI Cable with Ethernet Gold (40 Feet/12.1 Meters) Supports 4Kx2K@60HZ, 18 Gbps - 24...","gaming","Generic cable in Gaming"
"UPIX® Male to Male HDMI Cable 4.5 Meters (15 Feet) - Supports All HDMI Devices, High Speed 3D, 4K, Full HD 1080p","gaming","Generic cable in Gaming"
"Tobo 4k HDMI Extender Over LAN Routers Switchers Ethernet Network 120M RJ45 CAT5 CAT6-Single Source from 1080P Full HD STB...","gaming","Generic cable in Gaming"
"2.1 HDMI Cable 2 Meter With 48Gbps High Speed (GenuineXER® GX2.1M1) | 8K HDMI Cable 8K@60Hz 4K@120Hz 2K@144Hz Support With...","gaming","Generic cable in Gaming"
"7SEVEN® Hdmi Cable 10 meter Wire Extension Length Suitable for All Application Devices with 2.0 Version High Speed Pro Pre...","gaming","Generic cable in Gaming"
"QZ 8K HDMI Cable Ultra High Speed HDMI 2.1 Cable 8K/60Hz 4K/120Hz 48Gbps Black 1.8 Meter","gaming","Generic cable in Gaming"
"C&E CNE619194 (60 Feet/18.2 Meters) High Speed HDMI Cable Male to Male with Ethernet and Audio Return (Black)","gaming","Generic cable in Gaming"
"Dhruvga VGA to HDMI Adapter with Audio (PC VGA Source Output to TV/Monitor with HDMI Connector) ,1080P Male VGA to Female ...","gaming","Generic cable in Gaming"
"COOLCOLD (Pack-2 8-CH UTP 720P/1080P HD Passive Video Balun Transceiver, BNC to Cat5/5E/6 RJ45(T568B) UTP Cable Converter ...","gaming","Generic cable in Gaming"
"InfiDeals Mini HDMI to Standard HDMI Cable 1.5Meter and do HDMI to Mini HDMI - Ultra High Speed 18Gbps Support 4K HDR and ...","gaming","Generic cable in Gaming"
"CableCreation USB C to HDMI Cable Right Angel 4K 6FT, USB Type C to HDMI Cable Adapter, Thunderbolt 3 Compatible with MacB...","gaming","Generic cable in Gaming"
"ikis - High Speed HDMI Cable with Ethernet | Supports 3D 4K | for All HDMI Devices Laptop Computer Gaming Console TV Set T...","gaming","Generic cable in Gaming"
"FEDUS 5 Meter High Speed HDMI Cable Male to Male TV-Out Cable Cord Wire hdmi to hdmi cable for TV, PC, PlayStation, Gaming...","gaming","Generic cable in Gaming"
"Metronaut Android 9.0 YouTube Netflix HD 3D Projector HDMI USB VGA AV, 1280*720P (5000 lm / Wireless / Remote Controller) ...","gaming","Generic cable in Gaming"
"BANDRIDGE High-Speed HDMI Cable with Ethernet, Highly Durable & Flexible PVC Jacket Cable Supports Ethernet, 3D And 4k (2 ...","gaming","Generic cable in Gaming"
"UGREEN USB Ethernet Adapter Aluminum USB 3.0 to Network Gigabit RJ45 LAN 10/100/1000 Mbps Adapter Converter Compatible for...","gaming","Generic cable in Gaming"
"QBM USB 2.0 -LAN-to Adapter - USB 2.0 Ethernet Adapter (Pack of 1)","gaming","Generic cable in Gaming"
"MX HDMI Male to HDMI Male Cord 2.0 V (40 Meter) 19pin High Speed HDMI Cable Supports 4K@30MHz, 2160p, 1080p & 3D and Audio...","gaming","Generic cable in Gaming"
"HDMI Extender, Adaptermvp HDMI to RJ45 Ethernet Network Converter Over by Cat5-e/6 Cable Splitter 1080p up to 30m/98ft Rep...","gaming","Generic cable in Gaming"
"PRV Mini VGA2HDMI UP Scaler 1080P HD Video Converter (White)","gaming","Generic cable in Gaming"
"TERABYTE 15 Meter HDMI Male to HDMI Male Cable TV Lead 1.4V High Speed Ethernet 3D Full HD 1080p HDMI Cable (Black For Com...","gaming","Generic cable in Gaming"
"Dhruvga Mini Wireless USB WiFi Receiver Adapter, 2.4Ghz, 950Mbps Wireless WiFi Adapter Compatible with PC, Desktop and Lap...","gaming","Generic cable in Gaming"
"Generic High-Speed HDMI Cable, 3 Meter - Supports Ethernet, 3D, 4K Video,Black","gaming","Generic cable in Gaming"
"Rec Trade Console Cable, USB Console Cable, USB To RJ45 Console 1.8m Serial Console Cable With FTDI Chip Compatible With R...","gaming","Generic cable in Gaming"
"HKeCart 1080P HDMI Male to VGA Female Video Cord Converter Adapter Cable for HDTV TV PC Laptop Projectors and Other HDMI I...","gaming","Generic cable in Gaming"
"Gadget-Wagon HDMI Cable Gold Plated 4K, Full HD for LED TV, HDTV, PS3, DVD Player, Blue Ray, Projector and Computer (30 m/...","gaming","Generic cable in Gaming"
"Terabyte 20 Mtr. HDMI Male to HDMI Male Cable TV High Speed Ethernet 3D Full HD 1080p HDMI Cable (Blk For Computer, Lapto...","gaming","Generic cable in Gaming"
"RuhZa HDMI Male to VGA Female TV AV Video Converter Adapter White 1080P Without Audio Adapter","gaming","Generic cable in Gaming"
"FEDUS 3 Meter Certified Premium 8K High-Speed HDMI Cable (8K@60Hz & 4K@120Hz Nylon Braided HDMI Cables Cord 2.1, 48Gbps HD...","gaming","Generic cable in Gaming"
"Electroline Black High Speed 1.5 Meter HDMI Cable","gaming","Generic cable in Gaming"
"Kinsound 4K Hdmi Cable 3 Meters, High Speed Hdmi Cable With Ethernet Supports 3D, 4K, 1080P Compatible For Tv, Projector, ...","gaming","Generic cable in Gaming"
"Kinsound 4K Hdmi Cable 3 Meters, High Speed Hdmi Cable With Ethernet Supports 3D, 4K, 1080P Compatible For Tv, Projector, ...","gaming","Generic cable in Gaming"
"Techworld Hdmi to Vga Cable HDMI Male to VGA Female Video Converter Adapter Cable","gaming","Generic cable in Gaming"
"Ranz Hdmi Male To Vga Female Video Converter Adapter Cable For Laptop, Television, Projector, Monitor, Dvd Player- Black","gaming","Generic cable in Gaming"
"C&E 20ft(6M) High Speed HDMI Cable Male to Male with Ethernet Black (20 Feet/6 Meters) Supports 4K@30Hz, 3D, 1080p and Aud...","gaming","Generic cable in Gaming"
"Techline HDMI to VGA Converter Adapter Cable Without Audio (Black)","gaming","Generic cable in Gaming"
"MINAGO 2 Meter 8K Certified HDMI 2.1 Cable, 48Gbps Ultra High Speed 8K HDMI Cable, Support 8K@60Hz,4K@120Hz, Dynamic HDR,3...","gaming","Generic cable in Gaming"
"MICROWARE Mini HD AV to VGA Video Converter AV (RCA) to VGA Video Converter with 3.5mm Audio to PC HDTV Converter (Pack of 1)","gaming","Generic cable in Gaming"
"TIZUM “Ultra” Gold Plated 4K HDMI to HDMI Cable | HDMI 2.0 | High Speed Data Upto 18Gbps | 3D Compatible | HD Audio & Vide...","gaming","Generic cable in Gaming"
"BlueRigger Ultra Series 8K HDMI to HDMI Cable with 48Gbps Speed, (10 Feet / 3 Meters) Supports 8K@60HZ, 4K@120HZ, 1080p Fu...","gaming","Generic cable in Gaming"
"Ugreen Mini DisplayPort Thunderbolt Port to HDMI DVI VGA Male to Female 3-in-1 Adapter 1080P Resolution via HDMI White 2 in 1","gaming","Generic cable in Gaming"
"ETZIN Lighting to HDMI Adapter, Digital AV Adapter 1080P HDMI VGA Connector with Charging Port Compatible with iPhone, iPa...","gaming","Generic cable in Gaming"
"likes of india HDMI Cable 1.5 Meter High Speed Gold Plated HDMI Male to Female Extension Cable 1.5 m HDMI Cable (Compatibl...","gaming","Generic cable in Gaming"
"7SEVEN® Hdmi Cable 1.5 meter Wire Extension Length Suitable for All Application Devices with 2.0 Version High Speed Pro Pr...","gaming","Generic cable in Gaming"
"CableCreation USB C to 2.5G Ethernet Adapter, USB C 3.1 to RJ45 2.5 Gigabit LAN Thunderbolt 3 Compatible with MacBook Pro ...","gaming","Generic cable in Gaming"
"Aarya High-Speed HDMI Cable 4K, 1080p, 720p for HD-TV, LED/LCD TV, PC/Laptop, Projector, CD/DVD Player, Home Theater, CCTV...","gaming","Generic cable in Gaming"
"WeTek AV to VGA Converter Box AV RCA to VGA Video with Audio to PC HDTV Converter (White)","gaming","Generic cable in Gaming"
"C&E CNE58574 (15 Feet/4.5 Meters) High Speed HDMI Cable Male to Male with Ethernet and Audio Return (2 Pack) (Black)","gaming","Generic cable in Gaming"
"AMS HDMI to VGA Cable, Unidirectional HDMI to VGA Video Converter (Male to Male) Gold Platted Connector Compatible for Com...","gaming","Generic cable in Gaming"
"Terabyte HDMI to VGA Converter to connect Projector","gaming","Generic cable in Gaming"
"Vihaan 3 Meter 4K High-Speed HDMI Cable | HD-TV, LED/LCD TV, PC/Laptop, Projector |CD/DVD Player, Home Theater, CCTV DVR B...","gaming","Generic cable in Gaming"
"Honeywell 4-in-1 Type C 3.1 to USB 3.0 with RJ45 Gigabit Ethernet Adapter, 3x3.0 USB Ports Transfer Speed 5Gbps, 1Gbps Ban...","gaming","Generic cable in Gaming"
"C&E High Speed HDMI Cable 25 ft. 4K Resolution (7.6m) Supports Ethernet, HD, HDR Video, Bandwidth 18Gbps, Audio Return Cha...","gaming","Generic cable in Gaming"
"Boss S13 | 1920X1080 FHD 180"" Display, Lumens: 3000, HDMI/AV/VGA/USB/TV in-Built Speaker Power Cable, Manual, Remote Contr...","gaming","Generic cable in Gaming"
"BlueRigger Ultra Series 8K HDMI to HDMI Cable with 48Gbps Speed, (25 Feet / 7.5 Meter) Supports 8K@60HZ, 4K@120HZ, 1080p F...","gaming","Generic cable in Gaming"
"Zcs High Speed Hdmi Cable For Xbox 360, 3D Ps3, Blueray, Hdtv, Plasma Tv, Monitor, Personal Computer, Laptop, Television (...","gaming","Generic cable in Gaming"
"AMS 4K*2K HDMI to HDMI Repeater, HDMI Cable Extender, HDMI Female to Female Converter Extender Compatible with Computer, L...","gaming","Generic cable in Gaming"
"WETEK USB 3.0 to Ethernet Adapter, USB 3.0 to 10/100 Gigabit Ethernet LAN Network Adapter, Compatible for iMac Pro, Air, M...","gaming","Generic cable in Gaming"
"R CCTV 1080P-Mini-VGA-to-AV-RCA-Converter-with-3-5mm-Audio-Convertor- VGA2AV-CVBS (White, Pack of 1)","gaming","Generic cable in Gaming"
"1Goal® VGA to AV RCA Converter PC to TV PAL NTSC Adapter, Mini VGA 2 AV 1080P Converter Media Streaming, VGA to AV (VGA-t...","gaming","Generic cable in Gaming"
"HDMI Extender 4k Adapter Over Cat5e/6 (1pair), HDMI Repeater to RJ45 Ethernet Network Converter, 4k HD 1080p UP to 30m/98f...","gaming","Generic cable in Gaming"
"LipiWorld® 1080P Micro HDMI Male to VGA Female Video Converter Adapter Cable for PC TV HDTV( Micro Hdmi to Vga -Black)","gaming","Generic cable in Gaming"
"Aarya High-Speed HDMI Cable 4K, 1080p, 720p for HD-TV, LED/LCD TV, PC/Laptop, Projector, CD/DVD Player, Home Theater, CCTV...","gaming","Generic cable in Gaming"
"Etzin HDMI To VGA Cable Adapter White with 3.5 mm Audio Jack Compatible With Computer, Desktop, Laptop, PC, Monitor, Proje...","gaming","Generic cable in Gaming"
"ELECTRO WOLF HDMI/VGA Multimedia Modular Wall Socket Face Plate Socket Plug Jack Cable or Adapter for Home/Office. (HDMI/VGA)","gaming","Generic cable in Gaming"
"HDMI to VGA Converter with Audio Cable Male to Female for PC Laptop Tablet Support HDTV Adapter (Black)","gaming","Generic cable in Gaming"
"Cable Connector USB to Ethernet Adapter, Foldable USB 2.0 to Gigabit Ethernet LAN Network Adapter,10/100 Mbps Rj45 LAN Net...","gaming","Generic cable in Gaming"
"CableCreation Bi-Directional Mini HDMI to HDMI Cable 10FT, 4K×2K HDMI to Mini HDMI Cord with Cable Tie for Camera, HDR-XR5...","gaming","Generic cable in Gaming"
"TERABYTE 1.50 Meter HDMI Male to HDMI Male Cable TV Lead 1.4V High Speed Ethernet 3D Full HD 1080p HDMI Cable (Black For C...","gaming","Generic cable in Gaming"
"Terabyte Mini-HDMI (Not Micro HDMI) to HDMI Cable - (Latest Standard)- Support 4K 60Hz Ultra HD, 3D, High Speed Cable (Bla...","gaming","Generic cable in Gaming"
"C&E High speed HDMI Cable 25 ft. 4K Resolution (7.6m) Supports Ethernet, HD, HDR Video, Bandwidth 18Gbps, Audio Return Cha...","gaming","Generic cable in Gaming"
"FEDUS 1 Meter Certified Premium 8K High-Speed HDMI Cable (8K@60Hz & 4K@120Hz Nylon Braided HDMI Cables Cord 2.1, 48Gbps HD...","gaming","Generic cable in Gaming"
"BlueRigger Ultra Series 8K HDMI to HDMI Cable with 48Gbps Speed, (6.6 Feet / 2 Meters) Supports 8K@60HZ, 4K@120HZ, 1080p F...","gaming","Generic cable in Gaming"
"CableCreation USB 3.0 to VGA Cable 6 Feet, USB to VGA Adapter Cord 1080P @ 60Hz, External Video Card, Only Support Windows...","gaming","Generic cable in Gaming"
"KLJ HDMI to VGA Adapter Converter, HDMI Female (Input) to VGA Male (Output) Adapter with 3.5mm Jack Stereo Audio-Plug and ...","gaming","Generic cable in Gaming"
"RuhZa HDMI to VGA Adapter Converter with Audio, Supports TV, PC, Laptops, Digital Camera, TV Box and etc","gaming","Generic cable in Gaming"
"INICIO USB-C to HDMI Cable 6ft , USB 3.1 Type C to HDMI 4K/60Hz Thunderbolt 3 Compatible for MacBook Pro Air iPad Galaxy S...","gaming","Generic cable in Gaming"
"C&E 3 feet 30 awg HDMI Cable [0.9 Meters - 2 Pack] 4K HDMI Cable [10.2Gbs with Audio and Ethernet] Gold Plated Connectors ...","gaming","Generic cable in Gaming"
"Tobo HDMI to VGA Adapter, Audio Output Cable Computer Set-top Box Converter Connector Adapter for Monitor, Projector, HDT...","gaming","Generic cable in Gaming"
"BlueRigger Fiber Optical HDMI Cable (4K HDMI Cable, HDMI to HDMI, 4K@60HZ, 1080p FullHD, UHD, Ultra HD, 3D, High Speed wit...","gaming","Generic cable in Gaming"
"Microware Mini 4k 1 Pair RJ45 Ports HDMI Extender HDMI Extension to 30m Over CAT 5e/6 UTP Lan Ethernet Cable for HDTV HDPC","gaming","Generic cable in Gaming"
"C&E CNE67071 (15 Feet/4.5 Meters) High Speed HDMI Cable Male to Male with Ethernet and Audio Return (Black)","gaming","Generic cable in Gaming"
"1Goal® HDMI to VGA Converter Gold-Plated 1080P Female to Female Adapte with 3.5mm Audio Compatible with Projector HDTV Mon...","gaming","Generic cable in Gaming"
"BigPlayer Mini VGA to HDMI 1080P HD Video Converter (White)","gaming","Generic cable in Gaming"
"Nsinc - DP to HDMI Cable, Displayport to HDMI Cable Converter Adapter for Lenovo, Dell, HP, Asus etc(1.8 Metre / 6 feet)","gaming","Generic cable in Gaming"
"Sucastle HDMI to VGA, Gold-Plated HDMI to VGA Adapter (Male to Female) for Computer,Desktop, Laptop,Projector,HDTV, Roku, ...","gaming","Generic cable in Gaming"
"MICROWARE HDTV Adapter for iPhone 8Pin Interface to HDMI VGA Jack Audio TV Adapter Cable Converter for iPhone X 8 7 7Plus ...","gaming","Generic cable in Gaming"
"UGREEN HDMI Cable Right Angle 90 Degree Elbow HDMI Cord 4K Ultra HD 3D 1080P Ethernet and Audio Return ARC Compatible for ...","gaming","Generic cable in Gaming"
"C & E 1.5 ft Male to Male -HDMI cable – 0.46 meter 4K HDMI cord (HDMI to HDMI cable @30Hz High Speed with Ethernet (Black,...","gaming","Generic cable in Gaming"
"Oxlaw USB C to Ethernet Adapter, Oxlaw RJ45 to USB C Thunderbolt 3/Type-C Gigabit Ethernet LAN Network Adapter, Compatible...","gaming","Generic cable in Gaming"
"C&E 15ft(4.5M) High Speed Ultra 4K HDMI Cable with Ethernet Gold (15 Feet/4.5 Meters) Supports 4Kx2K@60HZ, 18 Gbps - 24 AW...","gaming","Generic cable in Gaming"
"BlueRigger 1.8m Digital Optical Audio Toslink Cable (Black) & 0.9m HDMI Cable with Ethernet (Black)","gaming","Generic cable in Gaming"
"Cablecreation Long Usb C To Hdmi Cable 4K 60Hz Hdr 16.5Ft Usb Type C To Hdmi Cord, Compatible With Macbook Pro 2020, Chrom...","gaming","Generic cable in Gaming"
"Shapure RCA Composite AV S-Video to VGA Converter Box CCTV DVR PC Laptop to TV Projector VGA Input PAL to VGA Output Video...","gaming","Generic cable in Gaming"
"NSinc - Mini Displayport to HDMI/VGA/DVI Male to Female 3 in 1 Adapter, Thunderbolt Port Compatible for Apple Mac Book, Ma...","gaming","Generic cable in Gaming"
"FEDUS High Speed HDMI Cable Male to Male TV-Out Cable Supports 3D, 1080P and Audio Return, hdmi to hdmi cable for TV, PC, ...","gaming","Generic cable in Gaming"
"Storite 1.5M VGA to HDMI with Power and Audio Compatible with Metal Connector, VGA to HDMI Cable- Unidirectional for Compu...","gaming","Generic cable in Gaming"
"Storite 1.8M HDMI to VGA Converter with Power and Audio Compatible with Metal Connector, HDMI to VGA Cable- Unidirectional...","gaming","Generic cable in Gaming"
"Microware Active HD 1080P HDMI Female to VGA Female Converter Adapter Dongle with 3.5mm Audio for Laptop PC Xbox STB Blu-r...","gaming","Generic cable in Gaming"
"MVTECH USB 3.0 to Ethernet Adapter Network Wired Cable Gigabit RJ45 LAN Converter -10/100 Mbps Compatible with Laptop PC D...","gaming","Generic cable in Gaming"
"POSH Male to Male VGA Cable 1.5 Meter, Support PC/Monitor/LCD/LED, Plasma, Projector, TFT. VGA to VGA Converter Adapter Cable","gaming","Generic cable in Gaming"
"Amazon Basics 6-Feet VGA to VGA Cable for Monitor, Personal Computer (Black)","gaming","Generic cable in Gaming"
"HDMI Extender,HDMI to RJ45 Network Cable Extender Converter Repeater Over cat 5e / 6 1080p up to 30m Extender for HDTV PS4...","gaming","Generic cable in Gaming"
"Cablecreation USB C to HDMI Cable for Home Office 6Feet, USB Type C to HDMI 4K@30Hz, Thunderbolt 3/4 Compatible With Galax...","gaming","Generic cable in Gaming"
"Techline HDMI to VGA Adapter Cable 1080P for Projector, Computer, Laptop, TV, Projectors & TV.","gaming","Generic cable in Gaming"
"LS LAPSTER Quality Assured Male to Male VGA Cable 1.5 Meter, Support Monitor/PC/LCD/LED, Plasma, Projector, TFT (LST-VGACB...","gaming","Generic cable in Gaming"
"Amazon Basics 10-Feet VGA to VGA Cable For Monitor, Personal Computer (Black)","gaming","Generic cable in Gaming"
"Lukzer 1PC HDMI to VGA Adapter with 3.5mm Audio Cable for Projector, Computer, Laptop (Male to Female Convertor) Gold-Plat...","gaming","Generic cable in Gaming"
"Amazon Basics DV-I to VGA Cable for Monitor, Personal Computer, Television - 3-Foot (Black)","gaming","Generic cable in Gaming"
"MICROWARE VGA Male & Audio to HDMI Female Converter Cable VGA + Audio in/HDMI Out","gaming","Generic cable in Gaming"
"D-Link 2 RJ45 CAT6E LAN I/O Network Keystone Jack + Gang Box + Dual Port Face Plate (Combo)","gaming","Generic cable in Gaming"
"tizum Flat HDMI 1.8 M HDMI Cable - Cable for Television, DVD Player","gaming","Generic cable in Gaming"
"4K High-Speed HDMI Cable 15 Meters (45 Feet) For HDTV, LED/LCD TV, PC, Laptop, Home Theater, Projector.","gaming","Generic cable in Gaming"
"Rec Trade HDMI Female to VGA Male Converter with 3.5mm Audio, Stereo Audio & Video 1080p Connector for Laptop/ PC/ PS3/ X-...","gaming","Generic cable in Gaming"
"FEDUS Cat6 RJ45 Ends, Cat6 Connector, Cat6 / Cat5e RJ45 Connector, Ethernet Cable Crimp Connectors UTP Network Plug for So...","gaming","Generic cable in Gaming"
"BlueRigger Ultra Series (Braided-Nylon) 4K HDMI Cable/HDMI Cord (3 feet / 0.9 Meters, HDMI to HDMI, TOP Series) supports (...","gaming","Generic cable in Gaming"
"Oldboytech 4K Micro HDMI to HDMI Cable Adapter, Exclusive Aluminum Alloy Shell/Nylon Braid/Gold-Plated (Male to Male) 4K/6...","gaming","Generic cable in Gaming"
"Shivgami Creation Women's Cotton Long Camisole for Kurti/Suit Slip/Long Inner/Samij for Women Sameej/Knee Length Inner Wea...","gaming","Generic cable in Gaming"
"SiYear XLR 5 pin RJ45 Adapter Cable-XLR 5 Pin Male to RJ45 & XLR 5 Pin Female to RJ45 Female DMX Ethernet Adapter Converte...","gaming","Generic cable in Gaming"
"FINICKY-WORLD V380 HD CCTV Wireless IP Security Camera Dual Antenna Live View (Support Micro SD Card + LAN RJ45)","gaming","Generic cable in Gaming"
"LipiWorld® 8MP (PV) Passive Video Balun BNC DC to RJ45 Network Transceiver Cat5/Cat6 Adapter AHD/TVI/CVI/CVBS for Full HD ...","gaming","Generic cable in Gaming"
"CCTV IP Camera Cable RJ45+DC Ethernet and DC Power Port CCTV Network Cable for Security IP Camera Module","gaming","Generic cable in Gaming"
"HIKVISION DS-KIS204T (Villa Analog Kit) - Video Door Phone with USEWELL RJ45","gaming","Generic cable in Gaming"
"JK Vision 4MP CCTV IP Camera Full Set, 5 Bullet, 3 Dome, 8 Channel NVR, 8 Port POE, 2TB Hard Disk, Cat6 Cable, 16 RJ45 Con...","gaming","Generic cable in Gaming"
"LipiWorld® 8MP (PV) Passive Video Balun BNC DC to RJ45 Network Transceiver Cat5/Cat6 Adapter AHD/TVI/CVI/CVBS for Full HD ...","gaming","Generic cable in Gaming"
"Hikvision 4 MP IP Network Dome CCTV Camera DS-2CD1343G0E-I 4MM 4MP + USEWELL RJ45 Connector, White","gaming","Generic cable in Gaming"
"LipiWorld® 8MP (PV) Passive Video Balun BNC DC to RJ45 Network Transceiver Cat5/Cat6 Adapter AHD/TVI/CVI/CVBS for Full HD ...","gaming","Generic cable in Gaming"
"JK Vision 4MP CCTV IP Camera Full Set, 8 Bullet, 8 Channel NVR, 8 Port POE, 2TB Hard Disk, Cat6 Cable 100 Meter, 16 RJ45 C...","gaming","Generic cable in Gaming"
"Eatech Ethernet RJ45 Male Plug to Screw Terminal 8 Pin CCTV Digital DVR Adapter Connector with Mini Screw Driver (Black)","gaming","Generic cable in Gaming"
"SRS - Sprout Robotic Solutions 640x480 CMOS Camera Module OV7670 VGA YUV SNR 46 dB with Lens","gaming","Generic cable in Gaming"
"SOLIX 8MP Passive HD BNC Video Balun Transceiver Transmitter Via Cat6 UTP RJ45 Cable for AHD/TVI/CVI/CVBS Support 720P/960...","gaming","Generic cable in Gaming"
"Protokart 4 Channel Aluminium Alloy Shell Passive HD-CVI/TVI/AHD CCTV Camera Transceiver, BNC RJ45 UTP Video Balun, 720P/1...","gaming","Generic cable in Gaming"
"JK Vision 4MP IP Camera Set, Bullet (8pcs), DHI-NVR1108HS-S3/H 8 Channel NVR Dahua (1PC), RJ45,CAT6 (100 Meter), JK 8 Port...","gaming","Generic cable in Gaming"
"LipiWorld® 8MP (PV) Passive Video Balun BNC DC to RJ45 Network Transceiver Cat5/Cat6 Adapter AHD/TVI/CVI/CVBS for Full HD ...","gaming","Generic cable in Gaming"
"LipiWorld® 8MP (PV) Passive Video Balun BNC DC to RJ45 Network Transceiver Cat5/Cat6 Adapter AHD/TVI/CVI/CVBS for Full HD ...","gaming","Generic cable in Gaming"
"Protokart 8 Channel Aluminium Alloy Shell Passive HD-CVI/TVI/AHD CCTV Camera Transceiver, BNC RJ45 UTP Video Balun, 720P/1...","gaming","Generic cable in Gaming"
"HIKVISION 2MP 6MM IP Bullet Camera (DS-2CD1023G0E-I Lens: 6MM), IP67 + USEWELL RJ45 2Pc","gaming","Generic cable in Gaming"
"Spy VGA 720x480p Mini Secret Pen Camera","gaming","Generic cable in Gaming"
"LipiWorld® 8MP (PV) Passive Video Balun BNC DC to RJ45 Network Transceiver Cat5/Cat6 Adapter AHD/TVI/CVI/CVBS for Full HD ...","gaming","Generic cable in Gaming"
"JK Vision 4MP CCTV IP Camera Full Set, 4 Bullet, 4 Channel NVR, 4 Port POE, 1TB Hard Disk, Cat6 Cable 100 Meter, 8 RJ45 Co...","gaming","Generic cable in Gaming"
"HIKVISION 4 Channal Turbo HD H.265 DVR 1Pcs,Outdoor Camera 5 MP Turbo HD Audio 4Pcs,HDMI Cable 1Pcs,Bnc & Dc connectors,Co...","gaming","Generic cable in Gaming"
"KitsGuru OV7670 640x480 VGA CMOS Camera Image Sensor KG019","gaming","Generic cable in Gaming"
"ElectronicsArtGallery(EAG) Hidden Camera Spy Pen Recorder Dvr Silver VGA 720x480p Kit Best Micro Mini Secret Cam, NO LIGHT...","gaming","Generic cable in Gaming"
"REES52 1Pcs Blue OV7670 300KP VGA Camera Module | Security camera module for home | CCTV security camera","gaming","Generic cable in Gaming"
"ESoku 10.1"" Inch Small CCTV Monitor - HD 1240x600 Portable Display LCD Color Monitors Screen with HDMI AV VGA Port Remote ...","gaming","Generic cable in Gaming"
"VIEWVISION 4G Enable Bullet Camera with Storage Type Micro SD Card (max 128GB)/ RJ45x1 Wired Network/IR Cut Filter with Au...","gaming","Generic cable in Gaming"
"VIEWVISION 4G Enable Bullet Camera with Storage Type Micro SD Card (max 128GB)/ RJ45x1 Wired Network/IR Cut Filter with Au...","gaming","Generic cable in Gaming"
"SOLIX® 8MP (PVA) Passive Video Balun BNC DC to RJ45 Network Transceiver Cat5/Cat6 Adapter AHD/TVI/CVI/CVBS for Full HD CCT...","gaming","Generic cable in Gaming"
"SOLIX® 8MP (PVA) Passive Video Balun BNC DC to RJ45 Network Transceiver Cat5/Cat6 Adapter AHD/TVI/CVI/CVBS for Full HD CCT...","gaming","Generic cable in Gaming"
"SOLIX® 8MP (PVA) Passive Video Balun BNC DC to RJ45 Network Transceiver Cat5/Cat6 Adapter AHD/TVI/CVI/CVBS for Full HD CCT...","gaming","Generic cable in Gaming"
"SOLIX® 8MP (PVA) Passive Video Balun BNC DC to RJ45 Network Transceiver Cat5/Cat6 Adapter AHD/TVI/CVI/CVBS for Full HD CCT...","gaming","Generic cable in Gaming"
"SOLIX® 8MP (PVA) Passive Video Balun BNC DC to RJ45 Network Transceiver Cat5/Cat6 Adapter AHD/TVI/CVI/CVBS for Full HD CCT...","gaming","Generic cable in Gaming"
"CP PLUS 4+1Ch.1080N H.265+ Digital Video Recorder|2.4MP IR Dome Camera - 20Mtr. (Built-in Mic)|1TB Hard Disk|1.5Mtr VGA Ca...","gaming","Generic cable in Gaming"
"CP PLUS 4+1Ch.1080N H.265+ Digital Video Recorder|2.4MP IR Bullet Camera - 20Mtr. (Built-in Mic)|1TB Hard Disk|1.5Mtr VGA ...","gaming","Generic cable in Gaming"
"Electro Wolf 8 Channel Aluminium Alloy Shell Passive HD-CVI/TVI/AHD CCTV Camera Transceiver, BNC RJ45 UTP Video Balun, 720...","gaming","Generic cable in Gaming"
"Eryue HT001-B Outdoor Hunt-ing Trial Camera Video Camera Adopted Sensitive PIR Sensor VGA AA Batter-y O Rated USB Cable IP...","gaming","Generic cable in Gaming"
"SOLIX® POE Multiplexer/Splitter 2-in-1 Network Cabling Connector Three-Way RJ45 Connector for HD IP Camera CCTV Accessories","gaming","Generic cable in Gaming"
"Dhanshe's Farm Devgad Alphonso Mango Export Quality Size A(2 DOZEN) 232-255gram |Shipped Raw|CARBIDE FREE","gaming","Generic cable in Gaming"
"ZEBRONICS Zeb-Juke BAR 9500WS PRO Dolby 5.1 soundbar with Wireless Satellites-Black&Zeb-HAA1520 HDMI Cable Supports 3D, 4...","gaming","Generic cable in Gaming"
"Zebronics Zeb-JUKEBAR 3900, 80W Multimedia soundbar & Remote Control (Black) & Zeb-HAA3020 (3 Meter/9 feet) HDMI Cable Sup...","gaming","Generic cable in Gaming"
"Star Home Portable 11.9 Inch Led TV Screen Analog TV with Wide View Angle with VGA, USB, HDMI, AV in/Out with All Functions","gaming","Generic cable in Gaming"
"Csecurity Generic Remote RJ11 RJ45 USB BNC LAN Network Phone Cable Tester Meter","gaming","Generic cable in Gaming"
"Dhruvga WiFi Digital Microscope,50X-1000X Handheld Digital Zoom Microscope Endoscope Magnifier HD 2MP 8 LED Smartphone, Ta...","gaming","Generic cable in Gaming"
"Storin RJ45 and RJ11 Network Cable Tester","gaming","Generic cable in Gaming"
"Techtest Handheld 3 in 1 Optical Power Meter OPM With Visual Fault Locator 2mW Red Light Laser Pen RJ45 Ethernet Cable Tra...","gaming","Generic cable in Gaming"
"KPH Owon Sds5032E 30Mhz Dso 2-Channel With Lan & Vga Ports","gaming","Generic cable in Gaming"
"Shivgami Creation Women's Can Can Skirts | Hoop Less Underskirt Petticoat | Wedding Lahenga Crinoline | Volume Extension f...","gaming","Generic cable in Gaming"